customer_id,Recency,Frequency,Monetary,R_Score,F_Score,M_Score,RFM_Score,Segment
C10000,5,2,210.58,5,1,2,512,New Customers
C10001,194,5,3246.02,2,3,5,235,At Risk
C10002,401,5,216.85,1,3,2,132,At Risk
C10003,72,3,154.3,4,1,1,411,New Customers
C10004,600,3,716.99,1,1,4,114,Hibernating Customers
C10005,210,3,216.26,2,1,2,212,Hibernating Customers
C10006,201,2,355.74,2,1,2,212,Hibernating Customers
C10007,70,6,734.63,4,4,4,444,Champions
C10008,34,2,276.66,5,1,2,512,New Customers
C10009,283,5,659.55,1,3,4,134,At Risk
C10010,377,3,1578,1,1,5,115,Hibernating Customers
C10011,68,6,1381.07,4,4,5,445,Champions
C10012,211,5,1801.64,2,3,5,235,At Risk
C10013,176,4,681.33,2,2,4,224,Hibernating Customers
C10014,284,2,215.05,1,1,2,112,Hibernating Customers
C10015,190,5,1865.9,2,3,5,235,At Risk
C10016,25,6,796.44,5,4,4,544,Champions
C10017,315,2,68.11,1,1,1,111,Hibernating Customers
C10018,12,12,728.1,5,5,4,554,Champions
C10019,33,1,4.4,5,1,1,511,New Customers
C10020,108,5,627.31,3,3,3,333,Hibernating Customers
C10021,192,3,1079.12,2,1,4,214,Hibernating Customers
C10022,38,4,914.77,4,2,4,424,New Customers
C10023,63,6,376.53,4,4,3,443,Loyal Customers
C10024,8,5,237.69,5,3,2,532,Hibernating Customers
C10025,108,4,720.37,3,2,4,324,Hibernating Customers
C10026,233,3,283.3,2,1,2,212,Hibernating Customers
C10027,9,10,963.57,5,5,4,554,Champions
C10028,131,5,317.22,3,3,2,332,Hibernating Customers
C10029,415,4,170.05,1,2,1,121,Hibernating Customers
C10030,50,3,273.56,4,1,2,412,New Customers
C10031,178,2,137.27,2,1,1,211,Hibernating Customers
C10032,120,3,91.03,3,1,1,311,Hibernating Customers
C10033,425,1,39.02,1,1,1,111,Hibernating Customers
C10034,39,3,177.52,4,1,2,412,New Customers
C10035,209,1,97.72,2,1,1,211,Hibernating Customers
C10036,409,3,54.1,1,1,1,111,Hibernating Customers
C10037,47,4,1035.96,4,2,4,424,New Customers
C10038,152,5,146.09,2,3,1,231,At Risk
C10039,113,1,166.46,3,1,1,311,Hibernating Customers
C10040,61,5,180.98,4,3,2,432,Hibernating Customers
C10041,411,2,330.64,1,1,2,112,Hibernating Customers
C10042,3,5,185.7,5,3,2,532,Hibernating Customers
C10043,26,5,1675.46,5,3,5,535,Hibernating Customers
C10044,264,4,2698.53,2,2,5,225,Hibernating Customers
C10045,280,4,376.72,1,2,3,123,Hibernating Customers
C10046,559,1,54.62,1,1,1,111,Hibernating Customers
C10047,40,3,718.65,4,1,4,414,New Customers
C10048,325,3,64.92,1,1,1,111,Hibernating Customers
C10049,30,2,77.23,5,1,1,511,New Customers
C10050,215,4,563.25,2,2,3,223,Hibernating Customers
C10051,7,6,779.9,5,4,4,544,Champions
C10052,108,3,56.1,3,1,1,311,Hibernating Customers
C10053,25,3,93.2,5,1,1,511,New Customers
C10054,92,4,381.18,3,2,3,323,Hibernating Customers
C10055,287,4,1018.72,1,2,4,124,Hibernating Customers
C10056,288,3,838.35,1,1,4,114,Hibernating Customers
C10057,144,2,94.43,3,1,1,311,Hibernating Customers
C10058,50,7,1290.28,4,5,5,455,Champions
C10059,520,2,802.08,1,1,4,114,Hibernating Customers
C10060,108,8,2044.12,3,5,5,355,Loyal Customers
C10061,55,4,1039.97,4,2,4,424,New Customers
C10062,191,5,302.9,2,3,2,232,At Risk
C10063,116,3,420.26,3,1,3,313,Hibernating Customers
C10064,152,5,413.46,2,3,3,233,At Risk
C10065,17,5,245.35,5,3,2,532,Hibernating Customers
C10066,337,8,2920.11,1,5,5,155,At Risk
C10067,81,4,489.21,4,2,3,423,New Customers
C10068,94,5,923.34,3,3,4,334,Hibernating Customers
C10069,290,4,384.08,1,2,3,123,Hibernating Customers
C10070,108,4,799.35,3,2,4,324,Hibernating Customers
C10071,111,10,902.48,3,5,4,354,Loyal Customers
C10072,40,6,1261.13,4,4,5,445,Champions
C10073,54,5,1091.08,4,3,4,434,Hibernating Customers
C10074,32,5,175.83,5,3,2,532,Hibernating Customers
C10075,353,2,22.85,1,1,1,111,Hibernating Customers
C10076,98,4,256.45,3,2,2,322,Hibernating Customers
C10077,451,3,188.58,1,1,2,112,Hibernating Customers
C10078,48,4,1240.4,4,2,5,425,New Customers
C10079,67,6,988.27,4,4,4,444,Champions
C10080,18,5,339.25,5,3,2,532,Hibernating Customers
C10081,323,6,176.85,1,4,2,142,At Risk
C10082,59,2,94.86,4,1,1,411,New Customers
C10083,43,4,1610.28,4,2,5,425,New Customers
C10084,146,6,303.61,3,4,2,342,Loyal Customers
C10085,58,5,144.97,4,3,1,431,Hibernating Customers
C10086,125,2,23.15,3,1,1,311,Hibernating Customers
C10087,473,2,130.64,1,1,1,111,Hibernating Customers
C10088,67,4,376.75,4,2,3,423,New Customers
C10089,240,7,1392.8,2,5,5,255,At Risk
C10090,195,3,1452.69,2,1,5,215,Hibernating Customers
C10091,217,7,939.5,2,5,4,254,At Risk
C10092,422,4,776.72,1,2,4,124,Hibernating Customers
C10093,537,2,37.33,1,1,1,111,Hibernating Customers
C10094,270,4,1045.52,1,2,4,124,Hibernating Customers
C10095,107,5,106.61,3,3,1,331,Hibernating Customers
C10096,132,1,3.11,3,1,1,311,Hibernating Customers
C10097,49,5,174.4,4,3,2,432,Hibernating Customers
C10098,142,7,1435.16,3,5,5,355,Loyal Customers
C10099,614,2,63.16,1,1,1,111,Hibernating Customers
C10100,433,3,228.57,1,1,2,112,Hibernating Customers
C10101,174,1,2.5,2,1,1,211,Hibernating Customers
C10102,111,7,655.68,3,5,4,354,Loyal Customers
C10103,224,1,17.12,2,1,1,211,Hibernating Customers
C10104,168,6,374.37,2,4,3,243,At Risk
C10105,115,8,486.63,3,5,3,353,Loyal Customers
C10106,37,10,2057.57,4,5,5,455,Champions
C10107,242,4,323.6,2,2,2,222,Hibernating Customers
C10108,231,1,46.71,2,1,1,211,Hibernating Customers
C10109,54,8,523.49,4,5,3,453,Loyal Customers
C10110,12,9,401.56,5,5,3,553,Loyal Customers
C10111,197,6,1099.55,2,4,4,244,At Risk
C10112,68,3,27.43,4,1,1,411,New Customers
C10113,88,3,65.08,3,1,1,311,Hibernating Customers
C10114,124,6,230.03,3,4,2,342,Loyal Customers
C10115,226,6,203.24,2,4,2,242,At Risk
C10116,9,7,817.54,5,5,4,554,Champions
C10117,263,3,94.7,2,1,1,211,Hibernating Customers
C10118,187,2,288.45,2,1,2,212,Hibernating Customers
C10119,108,2,79.71,3,1,1,311,Hibernating Customers
C10120,269,3,119.77,1,1,1,111,Hibernating Customers
C10121,30,2,244.29,5,1,2,512,New Customers
C10122,120,4,493.63,3,2,3,323,Hibernating Customers
C10123,169,4,278.65,2,2,2,222,Hibernating Customers
C10124,162,4,1567.66,2,2,5,225,Hibernating Customers
C10125,26,6,2549.82,5,4,5,545,Champions
C10126,123,2,116.9,3,1,1,311,Hibernating Customers
C10127,524,2,202.11,1,1,2,112,Hibernating Customers
C10128,186,5,568.19,2,3,3,233,At Risk
C10129,366,5,436.82,1,3,3,133,At Risk
C10130,337,4,164.99,1,2,1,121,Hibernating Customers
C10131,272,5,181.97,1,3,2,132,At Risk
C10132,590,3,741.55,1,1,4,114,Hibernating Customers
C10133,19,7,2256.39,5,5,5,555,Champions
C10134,234,3,774.12,2,1,4,214,Hibernating Customers
C10135,5,4,238.95,5,2,2,522,New Customers
C10136,47,5,423.66,4,3,3,433,Hibernating Customers
C10137,28,4,187.68,5,2,2,522,New Customers
C10138,70,7,331.26,4,5,2,452,Loyal Customers
C10139,5,3,148.34,5,1,1,511,New Customers
C10140,3,5,1308.65,5,3,5,535,Hibernating Customers
C10141,121,5,409.84,3,3,3,333,Hibernating Customers
C10142,1,7,379.74,5,5,3,553,Loyal Customers
C10143,41,6,2263.23,4,4,5,445,Champions
C10144,598,1,64.7,1,1,1,111,Hibernating Customers
C10145,41,4,721.97,4,2,4,424,New Customers
C10146,33,5,912.17,5,3,4,534,Hibernating Customers
C10147,67,4,606.77,4,2,3,423,New Customers
C10148,232,8,847.47,2,5,4,254,At Risk
C10149,179,4,1560.38,2,2,5,225,Hibernating Customers
C10150,230,2,612.34,2,1,3,213,Hibernating Customers
C10151,90,6,3336.53,3,4,5,345,Loyal Customers
C10152,295,2,119,1,1,1,111,Hibernating Customers
C10153,22,7,843.53,5,5,4,554,Champions
C10154,99,7,827,3,5,4,354,Loyal Customers
C10155,349,4,930.01,1,2,4,124,Hibernating Customers
C10156,28,3,64.64,5,1,1,511,New Customers
C10157,85,2,16.99,3,1,1,311,Hibernating Customers
C10158,170,4,834.43,2,2,4,224,Hibernating Customers
C10159,7,4,622.61,5,2,3,523,New Customers
C10160,161,5,4703.29,2,3,5,235,At Risk
C10161,115,8,1280.72,3,5,5,355,Loyal Customers
C10162,476,3,1165.23,1,1,5,115,Hibernating Customers
C10163,202,3,425.17,2,1,3,213,Hibernating Customers
C10164,95,4,373.48,3,2,3,323,Hibernating Customers
C10165,298,4,656.23,1,2,4,124,Hibernating Customers
C10166,332,3,371.06,1,1,3,113,Hibernating Customers
C10167,631,1,163.59,1,1,1,111,Hibernating Customers
C10168,525,2,619.41,1,1,3,113,Hibernating Customers
C10169,227,3,549.53,2,1,3,213,Hibernating Customers
C10170,91,4,388.29,3,2,3,323,Hibernating Customers
C10171,365,6,699.62,1,4,4,144,At Risk
C10172,594,2,85.03,1,1,1,111,Hibernating Customers
C10173,132,3,743.66,3,1,4,314,Hibernating Customers
C10174,75,3,703.66,4,1,4,414,New Customers
C10175,135,5,549.03,3,3,3,333,Hibernating Customers
C10176,81,5,791.52,4,3,4,434,Hibernating Customers
C10177,226,2,131.05,2,1,1,211,Hibernating Customers
C10178,109,6,812.02,3,4,4,344,Loyal Customers
C10179,160,3,1223.48,2,1,5,215,Hibernating Customers
C10180,50,2,24.06,4,1,1,411,New Customers
C10181,111,2,368.72,3,1,3,313,Hibernating Customers
C10182,148,3,448.73,3,1,3,313,Hibernating Customers
C10183,12,2,34.68,5,1,1,511,New Customers
C10184,19,9,1160.18,5,5,5,555,Champions
C10185,186,3,417.55,2,1,3,213,Hibernating Customers
C10186,104,8,599.12,3,5,3,353,Loyal Customers
C10187,15,5,486.25,5,3,3,533,Hibernating Customers
C10188,112,2,79.13,3,1,1,311,Hibernating Customers
C10189,18,4,571.95,5,2,3,523,New Customers
C10190,89,7,420.97,3,5,3,353,Loyal Customers
C10191,86,7,941.75,3,5,4,354,Loyal Customers
C10192,311,4,1342.49,1,2,5,125,Hibernating Customers
C10193,60,5,963.7,4,3,4,434,Hibernating Customers
C10194,53,3,129.25,4,1,1,411,New Customers
C10195,4,5,240.96,5,3,2,532,Hibernating Customers
C10196,675,2,326.37,1,1,2,112,Hibernating Customers
C10197,34,5,612.61,5,3,3,533,Hibernating Customers
C10198,455,2,102.59,1,1,1,111,Hibernating Customers
C10199,677,2,903.09,1,1,4,114,Hibernating Customers
C10200,196,4,540.35,2,2,3,223,Hibernating Customers
C10201,115,7,412.41,3,5,3,353,Loyal Customers
C10202,60,2,128.57,4,1,1,411,New Customers
C10203,41,3,655.51,4,1,4,414,New Customers
C10204,318,5,299.51,1,3,2,132,At Risk
C10205,8,3,298.72,5,1,2,512,New Customers
C10206,507,3,182.04,1,1,2,112,Hibernating Customers
C10207,91,7,400.65,3,5,3,353,Loyal Customers
C10208,196,5,510.52,2,3,3,233,At Risk
C10209,32,9,891.71,5,5,4,554,Champions
C10210,23,1,10.29,5,1,1,511,New Customers
C10211,335,2,128.5,1,1,1,111,Hibernating Customers
C10212,276,2,34.27,1,1,1,111,Hibernating Customers
C10213,43,4,119.68,4,2,1,421,New Customers
C10214,124,3,171.63,3,1,1,311,Hibernating Customers
C10215,108,3,71.57,3,1,1,311,Hibernating Customers
C10216,371,3,1073.6,1,1,4,114,Hibernating Customers
C10218,219,2,147.22,2,1,1,211,Hibernating Customers
C10219,2,8,721.87,5,5,4,554,Champions
C10220,117,5,319.35,3,3,2,332,Hibernating Customers
C10222,74,5,966.11,4,3,4,434,Hibernating Customers
C10223,31,4,974.44,5,2,4,524,New Customers
C10224,213,5,210.71,2,3,2,232,At Risk
C10225,225,7,727.53,2,5,4,254,At Risk
C10226,35,7,356.23,5,5,2,552,Loyal Customers
C10227,36,5,499.53,5,3,3,533,Hibernating Customers
C10228,167,4,66.94,2,2,1,221,Hibernating Customers
C10229,90,3,219.15,3,1,2,312,Hibernating Customers
C10230,188,1,4.75,2,1,1,211,Hibernating Customers
C10231,25,2,220.47,5,1,2,512,New Customers
C10232,71,6,1192.2,4,4,5,445,Champions
C10233,58,5,548.91,4,3,3,433,Hibernating Customers
C10234,197,5,418.95,2,3,3,233,At Risk
C10235,288,4,112.96,1,2,1,121,Hibernating Customers
C10236,45,6,933.89,4,4,4,444,Champions
C10237,230,4,65.51,2,2,1,221,Hibernating Customers
C10238,110,7,1725.1,3,5,5,355,Loyal Customers
C10239,33,6,694.92,5,4,4,544,Champions
C10240,195,6,645.24,2,4,3,243,At Risk
C10241,23,7,279.23,5,5,2,552,Loyal Customers
C10242,343,5,920.49,1,3,4,134,At Risk
C10243,109,3,260.7,3,1,2,312,Hibernating Customers
C10244,5,9,1339.82,5,5,5,555,Champions
C10245,3,6,223.85,5,4,2,542,Loyal Customers
C10246,20,5,78.91,5,3,1,531,Hibernating Customers
C10248,141,4,810.83,3,2,4,324,Hibernating Customers
C10249,16,6,275.42,5,4,2,542,Loyal Customers
C10250,129,4,200.06,3,2,2,322,Hibernating Customers
C10251,33,2,737.45,5,1,4,514,New Customers
C10252,101,6,294.93,3,4,2,342,Loyal Customers
C10253,126,7,803.85,3,5,4,354,Loyal Customers
C10254,167,4,787.84,2,2,4,224,Hibernating Customers
C10255,60,5,356.06,4,3,2,432,Hibernating Customers
C10256,28,11,1574.87,5,5,5,555,Champions
C10257,613,3,1135.95,1,1,5,115,Hibernating Customers
C10258,22,4,203.1,5,2,2,522,New Customers
C10260,88,4,1476.8,3,2,5,325,Hibernating Customers
C10261,221,3,601.64,2,1,3,213,Hibernating Customers
C10262,122,3,251.84,3,1,2,312,Hibernating Customers
C10263,294,2,128.45,1,1,1,111,Hibernating Customers
C10264,49,8,1053.58,4,5,4,454,Champions
C10265,138,4,745.49,3,2,4,324,Hibernating Customers
C10266,160,3,548.2,2,1,3,213,Hibernating Customers
C10267,158,3,332.03,2,1,2,212,Hibernating Customers
C10268,99,3,382.07,3,1,3,313,Hibernating Customers
C10269,18,6,789.39,5,4,4,544,Champions
C10270,68,8,1965.14,4,5,5,455,Champions
C10271,33,7,646.9,5,5,4,554,Champions
C10272,57,7,1415.3,4,5,5,455,Champions
C10273,327,4,426.45,1,2,3,123,Hibernating Customers
C10275,16,6,461.68,5,4,3,543,Loyal Customers
C10276,80,5,639.09,4,3,3,433,Hibernating Customers
C10277,47,11,1472.74,4,5,5,455,Champions
C10278,534,1,287.71,1,1,2,112,Hibernating Customers
C10279,194,4,707.1,2,2,4,224,Hibernating Customers
C10280,9,3,94.21,5,1,1,511,New Customers
C10281,162,3,105.5,2,1,1,211,Hibernating Customers
C10282,311,4,485.77,1,2,3,123,Hibernating Customers
C10283,19,3,41.9,5,1,1,511,New Customers
C10284,51,3,182.24,4,1,2,412,New Customers
C10285,330,4,149.83,1,2,1,121,Hibernating Customers
C10286,365,1,97.61,1,1,1,111,Hibernating Customers
C10287,54,4,1246.81,4,2,5,425,New Customers
C10288,340,3,151.56,1,1,1,111,Hibernating Customers
C10289,38,5,1334.49,4,3,5,435,Hibernating Customers
C10290,337,1,187.41,1,1,2,112,Hibernating Customers
C10292,71,7,2399.7,4,5,5,455,Champions
C10293,64,2,36.32,4,1,1,411,New Customers
C10294,27,7,796.82,5,5,4,554,Champions
C10295,4,3,669.57,5,1,4,514,New Customers
C10296,155,4,118.9,2,2,1,221,Hibernating Customers
C10297,113,2,153.94,3,1,1,311,Hibernating Customers
C10298,116,6,167.92,3,4,1,341,Loyal Customers
C10299,243,3,356.13,2,1,2,212,Hibernating Customers
C10300,294,2,509.51,1,1,3,113,Hibernating Customers
C10301,40,7,143.77,4,5,1,451,Loyal Customers
C10302,356,5,410.65,1,3,3,133,At Risk
C10303,202,6,3126.59,2,4,5,245,At Risk
C10304,108,2,186.08,3,1,2,312,Hibernating Customers
C10305,45,8,1276.86,4,5,5,455,Champions
C10306,163,7,640.59,2,5,3,253,At Risk
C10307,112,6,251.93,3,4,2,342,Loyal Customers
C10308,402,3,250.63,1,1,2,112,Hibernating Customers
C10309,36,5,198.35,5,3,2,532,Hibernating Customers
C10310,94,4,406.37,3,2,3,323,Hibernating Customers
C10311,81,5,585.76,4,3,3,433,Hibernating Customers
C10312,80,2,92.27,4,1,1,411,New Customers
C10313,308,3,374.35,1,1,3,113,Hibernating Customers
C10314,17,4,1042.24,5,2,4,524,New Customers
C10315,267,1,34.93,1,1,1,111,Hibernating Customers
C10316,53,4,721,4,2,4,424,New Customers
C10317,264,4,489.02,2,2,3,223,Hibernating Customers
C10318,34,3,1308.44,5,1,5,515,New Customers
C10319,58,4,324.13,4,2,2,422,New Customers
C10320,15,4,151.81,5,2,1,521,New Customers
C10321,668,1,21.84,1,1,1,111,Hibernating Customers
C10322,343,2,798.7,1,1,4,114,Hibernating Customers
C10323,420,1,33.78,1,1,1,111,Hibernating Customers
C10324,49,5,858.48,4,3,4,434,Hibernating Customers
C10325,266,6,2064.77,1,4,5,145,At Risk
C10326,28,2,388.38,5,1,3,513,New Customers
C10327,310,4,421.56,1,2,3,123,Hibernating Customers
C10328,16,6,1104.63,5,4,4,544,Champions
C10329,3,8,1312.14,5,5,5,555,Champions
C10330,126,2,2522.1,3,1,5,315,Hibernating Customers
C10331,229,6,1007.23,2,4,4,244,At Risk
C10332,18,6,2755.63,5,4,5,545,Champions
C10333,92,3,118.39,3,1,1,311,Hibernating Customers
C10334,116,3,567.07,3,1,3,313,Hibernating Customers
C10335,63,5,1398.07,4,3,5,435,Hibernating Customers
C10336,514,2,78.99,1,1,1,111,Hibernating Customers
C10337,8,4,295.64,5,2,2,522,New Customers
C10338,126,8,1379.92,3,5,5,355,Loyal Customers
C10339,217,3,196.55,2,1,2,212,Hibernating Customers
C10340,38,8,2040.14,4,5,5,455,Champions
C10341,278,5,1396.62,1,3,5,135,At Risk
C10342,83,5,117.69,4,3,1,431,Hibernating Customers
C10343,26,6,664.17,5,4,4,544,Champions
C10344,18,3,639.72,5,1,3,513,New Customers
C10345,287,2,355.54,1,1,2,112,Hibernating Customers
C10347,145,5,528.96,3,3,3,333,Hibernating Customers
C10348,316,4,468.74,1,2,3,123,Hibernating Customers
C10349,232,3,445.45,2,1,3,213,Hibernating Customers
C10350,137,2,38.65,3,1,1,311,Hibernating Customers
C10351,401,1,24.4,1,1,1,111,Hibernating Customers
C10352,22,3,443.15,5,1,3,513,New Customers
C10353,228,3,202.75,2,1,2,212,Hibernating Customers
C10354,90,6,3088.99,3,4,5,345,Loyal Customers
C10355,2,4,318.33,5,2,2,522,New Customers
C10356,156,5,624.82,2,3,3,233,At Risk
C10357,251,5,250.74,2,3,2,232,At Risk
C10358,157,5,498.23,2,3,3,233,At Risk
C10359,40,7,249.17,4,5,2,452,Loyal Customers
C10360,178,4,793.31,2,2,4,224,Hibernating Customers
C10361,199,4,224.22,2,2,2,222,Hibernating Customers
C10362,47,5,703.36,4,3,4,434,Hibernating Customers
C10363,501,4,130.21,1,2,1,121,Hibernating Customers
C10364,60,10,2209.7,4,5,5,455,Champions
C10365,287,3,470.39,1,1,3,113,Hibernating Customers
C10366,6,5,167.67,5,3,1,531,Hibernating Customers
C10367,285,2,182.88,1,1,2,112,Hibernating Customers
C10368,7,4,256.63,5,2,2,522,New Customers
C10369,188,5,190.79,2,3,2,232,At Risk
C10370,75,7,882.48,4,5,4,454,Champions
C10371,73,5,727.83,4,3,4,434,Hibernating Customers
C10372,29,6,626.67,5,4,3,543,Loyal Customers
C10373,50,2,176.26,4,1,2,412,New Customers
C10374,99,7,3286.12,3,5,5,355,Loyal Customers
C10375,40,10,1481.6,4,5,5,455,Champions
C10376,41,3,199.21,4,1,2,412,New Customers
C10377,174,3,116.6,2,1,1,211,Hibernating Customers
C10378,330,3,407.68,1,1,3,113,Hibernating Customers
C10379,95,2,12.95,3,1,1,311,Hibernating Customers
C10380,122,4,439.85,3,2,3,323,Hibernating Customers
C10381,24,4,694.1,5,2,4,524,New Customers
C10382,462,3,826.24,1,1,4,114,Hibernating Customers
C10383,41,4,120.61,4,2,1,421,New Customers
C10384,338,3,1280.35,1,2,5,125,Hibernating Customers
C10385,241,2,99.73,2,1,1,211,Hibernating Customers
C10386,41,9,2511.52,4,5,5,455,Champions
C10387,131,2,733.46,3,1,4,314,Hibernating Customers
C10388,53,5,785.63,4,3,4,434,Hibernating Customers
C10389,129,4,233.25,3,2,2,322,Hibernating Customers
C10390,35,6,315.42,5,4,2,542,Loyal Customers
C10391,71,8,497.76,4,5,3,453,Loyal Customers
C10392,165,9,743.29,2,5,4,254,At Risk
C10393,20,8,1016.69,5,5,4,554,Champions
C10394,468,4,65.39,1,2,1,121,Hibernating Customers
C10395,49,5,463.5,4,3,3,433,Hibernating Customers
C10396,184,3,208.56,2,2,2,222,Hibernating Customers
C10397,129,1,182.05,3,1,2,312,Hibernating Customers
C10398,50,5,498.99,4,3,3,433,Hibernating Customers
C10399,151,4,325.66,3,2,2,322,Hibernating Customers
C10400,43,6,1429.23,4,4,5,445,Champions
C10401,225,3,81.41,2,2,1,221,Hibernating Customers
C10402,65,6,245.75,4,4,2,442,Loyal Customers
C10403,233,2,216.82,2,1,2,212,Hibernating Customers
C10404,109,5,400.04,3,3,3,333,Hibernating Customers
C10405,369,4,197.94,1,2,2,122,Hibernating Customers
C10406,3,6,848.31,5,4,4,544,Champions
C10407,305,4,62.34,1,2,1,121,Hibernating Customers
C10408,314,2,215,1,1,2,112,Hibernating Customers
C10409,428,1,60.48,1,1,1,111,Hibernating Customers
C10410,482,1,7.34,1,1,1,111,Hibernating Customers
C10411,419,2,1172.96,1,1,5,115,Hibernating Customers
C10412,704,1,58.04,1,1,1,111,Hibernating Customers
C10413,81,5,388.94,4,3,3,433,Hibernating Customers
C10414,408,3,510,1,2,3,123,Hibernating Customers
C10415,215,4,3874.92,2,2,5,225,Hibernating Customers
C10416,227,3,986.18,2,2,4,224,Hibernating Customers
C10417,252,4,2719.5,2,2,5,225,Hibernating Customers
C10418,237,3,217.01,2,2,2,222,Hibernating Customers
C10419,34,9,2880.62,5,5,5,555,Champions
C10420,1,3,474.69,5,2,3,523,New Customers
C10421,313,5,356.11,1,3,2,132,At Risk
C10422,150,5,538.64,3,3,3,333,Hibernating Customers
C10423,372,2,620.58,1,1,3,113,Hibernating Customers
C10424,15,4,1146.78,5,2,5,525,New Customers
C10425,32,3,149.04,5,2,1,521,New Customers
C10426,235,1,254.41,2,1,2,212,Hibernating Customers
C10427,178,6,670.83,2,4,4,244,At Risk
C10428,492,2,263.7,1,1,2,112,Hibernating Customers
C10429,189,4,477.38,2,2,3,223,Hibernating Customers
C10430,310,2,441.6,1,1,3,113,Hibernating Customers
C10431,182,4,1146.78,2,2,5,225,Hibernating Customers
C10432,42,5,361.01,4,3,2,432,Hibernating Customers
C10433,77,6,598.43,4,4,3,443,Loyal Customers
C10434,1,4,185.07,5,2,2,522,New Customers
C10435,189,4,249.01,2,2,2,222,Hibernating Customers
C10436,161,3,129.19,2,2,1,221,Hibernating Customers
C10437,302,3,344.17,1,2,2,122,Hibernating Customers
C10438,303,2,27.54,1,1,1,111,Hibernating Customers
C10439,158,3,350.73,2,2,2,222,Hibernating Customers
C10440,7,7,1719.8,5,5,5,555,Champions
C10441,205,7,754.06,2,5,4,254,At Risk
C10442,3,5,905.53,5,3,4,534,Hibernating Customers
C10443,26,6,709.78,5,4,4,544,Champions
C10444,161,5,300.82,2,3,2,232,At Risk
C10445,141,4,1864.97,3,2,5,325,Hibernating Customers
C10446,177,8,571.96,2,5,3,253,At Risk
C10448,100,8,1004.96,3,5,4,354,Loyal Customers
C10449,33,5,304.05,5,3,2,532,Hibernating Customers
C10450,543,1,39.2,1,1,1,111,Hibernating Customers
C10451,253,4,106.58,2,2,1,221,Hibernating Customers
C10452,54,7,545.3,4,5,3,453,Loyal Customers
C10453,73,4,531.06,4,2,3,423,New Customers
C10454,138,5,901.93,3,3,4,334,Hibernating Customers
C10455,182,3,199.88,2,2,2,222,Hibernating Customers
C10456,359,4,417.36,1,2,3,123,Hibernating Customers
C10457,13,2,67.89,5,1,1,511,New Customers
C10458,125,4,303.53,3,2,2,322,Hibernating Customers
C10459,190,3,1571.47,2,2,5,225,Hibernating Customers
C10460,184,6,505.11,2,4,3,243,At Risk
C10461,18,6,650.98,5,4,4,544,Champions
C10462,179,3,113,2,2,1,221,Hibernating Customers
C10463,173,4,639.35,2,2,3,223,Hibernating Customers
C10464,126,7,206.82,3,5,2,352,Loyal Customers
C10465,180,4,1276.04,2,2,5,225,Hibernating Customers
C10466,107,2,45.53,3,1,1,311,Hibernating Customers
C10467,120,4,958.99,3,2,4,324,Hibernating Customers
C10468,619,2,404.95,1,1,3,113,Hibernating Customers
C10469,206,3,277.54,2,2,2,222,Hibernating Customers
C10470,38,8,1854.32,4,5,5,455,Champions
C10471,229,3,333.87,2,2,2,222,Hibernating Customers
C10472,188,3,1254.58,2,2,5,225,Hibernating Customers
C10473,212,3,986.81,2,2,4,224,Hibernating Customers
C10474,279,2,605.47,1,1,3,113,Hibernating Customers
C10475,246,6,393.18,2,4,3,243,At Risk
C10476,515,1,24.68,1,1,1,111,Hibernating Customers
C10477,75,5,1263.17,4,3,5,435,Hibernating Customers
C10478,192,2,22.62,2,1,1,211,Hibernating Customers
C10479,126,4,1302.66,3,2,5,325,Hibernating Customers
C10480,10,2,34.68,5,1,1,511,New Customers
C10481,88,4,376.41,3,2,3,323,Hibernating Customers
C10482,116,3,43.39,3,2,1,321,Hibernating Customers
C10483,179,3,1475.2,2,2,5,225,Hibernating Customers
C10484,1,6,1231.11,5,4,5,545,Champions
C10485,347,2,42.17,1,1,1,111,Hibernating Customers
C10486,62,4,701.23,4,2,4,424,New Customers
C10487,257,1,57.79,2,1,1,211,Hibernating Customers
C10488,28,6,990.08,5,4,4,544,Champions
C10489,117,6,1426.71,3,4,5,345,Loyal Customers
C10490,64,4,242.05,4,2,2,422,New Customers
C10491,181,2,353.9,2,1,2,212,Hibernating Customers
C10492,79,7,1388.25,4,5,5,455,Champions
C10493,212,4,827.86,2,2,4,224,Hibernating Customers
C10494,158,3,441.44,2,2,3,223,Hibernating Customers
C10495,285,3,849.03,1,2,4,124,Hibernating Customers
C10496,206,3,226.65,2,2,2,222,Hibernating Customers
C10497,214,8,2222.81,2,5,5,255,At Risk
C10498,54,5,487,4,3,3,433,Hibernating Customers
C10499,101,4,189.17,3,2,2,322,Hibernating Customers
C10500,62,4,1063,4,2,4,424,New Customers
C10501,504,2,1175.32,1,1,5,115,Hibernating Customers
C10502,26,3,828.86,5,2,4,524,New Customers
C10503,37,1,25.84,4,1,1,411,New Customers
C10504,324,3,663.71,1,2,4,124,Hibernating Customers
C10505,186,5,2185.41,2,3,5,235,At Risk
C10506,179,3,233.3,2,2,2,222,Hibernating Customers
C10507,289,4,976.35,1,2,4,124,Hibernating Customers
C10508,130,6,673.58,3,4,4,344,Loyal Customers
C10509,270,3,855.15,1,2,4,124,Hibernating Customers
C10510,133,5,394.84,3,3,3,333,Hibernating Customers
C10511,217,3,2208.31,2,2,5,225,Hibernating Customers
C10512,306,2,7.17,1,1,1,111,Hibernating Customers
C10513,224,5,609.82,2,3,3,233,At Risk
C10514,32,8,863.79,5,5,4,554,Champions
C10515,126,6,244.73,3,4,2,342,Loyal Customers
C10516,175,5,1078.35,2,3,4,234,At Risk
C10517,165,6,325.51,2,4,2,242,At Risk
C10518,117,2,287.91,3,1,2,312,Hibernating Customers
C10519,34,6,941.81,5,4,4,544,Champions
C10520,318,5,727.17,1,3,4,134,At Risk
C10521,475,6,1039.33,1,4,4,144,At Risk
C10522,45,5,1357.85,4,3,5,435,Hibernating Customers
C10523,334,3,216.39,1,2,2,122,Hibernating Customers
C10524,317,4,193.33,1,2,2,122,Hibernating Customers
C10525,49,5,334.9,4,3,2,432,Hibernating Customers
C10526,61,9,611.94,4,5,3,453,Loyal Customers
C10527,6,7,308.58,5,5,2,552,Loyal Customers
C10528,260,5,325.28,2,3,2,232,At Risk
C10529,10,8,320.62,5,5,2,552,Loyal Customers
C10530,368,6,731.1,1,4,4,144,At Risk
C10531,166,4,684.93,2,2,4,224,Hibernating Customers
C10532,181,3,216.48,2,2,2,222,Hibernating Customers
C10533,19,2,488.2,5,1,3,513,New Customers
C10534,72,3,764.51,4,2,4,424,New Customers
C10535,230,6,313.89,2,4,2,242,At Risk
C10536,43,5,334.54,4,3,2,432,Hibernating Customers
C10537,245,3,398.16,2,2,3,223,Hibernating Customers
C10538,665,1,58.59,1,1,1,111,Hibernating Customers
C10539,13,5,277.78,5,3,2,532,Hibernating Customers
C10540,23,5,1490.3,5,3,5,535,Hibernating Customers
C10541,44,7,3515.93,4,5,5,455,Champions
C10542,124,4,275.5,3,2,2,322,Hibernating Customers
C10543,9,2,128.49,5,1,1,511,New Customers
C10544,212,6,1174.89,2,4,5,245,At Risk
C10545,11,10,6238.82,5,5,5,555,Champions
C10546,124,4,1226.27,3,2,5,325,Hibernating Customers
C10547,22,2,260.22,5,1,2,512,New Customers
C10548,411,4,277.3,1,2,2,122,Hibernating Customers
C10549,37,4,652.37,4,2,4,424,New Customers
C10550,53,2,171.52,4,1,1,411,New Customers
C10551,205,4,584.32,2,2,3,223,Hibernating Customers
C10552,66,6,473.53,4,4,3,443,Loyal Customers
C10553,184,4,538.89,2,2,3,223,Hibernating Customers
C10554,176,4,132.83,2,2,1,221,Hibernating Customers
C10555,116,6,434.19,3,4,3,343,Loyal Customers
C10556,98,6,872.97,3,4,4,344,Loyal Customers
C10557,295,6,1611.65,1,4,5,145,At Risk
C10558,63,2,464.55,4,1,3,413,New Customers
C10559,66,9,372.25,4,5,3,453,Loyal Customers
C10560,50,7,2278.76,4,5,5,455,Champions
C10561,148,8,3758.57,3,5,5,355,Loyal Customers
C10562,87,5,754.25,3,3,4,334,Hibernating Customers
C10563,111,2,226.53,3,1,2,312,Hibernating Customers
C10564,96,4,388.88,3,2,3,323,Hibernating Customers
C10565,181,5,295.01,2,3,2,232,At Risk
C10566,255,5,1001.84,2,3,4,234,At Risk
C10567,13,6,1521.61,5,4,5,545,Champions
C10568,265,3,171.14,2,2,1,221,Hibernating Customers
C10569,108,6,1307.18,3,4,5,345,Loyal Customers
C10570,196,5,591.39,2,3,3,233,At Risk
C10571,116,6,329.23,3,4,2,342,Loyal Customers
C10572,41,5,175.36,4,3,2,432,Hibernating Customers
C10573,490,1,112.12,1,1,1,111,Hibernating Customers
C10574,10,9,2509.57,5,5,5,555,Champions
C10575,47,6,1122.69,4,4,4,444,Champions
C10576,414,3,98.88,1,2,1,121,Hibernating Customers
C10577,238,2,53.79,2,1,1,211,Hibernating Customers
C10578,58,4,72.84,4,2,1,421,New Customers
C10579,12,3,536.26,5,2,3,523,New Customers
C10580,112,7,324.7,3,5,2,352,Loyal Customers
C10581,252,5,996.93,2,3,4,234,At Risk
C10582,48,5,247.55,4,3,2,432,Hibernating Customers
C10583,23,7,1826.31,5,5,5,555,Champions
C10584,128,4,400.77,3,2,3,323,Hibernating Customers
C10585,271,3,721.53,1,2,4,124,Hibernating Customers
C10586,618,2,56.69,1,1,1,111,Hibernating Customers
C10587,462,2,2031.64,1,1,5,115,Hibernating Customers
C10588,71,5,1113.18,4,3,4,434,Hibernating Customers
C10589,28,6,1986.99,5,4,5,545,Champions
C10590,168,3,167.59,2,2,1,221,Hibernating Customers
C10591,48,6,547.27,4,4,3,443,Loyal Customers
C10592,25,4,2721.12,5,2,5,525,New Customers
C10593,128,7,204.96,3,5,2,352,Loyal Customers
C10594,193,5,662.86,2,3,4,234,At Risk
C10595,88,8,644.08,3,5,3,353,Loyal Customers
C10596,272,6,425.59,1,4,3,143,At Risk
C10597,26,9,2327.18,5,5,5,555,Champions
C10598,30,5,427.15,5,3,3,533,Hibernating Customers
C10599,153,7,1510.68,2,5,5,255,At Risk
C10600,43,9,1711.61,4,5,5,455,Champions
C10601,19,2,507.22,5,1,3,513,New Customers
C10602,111,5,378.34,3,3,3,333,Hibernating Customers
C10603,321,4,338.58,1,2,2,122,Hibernating Customers
C10604,133,5,1714.79,3,3,5,335,Hibernating Customers
C10605,132,5,812.36,3,3,4,334,Hibernating Customers
C10606,340,4,1021.36,1,2,4,124,Hibernating Customers
C10607,224,4,492.95,2,2,3,223,Hibernating Customers
C10608,5,4,310.19,5,2,2,522,New Customers
C10609,8,4,4276.01,5,2,5,525,New Customers
C10610,29,6,2899.66,5,4,5,545,Champions
C10611,98,5,971.81,3,3,4,334,Hibernating Customers
C10612,84,5,1278.99,4,3,5,435,Hibernating Customers
C10613,28,5,862.36,5,3,4,534,Hibernating Customers
C10614,8,7,782.5,5,5,4,554,Champions
C10615,138,8,1491.4,3,5,5,355,Loyal Customers
C10616,58,7,1838.99,4,5,5,455,Champions
C10617,80,3,603.94,4,2,3,423,New Customers
C10618,396,3,2381.39,1,2,5,125,Hibernating Customers
C10619,100,6,1055.6,3,4,4,344,Loyal Customers
C10620,33,5,569.91,5,3,3,533,Hibernating Customers
C10621,256,2,115.29,2,1,1,211,Hibernating Customers
C10622,68,5,568.35,4,3,3,433,Hibernating Customers
C10623,22,3,579.51,5,2,3,523,New Customers
C10624,12,1,43.87,5,1,1,511,New Customers
C10625,36,6,535.2,5,4,3,543,Loyal Customers
C10626,241,2,18.22,2,1,1,211,Hibernating Customers
C10627,5,2,122.04,5,1,1,511,New Customers
C10628,25,4,923.87,5,2,4,524,New Customers
C10629,630,2,322.85,1,1,2,112,Hibernating Customers
C10630,265,3,429.9,2,2,3,223,Hibernating Customers
C10631,225,4,646.74,2,2,3,223,Hibernating Customers
C10632,42,4,362.77,4,2,2,422,New Customers
C10633,59,4,163.02,4,2,1,421,New Customers
C10634,221,6,425.08,2,4,3,243,At Risk
C10635,78,3,277.34,4,2,2,422,New Customers
C10636,17,4,375.12,5,2,3,523,New Customers
C10637,38,4,201.09,4,2,2,422,New Customers
C10638,215,4,204.61,2,2,2,222,Hibernating Customers
C10639,108,6,773.19,3,4,4,344,Loyal Customers
C10640,332,1,110.96,1,1,1,111,Hibernating Customers
C10641,1,3,324.01,5,2,2,522,New Customers
C10642,8,4,1520.04,5,2,5,525,New Customers
C10643,170,5,1600.08,2,3,5,235,At Risk
C10644,116,3,227.63,3,2,2,322,Hibernating Customers
C10645,63,7,3165.43,4,5,5,455,Champions
C10646,166,3,128.85,2,2,1,221,Hibernating Customers
C10647,393,3,344.18,1,2,2,122,Hibernating Customers
C10648,7,3,133.4,5,2,1,521,New Customers
C10649,50,4,494.94,4,2,3,423,New Customers
C10650,374,2,62.68,1,1,1,111,Hibernating Customers
C10651,395,3,349.9,1,2,2,122,Hibernating Customers
C10652,332,2,32.69,1,1,1,111,Hibernating Customers
C10653,307,2,744.48,1,1,4,114,Hibernating Customers
C10654,157,5,865.97,2,3,4,234,At Risk
C10655,4,3,427.74,5,2,3,523,New Customers
C10656,159,5,405.2,2,3,3,233,At Risk
C10657,98,3,164.18,3,2,1,321,Hibernating Customers
C10658,53,7,1468.4,4,5,5,455,Champions
C10659,112,7,881.87,3,5,4,354,Loyal Customers
C10660,102,6,472.75,3,4,3,343,Loyal Customers
C10661,97,8,559.52,3,5,3,353,Loyal Customers
C10662,138,5,757.9,3,3,4,334,Hibernating Customers
C10663,357,6,339.01,1,4,2,142,At Risk
C10664,24,1,46.39,5,1,1,511,New Customers
C10665,433,4,1571.47,1,2,5,125,Hibernating Customers
C10666,137,6,826.73,3,4,4,344,Loyal Customers
C10667,23,6,1075.33,5,4,4,544,Champions
C10668,228,2,678.04,2,1,4,214,Hibernating Customers
C10669,222,6,1385.41,2,4,5,245,At Risk
C10670,23,2,9.64,5,1,1,511,New Customers
C10671,97,7,784.07,3,5,4,354,Loyal Customers
C10672,385,5,264.28,1,3,2,132,At Risk
C10673,115,3,95.22,3,2,1,321,Hibernating Customers
C10674,184,2,34.8,2,1,1,211,Hibernating Customers
C10675,156,6,316.83,2,4,2,242,At Risk
C10676,364,1,131.04,1,1,1,111,Hibernating Customers
C10677,249,3,110.94,2,2,1,221,Hibernating Customers
C10678,51,4,52.76,4,2,1,421,New Customers
C10679,146,6,182.89,3,4,2,342,Loyal Customers
C10680,23,6,360.36,5,4,2,542,Loyal Customers
C10681,59,3,191.04,4,2,2,422,New Customers
C10682,83,3,1024.78,4,2,4,424,New Customers
C10683,179,3,565.37,2,2,3,223,Hibernating Customers
C10684,207,4,420.02,2,2,3,223,Hibernating Customers
C10685,261,4,109.35,2,2,1,221,Hibernating Customers
C10686,54,5,1611.74,4,3,5,435,Hibernating Customers
C10687,57,8,725.62,4,5,4,454,Champions
C10688,152,4,314,2,2,2,222,Hibernating Customers
C10689,73,6,195.08,4,4,2,442,Loyal Customers
C10690,3,5,1230.5,5,3,5,535,Hibernating Customers
C10691,177,3,869.9,2,2,4,224,Hibernating Customers
C10692,73,4,166.96,4,2,1,421,New Customers
C10693,7,7,1437.61,5,5,5,555,Champions
C10694,435,1,157.95,1,1,1,111,Hibernating Customers
C10695,148,3,543.22,3,2,3,323,Hibernating Customers
C10696,288,2,71.84,1,1,1,111,Hibernating Customers
C10697,114,2,389.09,3,1,3,313,Hibernating Customers
C10698,68,6,1305.92,4,4,5,445,Champions
C10699,229,3,85.25,2,2,1,221,Hibernating Customers
C10700,574,3,1092.68,1,2,4,124,Hibernating Customers
C10701,248,4,463.75,2,2,3,223,Hibernating Customers
C10702,249,4,857.11,2,2,4,224,Hibernating Customers
C10703,28,10,897.06,5,5,4,554,Champions
C10704,280,5,2532.76,1,3,5,135,At Risk
C10705,593,2,391.67,1,1,3,113,Hibernating Customers
C10706,159,2,126.08,2,1,1,211,Hibernating Customers
C10707,89,5,953.63,3,3,4,334,Hibernating Customers
C10708,140,1,313.9,3,1,2,312,Hibernating Customers
C10709,2,5,504.73,5,3,3,533,Hibernating Customers
C10710,482,2,85.59,1,1,1,111,Hibernating Customers
C10711,87,5,170.78,3,3,1,331,Hibernating Customers
C10712,337,5,486.26,1,3,3,133,At Risk
C10713,254,6,357.41,2,4,2,242,At Risk
C10714,191,6,697.16,2,4,4,244,At Risk
C10715,11,3,740.59,5,2,4,524,New Customers
C10716,229,6,854.17,2,4,4,244,At Risk
C10717,3,5,685.27,5,3,4,534,Hibernating Customers
C10718,215,1,53.3,2,1,1,211,Hibernating Customers
C10719,22,7,971.52,5,5,4,554,Champions
C10720,640,2,290.79,1,1,2,112,Hibernating Customers
C10721,25,5,2629.67,5,3,5,535,Hibernating Customers
C10722,10,7,2313.61,5,5,5,555,Champions
C10723,31,8,1116.28,5,5,4,554,Champions
C10724,118,3,403.61,3,2,3,323,Hibernating Customers
C10725,308,3,229.13,1,2,2,122,Hibernating Customers
C10726,129,6,486.3,3,4,3,343,Loyal Customers
C10727,446,4,756.04,1,2,4,124,Hibernating Customers
C10728,76,3,2090.55,4,2,5,425,New Customers
C10729,84,4,1666.34,4,2,5,425,New Customers
C10730,252,4,180.44,2,2,2,222,Hibernating Customers
C10731,89,5,488.78,3,3,3,333,Hibernating Customers
C10732,131,6,607.78,3,4,3,343,Loyal Customers
C10734,336,3,757.79,1,2,4,124,Hibernating Customers
C10735,463,2,172.01,1,1,1,111,Hibernating Customers
C10736,645,1,335.12,1,1,2,112,Hibernating Customers
C10737,419,3,657.65,1,2,4,124,Hibernating Customers
C10738,57,2,564.9,4,1,3,413,New Customers
C10739,161,3,293.72,2,2,2,222,Hibernating Customers
C10740,128,5,1499.67,3,3,5,335,Hibernating Customers
C10741,254,4,193.01,2,2,2,222,Hibernating Customers
C10742,325,2,416.48,1,1,3,113,Hibernating Customers
C10743,124,5,1120.82,3,3,4,334,Hibernating Customers
C10744,11,3,2086.85,5,2,5,525,New Customers
C10745,144,4,186.17,3,2,2,322,Hibernating Customers
C10746,2,6,498.11,5,4,3,543,Loyal Customers
C10747,185,3,935.58,2,2,4,224,Hibernating Customers
C10748,24,2,71.85,5,1,1,511,New Customers
C10749,87,5,444.1,3,3,3,333,Hibernating Customers
C10750,99,2,644.24,3,1,3,313,Hibernating Customers
C10751,66,2,364.44,4,1,2,412,New Customers
C10752,81,1,194.03,4,1,2,412,New Customers
C10753,158,9,1139.35,2,5,5,255,At Risk
C10754,261,6,3272.16,2,4,5,245,At Risk
C10755,81,4,381.78,4,2,3,423,New Customers
C10756,203,4,1558.42,2,2,5,225,Hibernating Customers
C10757,85,8,1424.76,3,5,5,355,Loyal Customers
C10758,34,2,449.63,5,1,3,513,New Customers
C10759,83,6,2256.31,4,4,5,445,Champions
C10760,146,4,677.24,3,2,4,324,Hibernating Customers
C10761,65,8,409.18,4,5,3,453,Loyal Customers
C10762,85,5,392.92,3,3,3,333,Hibernating Customers
C10763,27,5,703.66,5,3,4,534,Hibernating Customers
C10764,109,4,766.5,3,2,4,324,Hibernating Customers
C10765,247,2,189.77,2,1,2,212,Hibernating Customers
C10766,75,4,490.63,4,2,3,423,New Customers
C10767,10,5,1295.22,5,3,5,535,Hibernating Customers
C10768,28,4,482.51,5,2,3,523,New Customers
C10769,14,8,1026.89,5,5,4,554,Champions
C10770,146,6,729.67,3,4,4,344,Loyal Customers
C10771,47,5,679.19,4,3,4,434,Hibernating Customers
C10772,22,5,261.94,5,3,2,532,Hibernating Customers
C10773,36,4,443.95,5,2,3,523,New Customers
C10774,284,5,775.01,1,3,4,134,At Risk
C10775,82,7,975.63,4,5,4,454,Champions
C10776,191,3,166.16,2,2,1,221,Hibernating Customers
C10777,7,2,104.49,5,1,1,511,New Customers
C10778,179,4,360.11,2,2,2,222,Hibernating Customers
C10779,182,2,57.95,2,1,1,211,Hibernating Customers
C10780,394,3,451.5,1,2,3,123,Hibernating Customers
C10781,83,5,1737.47,4,3,5,435,Hibernating Customers
C10782,4,6,1603.23,5,4,5,545,Champions
C10783,321,4,1282.59,1,2,5,125,Hibernating Customers
C10784,37,6,3576.1,4,4,5,445,Champions
C10785,232,5,2619.1,2,3,5,235,At Risk
C10786,221,4,187.55,2,2,2,222,Hibernating Customers
C10787,356,6,1174.02,1,4,5,145,At Risk
C10788,190,3,321.63,2,2,2,222,Hibernating Customers
C10789,56,4,1947.19,4,2,5,425,New Customers
C10790,161,3,2268.1,2,2,5,225,Hibernating Customers
C10791,58,7,2735.79,4,5,5,455,Champions
C10792,71,6,915.97,4,4,4,444,Champions
C10793,69,5,867.33,4,3,4,434,Hibernating Customers
C10794,150,4,1311.26,3,2,5,325,Hibernating Customers
C10795,333,3,1830.24,1,2,5,125,Hibernating Customers
C10796,88,7,2365.45,3,5,5,355,Loyal Customers
C10797,29,8,800.6,5,5,4,554,Champions
C10798,36,6,754.5,5,4,4,544,Champions
C10799,492,3,155.19,1,2,1,121,Hibernating Customers
C10800,302,4,732.09,1,2,4,124,Hibernating Customers
C10801,20,1,161.78,5,1,1,511,New Customers
C10802,162,4,414.97,2,2,3,223,Hibernating Customers
C10803,59,6,1358.94,4,4,5,445,Champions
C10804,23,8,733.25,5,5,4,554,Champions
C10805,190,5,188.53,2,3,2,232,At Risk
C10806,49,8,1224.57,4,5,5,455,Champions
C10807,224,2,54.83,2,1,1,211,Hibernating Customers
C10808,207,2,140.11,2,1,1,211,Hibernating Customers
C10809,40,4,512.89,4,2,3,423,New Customers
C10810,119,3,63.2,3,2,1,321,Hibernating Customers
C10811,2,1,142.38,5,1,1,511,New Customers
C10812,409,2,1518.65,1,1,5,115,Hibernating Customers
C10813,227,7,913.49,2,5,4,254,At Risk
C10814,494,4,50.96,1,2,1,121,Hibernating Customers
C10815,7,8,674.64,5,5,4,554,Champions
C10816,91,3,497.64,3,2,3,323,Hibernating Customers
C10817,186,3,155.39,2,2,1,221,Hibernating Customers
C10818,1,5,848.51,5,3,4,534,Hibernating Customers
C10819,30,5,891.84,5,3,4,534,Hibernating Customers
C10820,164,3,156.64,2,2,1,221,Hibernating Customers
C10821,326,4,441.13,1,2,3,123,Hibernating Customers
C10822,310,4,942.32,1,2,4,124,Hibernating Customers
C10823,87,4,607.3,3,2,3,323,Hibernating Customers
C10824,515,4,105.18,1,2,1,121,Hibernating Customers
C10825,16,9,1113.14,5,5,4,554,Champions
C10826,16,6,539.15,5,4,3,543,Loyal Customers
C10827,149,6,599.14,3,4,3,343,Loyal Customers
C10828,330,1,12.71,1,1,1,111,Hibernating Customers
C10829,216,3,1316.5,2,2,5,225,Hibernating Customers
C10830,47,4,159.71,4,2,1,421,New Customers
C10831,171,5,899.31,2,3,4,234,At Risk
C10832,15,6,1385.97,5,4,5,545,Champions
C10833,313,3,1798.23,1,2,5,125,Hibernating Customers
C10834,38,5,482.85,4,3,3,433,Hibernating Customers
C10835,315,5,862.61,1,3,4,134,At Risk
C10836,9,5,243.81,5,3,2,532,Hibernating Customers
C10837,134,4,842.89,3,2,4,324,Hibernating Customers
C10838,31,5,668.79,5,3,4,534,Hibernating Customers
C10839,484,3,1014.13,1,2,4,124,Hibernating Customers
C10840,144,5,554.31,3,3,3,333,Hibernating Customers
C10841,195,4,1773.61,2,2,5,225,Hibernating Customers
C10842,30,5,680.69,5,3,4,534,Hibernating Customers
C10843,70,3,324.13,4,2,2,422,New Customers
C10844,26,4,222.19,5,2,2,522,New Customers
C10845,275,7,797.21,1,5,4,154,At Risk
C10846,337,2,130.73,1,1,1,111,Hibernating Customers
C10847,248,5,411.01,2,3,3,233,At Risk
C10848,63,4,309.96,4,2,2,422,New Customers
C10849,5,6,572.87,5,4,3,543,Loyal Customers
C10850,145,3,885.47,3,2,4,324,Hibernating Customers
C10851,1,4,1417.57,5,2,5,525,New Customers
C10852,436,1,465.43,1,1,3,113,Hibernating Customers
C10853,373,2,91.65,1,1,1,111,Hibernating Customers
C10854,9,5,527.83,5,3,3,533,Hibernating Customers
C10855,104,8,815.91,3,5,4,354,Loyal Customers
C10856,533,2,419.32,1,1,3,113,Hibernating Customers
C10857,29,5,1543.49,5,3,5,535,Hibernating Customers
C10858,48,4,370.24,4,2,3,423,New Customers
C10859,51,1,133.76,4,1,1,411,New Customers
C10860,1,3,190.45,5,2,2,522,New Customers
C10861,28,5,1074.61,5,3,4,534,Hibernating Customers
C10862,55,3,66.41,4,2,1,421,New Customers
C10863,42,6,616.71,4,4,3,443,Loyal Customers
C10864,118,4,104.36,3,2,1,321,Hibernating Customers
C10865,322,5,2196.32,1,3,5,135,At Risk
C10866,316,1,81.48,1,1,1,111,Hibernating Customers
C10867,102,6,289.47,3,4,2,342,Loyal Customers
C10868,15,4,252.27,5,2,2,522,New Customers
C10869,166,7,815.62,2,5,4,254,At Risk
C10870,8,9,1028.6,5,5,4,554,Champions
C10871,151,5,179.04,3,3,2,332,Hibernating Customers
C10872,334,2,38.36,1,1,1,111,Hibernating Customers
C10873,19,5,209.34,5,3,2,532,Hibernating Customers
C10874,302,3,1598.09,1,2,5,125,Hibernating Customers
C10875,135,4,1262.16,3,2,5,325,Hibernating Customers
C10876,16,3,127.9,5,2,1,521,New Customers
C10877,175,7,498.39,2,5,3,253,At Risk
C10878,27,2,40.49,5,1,1,511,New Customers
C10879,149,2,54.83,3,1,1,311,Hibernating Customers
C10880,142,1,9.17,3,1,1,311,Hibernating Customers
C10881,71,4,969.59,4,2,4,424,New Customers
C10882,4,7,2090.02,5,5,5,555,Champions
C10883,8,3,64.24,5,2,1,521,New Customers
C10884,34,4,320.41,5,2,2,522,New Customers
C10885,129,7,546.55,3,5,3,353,Loyal Customers
C10886,20,8,1603.23,5,5,5,555,Champions
C10887,214,4,706.72,2,2,4,224,Hibernating Customers
C10888,137,7,696.61,3,5,4,354,Loyal Customers
C10889,70,7,920.03,4,5,4,454,Champions
C10890,31,4,438.68,5,2,3,523,New Customers
C10891,50,6,1040.26,4,4,4,444,Champions
C10892,3,4,1629.09,5,2,5,525,New Customers
C10893,29,2,107.49,5,1,1,511,New Customers
C10894,127,4,901.07,3,2,4,324,Hibernating Customers
C10895,35,5,169.8,5,3,1,531,Hibernating Customers
C10896,164,4,208.87,2,2,2,222,Hibernating Customers
C10897,14,7,340.08,5,5,2,552,Loyal Customers
C10898,406,2,67.4,1,1,1,111,Hibernating Customers
C10899,74,4,348.25,4,2,2,422,New Customers
C10900,50,4,927.08,4,2,4,424,New Customers
C10901,296,4,1351.78,1,2,5,125,Hibernating Customers
C10902,138,4,156.11,3,2,1,321,Hibernating Customers
C10903,125,5,1992.21,3,3,5,335,Hibernating Customers
C10904,39,5,651.3,4,3,4,434,Hibernating Customers
C10905,377,2,142.61,1,1,1,111,Hibernating Customers
C10906,50,6,361.6,4,4,2,442,Loyal Customers
C10907,503,2,143.07,1,1,1,111,Hibernating Customers
C10908,45,2,241.28,4,1,2,412,New Customers
C10909,46,6,1299.21,4,4,5,445,Champions
C10910,271,6,1182.36,1,4,5,145,At Risk
C10911,296,2,470.69,1,1,3,113,Hibernating Customers
C10912,10,5,567.73,5,3,3,533,Hibernating Customers
C10913,96,5,115.51,3,3,1,331,Hibernating Customers
C10914,30,5,399.85,5,3,3,533,Hibernating Customers
C10915,1,8,439.41,5,5,3,553,Loyal Customers
C10916,25,8,4756.99,5,5,5,555,Champions
C10917,130,6,558.64,3,4,3,343,Loyal Customers
C10918,29,6,786.19,5,4,4,544,Champions
C10919,95,6,2922.28,3,4,5,345,Loyal Customers
C10920,8,7,1081.83,5,5,4,554,Champions
C10921,8,2,47.95,5,1,1,511,New Customers
C10922,364,9,950.16,1,5,4,154,At Risk
C10923,69,5,1620.82,4,3,5,435,Hibernating Customers
C10924,222,7,1425.67,2,5,5,255,At Risk
C10925,145,4,154.19,3,2,1,321,Hibernating Customers
C10926,156,5,774.14,2,3,4,234,At Risk
C10927,259,1,45.66,2,1,1,211,Hibernating Customers
C10928,92,3,383.71,3,2,3,323,Hibernating Customers
C10929,37,8,1549.79,4,5,5,455,Champions
C10930,9,4,261.43,5,2,2,522,New Customers
C10931,294,3,56.87,1,2,1,121,Hibernating Customers
C10932,86,2,70.71,3,1,1,311,Hibernating Customers
C10933,325,3,238.14,1,2,2,122,Hibernating Customers
C10934,18,3,111.97,5,2,1,521,New Customers
C10935,59,7,851.46,4,5,4,454,Champions
C10936,486,1,23.74,1,1,1,111,Hibernating Customers
C10937,66,2,139.27,4,1,1,411,New Customers
C10938,43,7,1051.4,4,5,4,454,Champions
C10939,88,6,384.65,3,4,3,343,Loyal Customers
C10940,565,1,5.43,1,1,1,111,Hibernating Customers
C10941,2,8,444.8,5,5,3,553,Loyal Customers
C10942,407,5,1326.53,1,3,5,135,At Risk
C10943,230,6,621.82,2,4,3,243,At Risk
C10944,146,7,926.51,3,5,4,354,Loyal Customers
C10945,139,5,723.81,3,3,4,334,Hibernating Customers
C10946,11,6,1693.77,5,4,5,545,Champions
C10947,10,10,1475.52,5,5,5,555,Champions
C10948,11,10,1589.75,5,5,5,555,Champions
C10949,67,10,1423.24,4,5,5,455,Champions
C10950,337,4,754.23,1,2,4,124,Hibernating Customers
C10951,78,5,2123.79,4,3,5,435,Hibernating Customers
C10952,282,3,81.72,1,2,1,121,Hibernating Customers
C10953,23,5,517.03,5,3,3,533,Hibernating Customers
C10954,28,10,6161.11,5,5,5,555,Champions
C10955,329,3,643.17,1,2,3,123,Hibernating Customers
C10956,176,9,1085.23,2,5,4,254,At Risk
C10957,549,2,43.54,1,1,1,111,Hibernating Customers
C10958,269,3,421.43,1,2,3,123,Hibernating Customers
C10959,238,3,192.99,2,2,2,222,Hibernating Customers
C10960,450,1,12.43,1,1,1,111,Hibernating Customers
C10961,143,3,85.72,3,2,1,321,Hibernating Customers
C10962,2,4,173.77,5,2,2,522,New Customers
C10963,161,3,342.2,2,2,2,222,Hibernating Customers
C10964,4,4,111.71,5,2,1,521,New Customers
C10965,262,6,1123.75,2,4,4,244,At Risk
C10966,58,5,707.94,4,3,4,434,Hibernating Customers
C10967,511,1,57.62,1,1,1,111,Hibernating Customers
C10968,197,9,867.81,2,5,4,254,At Risk
C10969,257,5,348.71,2,3,2,232,At Risk
C10970,643,1,26.81,1,1,1,111,Hibernating Customers
C10971,196,1,514.26,2,1,3,213,Hibernating Customers
C10972,96,8,731.33,3,5,4,354,Loyal Customers
C10973,7,5,1301.08,5,3,5,535,Hibernating Customers
C10974,57,8,2018.66,4,5,5,455,Champions
C10975,330,10,7209.12,1,5,5,155,At Risk
C10976,62,9,5741.83,4,5,5,455,Champions
C10977,253,2,761.56,2,1,4,214,Hibernating Customers
C10978,410,3,397.49,1,2,3,123,Hibernating Customers
C10979,90,3,136.19,3,2,1,321,Hibernating Customers
C10980,185,2,165.04,2,1,1,211,Hibernating Customers
C10981,15,5,729.64,5,3,4,534,Hibernating Customers
C10982,39,5,875.47,4,3,4,434,Hibernating Customers
C10983,54,5,1967.35,4,3,5,435,Hibernating Customers
C10984,64,6,326.48,4,4,2,442,Loyal Customers
C10985,20,4,312.94,5,2,2,522,New Customers
C10986,33,4,651.35,5,2,4,524,New Customers
C10987,26,10,2871.78,5,5,5,555,Champions
C10988,118,6,1603.44,3,4,5,345,Loyal Customers
C10989,39,4,1239.43,4,2,5,425,New Customers
C10990,288,9,1367.71,1,5,5,155,At Risk
C10991,46,6,1378.2,4,4,5,445,Champions
C10992,201,9,1085.45,2,5,4,254,At Risk
C10994,10,4,176.14,5,2,2,522,New Customers
C10995,82,3,509.08,4,2,3,423,New Customers
C10996,167,1,87.32,2,1,1,211,Hibernating Customers
C10997,3,3,133.13,5,2,1,521,New Customers
C10998,43,7,857.3,4,5,4,454,Champions
C10999,81,6,353.87,4,4,2,442,Loyal Customers
C11000,36,2,192.68,5,1,2,512,New Customers
C11001,57,3,149.69,4,2,1,421,New Customers
C11002,314,3,527.21,1,2,3,123,Hibernating Customers
C11003,145,4,406.47,3,2,3,323,Hibernating Customers
C11004,39,8,735.29,4,5,4,454,Champions
C11005,329,3,374.35,1,2,3,123,Hibernating Customers
C11006,398,3,106.52,1,2,1,121,Hibernating Customers
C11007,42,4,589.58,4,2,3,423,New Customers
C11008,155,5,461.67,2,3,3,233,At Risk
C11009,216,3,487.84,2,2,3,223,Hibernating Customers
C11010,168,2,81.53,2,1,1,211,Hibernating Customers
C11011,197,5,898.42,2,3,4,234,At Risk
C11012,191,5,104.8,2,3,1,231,At Risk
C11013,55,4,289.21,4,2,2,422,New Customers
C11014,192,6,1466.25,2,4,5,245,At Risk
C11015,117,6,545.57,3,4,3,343,Loyal Customers
C11016,54,9,1290.68,4,5,5,455,Champions
C11017,57,5,504.16,4,3,3,433,Hibernating Customers
C11018,111,4,1337.1,3,2,5,325,Hibernating Customers
C11019,36,6,554.21,5,4,3,543,Loyal Customers
C11020,522,2,689.62,1,1,4,114,Hibernating Customers
C11021,49,3,537.4,4,2,3,423,New Customers
C11022,479,1,1170.77,1,1,5,115,Hibernating Customers
C11023,465,4,1260.63,1,2,5,125,Hibernating Customers
C11024,243,5,641.88,2,3,3,233,At Risk
C11025,36,6,852.07,5,4,4,544,Champions
C11026,192,4,2233.6,2,2,5,225,Hibernating Customers
C11027,20,2,24.91,5,1,1,511,New Customers
C11028,127,5,579.4,3,3,3,333,Hibernating Customers
C11029,133,5,660.54,3,3,4,334,Hibernating Customers
C11030,65,3,64.99,4,2,1,421,New Customers
C11031,51,7,523.2,4,5,3,453,Loyal Customers
C11032,5,4,1201.99,5,2,5,525,New Customers
C11033,1,3,623.84,5,2,3,523,New Customers
C11034,642,1,13.94,1,1,1,111,Hibernating Customers
C11035,112,2,247.69,3,1,2,312,Hibernating Customers
C11036,25,8,1049.38,5,5,4,554,Champions
C11037,5,10,1611.44,5,5,5,555,Champions
C11038,91,5,679.74,3,3,4,334,Hibernating Customers
C11039,66,3,195.29,4,2,2,422,New Customers
C11040,34,6,366.79,5,4,2,542,Loyal Customers
C11041,68,4,492.39,4,2,3,423,New Customers
C11042,11,3,203.26,5,2,2,522,New Customers
C11043,61,3,127.6,4,2,1,421,New Customers
C11044,38,2,263.45,4,1,2,412,New Customers
C11045,27,2,602.41,5,1,3,513,New Customers
C11046,34,5,499.3,5,3,3,533,Hibernating Customers
C11047,139,3,616.38,3,2,3,323,Hibernating Customers
C11048,138,2,94.19,3,1,1,311,Hibernating Customers
C11049,25,4,1449.84,5,2,5,525,New Customers
C11050,6,4,811.33,5,2,4,524,New Customers
C11051,32,4,114.44,5,3,1,531,Hibernating Customers
C11052,273,3,178.61,1,2,2,122,Hibernating Customers
C11053,323,2,780.09,1,1,4,114,Hibernating Customers
C11054,290,5,559.77,1,3,3,133,At Risk
C11055,65,4,457.64,4,3,3,433,Hibernating Customers
C11057,204,3,205.55,2,2,2,222,Hibernating Customers
C11058,26,6,3982.22,5,4,5,545,Champions
C11059,172,4,363.39,2,3,2,232,At Risk
C11060,107,1,264.98,3,1,2,312,Hibernating Customers
C11061,313,1,49.78,1,1,1,111,Hibernating Customers
C11062,106,2,168.65,3,1,1,311,Hibernating Customers
C11063,213,2,238.37,2,1,2,212,Hibernating Customers
C11064,81,5,1423.63,4,3,5,435,Hibernating Customers
C11065,219,5,775.24,2,3,4,234,At Risk
C11066,202,4,471.93,2,3,3,233,At Risk
C11067,232,7,1264.32,2,5,5,255,At Risk
C11068,333,3,61.53,1,2,1,121,Hibernating Customers
C11069,43,7,2585.16,4,5,5,455,Champions
C11070,51,10,2102.06,4,5,5,455,Champions
C11071,285,2,211.24,1,1,2,112,Hibernating Customers
C11072,121,3,778.72,3,2,4,324,Hibernating Customers
C11073,213,6,1687.12,2,4,5,245,At Risk
C11074,79,9,2489.53,4,5,5,455,Champions
C11075,32,8,1095.38,5,5,4,554,Champions
C11076,13,6,400.29,5,4,3,543,Loyal Customers
C11077,138,6,513.12,3,4,3,343,Loyal Customers
C11078,327,2,135.95,1,1,1,111,Hibernating Customers
C11079,77,6,507.67,4,4,3,443,Loyal Customers
C11080,25,5,440.19,5,3,3,533,Hibernating Customers
C11081,240,6,3554.23,2,4,5,245,At Risk
C11082,70,6,574.03,4,4,3,443,Loyal Customers
C11083,62,8,869.25,4,5,4,454,Champions
C11084,278,3,452.63,1,2,3,123,Hibernating Customers
C11085,83,5,295.88,4,3,2,432,Hibernating Customers
C11086,175,2,27.29,2,1,1,211,Hibernating Customers
C11088,193,8,1628.48,2,5,5,255,At Risk
C11089,81,6,1191.86,4,4,5,445,Champions
C11090,7,3,334.07,5,2,2,522,New Customers
C11091,246,6,188.52,2,4,2,242,At Risk
C11092,68,1,113.58,4,1,1,411,New Customers
C11093,99,6,2075.27,3,4,5,345,Loyal Customers
C11094,287,4,1190.37,1,3,5,135,At Risk
C11095,429,3,2182.45,1,2,5,125,Hibernating Customers
C11096,117,6,742.92,3,4,4,344,Loyal Customers
C11097,18,1,27.59,5,1,1,511,New Customers
C11098,74,11,3185.63,4,5,5,455,Champions
C11099,298,4,72.08,1,3,1,131,At Risk
C11100,42,9,1152.12,4,5,5,455,Champions
C11101,22,4,332.59,5,3,2,532,Hibernating Customers
C11102,19,5,168.82,5,3,1,531,Hibernating Customers
C11103,277,1,157.29,1,1,1,111,Hibernating Customers
C11104,27,7,2597.4,5,5,5,555,Champions
C11105,129,7,1098.13,3,5,4,354,Loyal Customers
C11106,219,2,225.16,2,1,2,212,Hibernating Customers
C11107,426,2,1653.07,1,1,5,115,Hibernating Customers
C11108,246,1,272.9,2,1,2,212,Hibernating Customers
C11109,249,5,123.27,2,3,1,231,At Risk
C11110,31,4,664.16,5,3,4,534,Hibernating Customers
C11111,103,2,132.85,3,1,1,311,Hibernating Customers
C11112,385,6,654.74,1,4,4,144,At Risk
C11113,57,2,106.4,4,1,1,411,New Customers
C11114,267,1,43.6,1,1,1,111,Hibernating Customers
C11115,128,3,236.85,3,2,2,322,Hibernating Customers
C11116,43,6,1137.01,4,4,5,445,Champions
C11117,287,4,242.65,1,3,2,132,At Risk
C11118,200,4,142.43,2,3,1,231,At Risk
C11119,229,3,846.17,2,2,4,224,Hibernating Customers
C11120,253,5,3084.41,2,3,5,235,At Risk
C11121,686,1,1176.36,1,1,5,115,Hibernating Customers
C11122,237,3,4028.33,2,2,5,225,Hibernating Customers
C11123,236,3,90.4,2,2,1,221,Hibernating Customers
C11124,52,6,635.15,4,4,3,443,Loyal Customers
C11125,96,5,712.9,3,3,4,334,Hibernating Customers
C11126,35,6,1517.93,5,4,5,545,Champions
C11127,67,4,652.29,4,3,4,434,Hibernating Customers
C11128,102,3,603.46,3,2,3,323,Hibernating Customers
C11129,118,10,1625.94,3,5,5,355,Loyal Customers
C11130,98,4,236.09,3,3,2,332,Hibernating Customers
C11131,301,4,1326.03,1,3,5,135,At Risk
C11132,12,6,1381.34,5,4,5,545,Champions
C11133,154,3,232.27,2,2,2,222,Hibernating Customers
C11134,43,7,2188.73,4,5,5,455,Champions
C11135,15,10,1835.93,5,5,5,555,Champions
C11136,73,4,276.87,4,3,2,432,Hibernating Customers
C11137,361,4,1016.96,1,3,4,134,At Risk
C11138,124,6,237.88,3,4,2,342,Loyal Customers
C11139,237,2,154.25,2,1,1,211,Hibernating Customers
C11140,386,4,530.61,1,3,3,133,At Risk
C11141,64,7,596.64,4,5,3,453,Loyal Customers
C11142,558,1,100.58,1,1,1,111,Hibernating Customers
C11143,149,5,594.3,3,3,3,333,Hibernating Customers
C11144,327,3,1240.51,1,2,5,125,Hibernating Customers
C11145,12,4,661.08,5,3,4,534,Hibernating Customers
C11146,371,3,148.08,1,2,1,121,Hibernating Customers
C11147,424,1,46.12,1,1,1,111,Hibernating Customers
C11148,198,3,727.27,2,2,4,224,Hibernating Customers
C11149,27,4,989.31,5,3,4,534,Hibernating Customers
C11150,140,4,1140.91,3,3,5,335,Hibernating Customers
C11151,207,7,2540.68,2,5,5,255,At Risk
C11152,270,4,307.81,1,3,2,132,At Risk
C11153,488,2,301.67,1,1,2,112,Hibernating Customers
C11154,65,6,2805.97,4,4,5,445,Champions
C11155,111,4,1764.44,3,3,5,335,Hibernating Customers
C11156,152,6,580.74,2,4,3,243,At Risk
C11157,5,2,44.59,5,1,1,511,New Customers
C11158,14,4,404.78,5,3,3,533,Hibernating Customers
C11159,20,6,760.11,5,4,4,544,Champions
C11160,151,5,393.34,3,3,3,333,Hibernating Customers
C11161,106,8,691.55,3,5,4,354,Loyal Customers
C11162,348,3,46.02,1,2,1,121,Hibernating Customers
C11163,67,2,326.88,4,1,2,412,New Customers
C11164,126,7,1011.86,3,5,4,354,Loyal Customers
C11165,26,6,221.48,5,4,2,542,Loyal Customers
C11166,420,2,115.37,1,1,1,111,Hibernating Customers
C11167,9,5,1318.78,5,3,5,535,Hibernating Customers
C11168,112,5,233.08,3,3,2,332,Hibernating Customers
C11169,34,8,1292.04,5,5,5,555,Champions
C11170,16,2,84.15,5,1,1,511,New Customers
C11171,312,2,52.89,1,1,1,111,Hibernating Customers
C11172,294,4,46.46,1,3,1,131,At Risk
C11173,500,3,1592.54,1,2,5,125,Hibernating Customers
C11174,11,3,222.36,5,2,2,522,New Customers
C11175,144,1,11.08,3,1,1,311,Hibernating Customers
C11176,1,8,735.03,5,5,4,554,Champions
C11177,51,6,1083.99,4,4,4,444,Champions
C11178,105,4,1113.21,3,3,4,334,Hibernating Customers
C11179,241,5,398.64,2,3,3,233,At Risk
C11180,175,4,679.42,2,3,4,234,At Risk
C11181,245,7,601.17,2,5,3,253,At Risk
C11182,151,2,58.14,3,1,1,311,Hibernating Customers
C11183,231,1,7.15,2,1,1,211,Hibernating Customers
C11184,134,10,514.83,3,5,3,353,Loyal Customers
C11185,249,5,821.55,2,3,4,234,At Risk
C11186,89,6,551.56,3,4,3,343,Loyal Customers
C11187,54,5,1598.31,4,3,5,435,Hibernating Customers
C11188,34,2,38.67,5,1,1,511,New Customers
C11189,83,5,4681.16,4,3,5,435,Hibernating Customers
C11190,8,2,50.14,5,1,1,511,New Customers
C11191,90,6,571.71,3,4,3,343,Loyal Customers
C11192,363,2,69.13,1,1,1,111,Hibernating Customers
C11193,22,3,460.08,5,2,3,523,New Customers
C11194,110,5,502.16,3,3,3,333,Hibernating Customers
C11195,247,5,560.03,2,3,3,233,At Risk
C11196,125,7,907.31,3,5,4,354,Loyal Customers
C11197,223,3,294.53,2,2,2,222,Hibernating Customers
C11198,277,5,441.57,1,3,3,133,At Risk
C11199,233,2,288.55,2,1,2,212,Hibernating Customers
C11200,69,3,144.53,4,2,1,421,New Customers
C11201,322,2,2008.12,1,1,5,115,Hibernating Customers
C11202,79,2,63.31,4,1,1,411,New Customers
C11203,102,6,180.87,3,4,2,342,Loyal Customers
C11204,139,2,37.99,3,1,1,311,Hibernating Customers
C11205,205,5,526.03,2,3,3,233,At Risk
C11206,227,3,81.99,2,2,1,221,Hibernating Customers
C11207,18,6,282.71,5,4,2,542,Loyal Customers
C11208,129,5,726.27,3,3,4,334,Hibernating Customers
C11209,113,4,559.44,3,3,3,333,Hibernating Customers
C11210,51,5,911.43,4,3,4,434,Hibernating Customers
C11211,38,3,1360.67,4,2,5,425,New Customers
C11212,25,6,530.49,5,4,3,543,Loyal Customers
C11213,279,3,253.58,1,2,2,122,Hibernating Customers
C11214,201,3,467.92,2,2,3,223,Hibernating Customers
C11215,31,2,74.77,5,1,1,511,New Customers
C11216,69,9,843.44,4,5,4,454,Champions
C11217,194,7,413.66,2,5,3,253,At Risk
C11218,38,6,451.81,4,4,3,443,Loyal Customers
C11219,497,2,693.2,1,1,4,114,Hibernating Customers
C11220,103,6,149.53,3,4,1,341,Loyal Customers
C11221,114,3,645.83,3,2,3,323,Hibernating Customers
C11222,27,5,528.47,5,3,3,533,Hibernating Customers
C11223,93,3,40.62,3,2,1,321,Hibernating Customers
C11224,1,4,828.71,5,3,4,534,Hibernating Customers
C11225,12,7,2998.39,5,5,5,555,Champions
C11226,48,2,597.19,4,1,3,413,New Customers
C11227,463,1,58.26,1,1,1,111,Hibernating Customers
C11228,301,3,289.18,1,2,2,122,Hibernating Customers
C11229,65,5,654.87,4,3,4,434,Hibernating Customers
C11230,10,6,246.72,5,4,2,542,Loyal Customers
C11231,147,4,137.02,3,3,1,331,Hibernating Customers
C11232,128,5,249.84,3,3,2,332,Hibernating Customers
C11233,31,3,157.1,5,2,1,521,New Customers
C11234,15,3,209.58,5,2,2,522,New Customers
C11235,42,4,159.29,4,3,1,431,Hibernating Customers
C11236,9,6,1288.15,5,4,5,545,Champions
C11237,175,5,1356.87,2,3,5,235,At Risk
C11238,47,6,1174.9,4,4,5,445,Champions
C11239,70,4,1086.9,4,3,4,434,Hibernating Customers
C11240,76,6,879.99,4,4,4,444,Champions
C11241,103,7,751.83,3,5,4,354,Loyal Customers
C11242,82,6,1243.44,4,4,5,445,Champions
C11243,57,7,1640.51,4,5,5,455,Champions
C11244,168,8,2380.68,2,5,5,255,At Risk
C11245,36,6,2177.83,5,4,5,545,Champions
C11246,240,3,290.42,2,2,2,222,Hibernating Customers
C11247,149,3,50.11,3,2,1,321,Hibernating Customers
C11248,233,4,521.83,2,3,3,233,At Risk
C11249,52,5,831.45,4,3,4,434,Hibernating Customers
C11250,81,7,254.78,4,5,2,452,Loyal Customers
C11251,46,5,727.39,4,3,4,434,Hibernating Customers
C11252,122,7,600.81,3,5,3,353,Loyal Customers
C11253,77,4,522.61,4,3,3,433,Hibernating Customers
C11254,77,3,1507.95,4,2,5,425,New Customers
C11255,277,4,55.92,1,3,1,131,At Risk
C11256,25,7,1893.27,5,5,5,555,Champions
C11257,209,6,247.85,2,4,2,242,At Risk
C11258,215,4,558.09,2,3,3,233,At Risk
C11259,132,4,153.9,3,3,1,331,Hibernating Customers
C11260,282,3,30.99,1,2,1,121,Hibernating Customers
C11261,270,1,167.18,1,1,1,111,Hibernating Customers
C11262,82,5,978.72,4,3,4,434,Hibernating Customers
C11263,9,4,371.78,5,3,3,533,Hibernating Customers
C11264,82,4,360.58,4,3,2,432,Hibernating Customers
C11265,49,6,2061.97,4,4,5,445,Champions
C11266,496,3,879.8,1,2,4,124,Hibernating Customers
C11267,383,3,32.22,1,2,1,121,Hibernating Customers
C11268,370,6,203.46,1,4,2,142,At Risk
C11269,50,7,215.18,4,5,2,452,Loyal Customers
C11270,260,3,403.47,2,2,3,223,Hibernating Customers
C11271,159,3,54.94,2,2,1,221,Hibernating Customers
C11272,215,3,249.22,2,2,2,222,Hibernating Customers
C11273,168,6,520.25,2,4,3,243,At Risk
C11274,7,5,1049.91,5,3,4,534,Hibernating Customers
C11275,33,5,1965.28,5,3,5,535,Hibernating Customers
C11276,320,4,321.65,1,3,2,132,At Risk
C11277,215,1,123.79,2,1,1,211,Hibernating Customers
C11278,173,6,695.18,2,4,4,244,At Risk
C11279,38,4,132.8,4,3,1,431,Hibernating Customers
C11280,207,6,305.99,2,4,2,242,At Risk
C11281,136,3,294.18,3,2,2,322,Hibernating Customers
C11282,79,2,172.42,4,1,1,411,New Customers
C11283,12,9,742.72,5,5,4,554,Champions
C11284,67,6,1223.32,4,4,5,445,Champions
C11285,322,4,486.19,1,3,3,133,At Risk
C11286,87,5,744.79,3,3,4,334,Hibernating Customers
C11287,195,4,253.38,2,3,2,232,At Risk
C11288,19,2,506.73,5,1,3,513,New Customers
C11289,32,5,2215.78,5,3,5,535,Hibernating Customers
C11290,83,2,1850.42,4,1,5,415,New Customers
C11291,265,5,342.57,2,3,2,232,At Risk
C11292,14,6,630.95,5,4,3,543,Loyal Customers
C11293,59,6,630.34,4,4,3,443,Loyal Customers
C11294,12,4,290.31,5,3,2,532,Hibernating Customers
C11295,126,6,2345.55,3,4,5,345,Loyal Customers
C11296,40,5,155.7,4,3,1,431,Hibernating Customers
C11297,709,1,21.4,1,1,1,111,Hibernating Customers
C11298,30,4,1467.57,5,3,5,535,Hibernating Customers
C11299,168,7,871.95,2,5,4,254,At Risk
C11300,49,6,1349.43,4,4,5,445,Champions
C11301,30,9,2102.14,5,5,5,555,Champions
C11302,85,3,1486.58,3,2,5,325,Hibernating Customers
C11303,249,3,913.66,2,2,4,224,Hibernating Customers
C11304,45,8,1009.32,4,5,4,454,Champions
C11305,128,6,571.86,3,4,3,343,Loyal Customers
C11306,9,5,331.13,5,3,2,532,Hibernating Customers
C11307,20,5,522.14,5,3,3,533,Hibernating Customers
C11308,12,7,1197.47,5,5,5,555,Champions
C11309,27,4,1315.66,5,3,5,535,Hibernating Customers
C11310,98,3,980.9,3,2,4,324,Hibernating Customers
C11311,25,5,153.66,5,3,1,531,Hibernating Customers
C11312,45,7,456.77,4,5,3,453,Loyal Customers
C11313,639,2,255.34,1,1,2,112,Hibernating Customers
C11314,30,5,788,5,3,4,534,Hibernating Customers
C11315,47,2,758.03,4,1,4,414,New Customers
C11316,31,8,1567.82,5,5,5,555,Champions
C11317,163,3,416.74,2,2,3,223,Hibernating Customers
C11318,184,4,182.6,2,3,2,232,At Risk
C11319,62,2,685.14,4,1,4,414,New Customers
C11320,320,3,860.22,1,2,4,124,Hibernating Customers
C11321,497,2,57.86,1,1,1,111,Hibernating Customers
C11322,9,3,82.06,5,2,1,521,New Customers
C11323,571,1,119.82,1,1,1,111,Hibernating Customers
C11324,149,2,234.02,3,1,2,312,Hibernating Customers
C11325,199,5,1035.95,2,3,4,234,At Risk
C11326,130,5,193.63,3,3,2,332,Hibernating Customers
C11327,66,5,397.04,4,3,3,433,Hibernating Customers
C11328,130,1,15.16,3,1,1,311,Hibernating Customers
C11329,7,5,287.63,5,3,2,532,Hibernating Customers
C11330,49,5,658.7,4,3,4,434,Hibernating Customers
C11331,245,5,1240.01,2,3,5,235,At Risk
C11332,84,7,739.75,4,5,4,454,Champions
C11333,327,4,659.59,1,3,4,134,At Risk
C11334,116,4,878.92,3,3,4,334,Hibernating Customers
C11335,367,2,971.62,1,1,4,114,Hibernating Customers
C11336,209,3,575.38,2,2,3,223,Hibernating Customers
C11337,78,2,228.45,4,1,2,412,New Customers
C11338,184,3,46.87,2,2,1,221,Hibernating Customers
C11339,561,1,165.58,1,1,1,111,Hibernating Customers
C11340,436,3,266.91,1,2,2,122,Hibernating Customers
C11341,50,6,807.91,4,4,4,444,Champions
C11342,50,2,479.72,4,1,3,413,New Customers
C11343,573,2,31.24,1,1,1,111,Hibernating Customers
C11344,413,3,1229.97,1,2,5,125,Hibernating Customers
C11345,20,8,930.31,5,5,4,554,Champions
C11347,262,1,57.2,2,1,1,211,Hibernating Customers
C11348,17,5,854.25,5,3,4,534,Hibernating Customers
C11349,445,3,37.45,1,2,1,121,Hibernating Customers
C11350,625,2,186.26,1,1,2,112,Hibernating Customers
C11351,66,4,537.94,4,3,3,433,Hibernating Customers
C11352,36,3,271.87,5,2,2,522,New Customers
C11353,284,6,1227.73,1,4,5,145,At Risk
C11354,135,6,971.78,3,4,4,344,Loyal Customers
C11355,138,4,648.5,3,3,4,334,Hibernating Customers
C11356,107,5,568.71,3,3,3,333,Hibernating Customers
C11357,12,8,891.59,5,5,4,554,Champions
C11358,133,4,1056.11,3,3,4,334,Hibernating Customers
C11359,95,9,1392.05,3,5,5,355,Loyal Customers
C11360,16,8,614.56,5,5,3,553,Loyal Customers
C11361,17,7,1682.87,5,5,5,555,Champions
C11362,38,5,146.62,4,3,1,431,Hibernating Customers
C11363,107,7,629.49,3,5,3,353,Loyal Customers
C11364,186,4,874.42,2,3,4,234,At Risk
C11365,85,7,5036.31,3,5,5,355,Loyal Customers
C11366,675,1,137.49,1,1,1,111,Hibernating Customers
C11367,176,2,37.88,2,1,1,211,Hibernating Customers
C11368,97,5,1119.55,3,3,4,334,Hibernating Customers
C11369,56,5,851.91,4,3,4,434,Hibernating Customers
C11370,37,4,3494.18,4,3,5,435,Hibernating Customers
C11371,193,3,751.34,2,2,4,224,Hibernating Customers
C11372,675,1,46.85,1,1,1,111,Hibernating Customers
C11373,165,1,109.53,2,1,1,211,Hibernating Customers
C11374,49,4,1997.64,4,3,5,435,Hibernating Customers
C11375,64,3,923.32,4,2,4,424,New Customers
C11376,11,4,578.39,5,3,3,533,Hibernating Customers
C11377,268,6,774.39,1,4,4,144,At Risk
C11378,15,6,1477.01,5,4,5,545,Champions
C11379,46,4,106.09,4,3,1,431,Hibernating Customers
C11380,301,3,216.15,1,2,2,122,Hibernating Customers
C11381,25,7,1429.75,5,5,5,555,Champions
C11382,62,5,2412.48,4,3,5,435,Hibernating Customers
C11383,539,2,2645.43,1,1,5,115,Hibernating Customers
C11384,384,5,777.62,1,3,4,134,At Risk
C11385,155,2,540.97,2,1,3,213,Hibernating Customers
C11386,292,4,542.32,1,3,3,133,At Risk
C11387,14,5,418.33,5,3,3,533,Hibernating Customers
C11388,2,7,1621.35,5,5,5,555,Champions
C11389,99,8,1510.26,3,5,5,355,Loyal Customers
C11390,35,7,397.33,5,5,3,553,Loyal Customers
C11391,30,6,234.42,5,4,2,542,Loyal Customers
C11392,47,5,1927.22,4,3,5,435,Hibernating Customers
C11393,520,1,98.28,1,1,1,111,Hibernating Customers
C11394,57,8,2382.01,4,5,5,455,Champions
C11395,311,4,589.81,1,3,3,133,At Risk
C11396,394,2,939.04,1,1,4,114,Hibernating Customers
C11397,88,6,244.75,3,4,2,342,Loyal Customers
C11398,184,2,718.95,2,1,4,214,Hibernating Customers
C11399,12,4,1780.77,5,3,5,535,Hibernating Customers
C11400,196,4,448.22,2,3,3,233,At Risk
C11401,75,5,595.83,4,3,3,433,Hibernating Customers
C11402,221,2,1046.11,2,1,4,214,Hibernating Customers
C11403,52,7,2343.51,4,5,5,455,Champions
C11404,36,8,1398.94,5,5,5,555,Champions
C11405,32,5,684.75,5,3,4,534,Hibernating Customers
C11406,37,2,2356.47,4,1,5,415,New Customers
C11407,45,4,226.13,4,3,2,432,Hibernating Customers
C11408,133,5,381.35,3,3,3,333,Hibernating Customers
C11409,51,6,397.14,4,4,3,443,Loyal Customers
C11410,182,5,2080.32,2,3,5,235,At Risk
C11411,499,3,2582.88,1,2,5,125,Hibernating Customers
C11412,481,3,440.13,1,2,3,123,Hibernating Customers
C11413,134,5,929.84,3,3,4,334,Hibernating Customers
C11414,554,1,162.06,1,1,1,111,Hibernating Customers
C11415,283,3,2078.99,1,2,5,125,Hibernating Customers
C11416,103,7,1118.45,3,5,4,354,Loyal Customers
C11417,42,7,1079.56,4,5,4,454,Champions
C11418,130,4,536.71,3,3,3,333,Hibernating Customers
C11419,44,5,708,4,3,4,434,Hibernating Customers
C11420,87,5,911.27,3,3,4,334,Hibernating Customers
C11421,29,8,1516.47,5,5,5,555,Champions
C11422,227,3,177.71,2,2,2,222,Hibernating Customers
C11423,167,4,884.99,2,3,4,234,At Risk
C11424,401,4,299.41,1,3,2,132,At Risk
C11425,134,7,549.32,3,5,3,353,Loyal Customers
C11426,12,3,32.39,5,2,1,521,New Customers
C11428,6,3,369.44,5,2,3,523,New Customers
C11429,279,2,670.32,1,1,4,114,Hibernating Customers
C11430,290,2,79.61,1,1,1,111,Hibernating Customers
C11431,72,4,295.9,4,3,2,432,Hibernating Customers
C11432,393,4,797.4,1,3,4,134,At Risk
C11434,103,1,15.27,3,1,1,311,Hibernating Customers
C11435,184,2,91.46,2,1,1,211,Hibernating Customers
C11436,214,8,758.79,2,5,4,254,At Risk
C11437,116,6,397.28,3,4,3,343,Loyal Customers
C11438,118,8,1326.74,3,5,5,355,Loyal Customers
C11439,34,8,817.35,5,5,4,554,Champions
C11440,52,9,2217.34,4,5,5,455,Champions
C11441,146,2,68.51,3,1,1,311,Hibernating Customers
C11442,116,5,399.99,3,3,3,333,Hibernating Customers
C11443,467,3,288.74,1,2,2,122,Hibernating Customers
C11444,80,2,27.42,4,1,1,411,New Customers
C11445,308,6,902.74,1,4,4,144,At Risk
C11446,52,9,1117.8,4,5,4,454,Champions
C11447,260,7,1425.15,2,5,5,255,At Risk
C11448,119,2,338.03,3,1,2,312,Hibernating Customers
C11449,117,7,483.06,3,5,3,353,Loyal Customers
C11450,727,1,1861.68,1,1,5,115,Hibernating Customers
C11451,15,6,840.44,5,4,4,544,Champions
C11452,14,4,121,5,3,1,531,Hibernating Customers
C11453,310,1,49.88,1,1,1,111,Hibernating Customers
C11454,96,3,179.08,3,2,2,322,Hibernating Customers
C11455,83,3,1012.25,4,2,4,424,New Customers
C11456,65,1,5.78,4,1,1,411,New Customers
C11457,77,2,32.12,4,1,1,411,New Customers
C11458,54,6,1689.5,4,4,5,445,Champions
C11459,100,5,651.64,3,3,4,334,Hibernating Customers
C11460,36,6,434.14,5,4,3,543,Loyal Customers
C11461,41,5,544.25,4,3,3,433,Hibernating Customers
C11462,31,7,901.22,5,5,4,554,Champions
C11463,180,3,335.98,2,2,2,222,Hibernating Customers
C11464,87,5,252.55,3,3,2,332,Hibernating Customers
C11465,131,6,1124.33,3,4,4,344,Loyal Customers
C11466,259,6,562.42,2,4,3,243,At Risk
C11467,628,2,89.94,1,1,1,111,Hibernating Customers
C11468,148,5,177.15,3,3,2,332,Hibernating Customers
C11469,63,6,315.74,4,4,2,442,Loyal Customers
C11470,614,2,214.73,1,1,2,112,Hibernating Customers
C11471,271,4,190.03,1,3,2,132,At Risk
C11472,105,4,474.84,3,3,3,333,Hibernating Customers
C11473,180,9,1534.31,2,5,5,255,At Risk
C11474,160,4,728.77,2,3,4,234,At Risk
C11475,196,2,671.88,2,1,4,214,Hibernating Customers
C11476,72,3,98.51,4,2,1,421,New Customers
C11477,8,7,1795.85,5,5,5,555,Champions
C11478,2,6,1130.6,5,4,4,544,Champions
C11479,125,4,114.89,3,3,1,331,Hibernating Customers
C11480,176,5,293.52,2,3,2,232,At Risk
C11481,281,4,667.21,1,3,4,134,At Risk
C11482,192,2,333.59,2,1,2,212,Hibernating Customers
C11483,419,2,13.3,1,1,1,111,Hibernating Customers
C11484,520,3,88.77,1,2,1,121,Hibernating Customers
C11485,49,5,137.88,4,3,1,431,Hibernating Customers
C11486,125,6,653.27,3,4,4,344,Loyal Customers
C11487,288,3,184.49,1,2,2,122,Hibernating Customers
C11488,54,5,386.14,4,3,3,433,Hibernating Customers
C11490,261,2,74.8,2,1,1,211,Hibernating Customers
C11491,208,2,222.83,2,1,2,212,Hibernating Customers
C11492,100,3,775.02,3,2,4,324,Hibernating Customers
C11493,346,3,51.28,1,2,1,121,Hibernating Customers
C11494,91,6,428.81,3,4,3,343,Loyal Customers
C11495,41,5,304.5,4,3,2,432,Hibernating Customers
C11496,231,2,932.04,2,1,4,214,Hibernating Customers
C11497,112,6,1382.8,3,4,5,345,Loyal Customers
C11498,356,3,114.38,1,2,1,121,Hibernating Customers
C11499,25,6,238.13,5,4,2,542,Loyal Customers
C11500,9,7,1366.05,5,5,5,555,Champions
C11501,77,4,271.52,4,3,2,432,Hibernating Customers
C11502,230,8,746.3,2,5,4,254,At Risk
C11503,244,3,163.22,2,2,1,221,Hibernating Customers
C11504,78,6,1632.64,4,4,5,445,Champions
C11505,84,8,1045.25,4,5,4,454,Champions
C11506,51,4,236.76,4,3,2,432,Hibernating Customers
C11507,332,4,261.77,1,3,2,132,At Risk
C11508,40,3,723.5,4,2,4,424,New Customers
C11509,518,1,107.68,1,1,1,111,Hibernating Customers
C11510,373,2,248.9,1,1,2,112,Hibernating Customers
C11511,31,3,721.97,5,2,4,524,New Customers
C11513,20,4,323.58,5,3,2,532,Hibernating Customers
C11514,491,4,970.67,1,3,4,134,At Risk
C11515,59,5,125.08,4,3,1,431,Hibernating Customers
C11516,135,4,541.28,3,3,3,333,Hibernating Customers
C11517,72,7,1890.45,4,5,5,455,Champions
C11518,187,4,701.18,2,3,4,234,At Risk
C11519,134,3,141.16,3,2,1,321,Hibernating Customers
C11520,595,2,72.27,1,1,1,111,Hibernating Customers
C11521,1,8,827.72,5,5,4,554,Champions
C11522,248,6,875.98,2,4,4,244,At Risk
C11523,48,7,789.26,4,5,4,454,Champions
C11524,102,4,129.34,3,3,1,331,Hibernating Customers
C11525,83,6,584.39,4,4,3,443,Loyal Customers
C11526,35,7,3343.51,5,5,5,555,Champions
C11527,16,4,155.55,5,3,1,531,Hibernating Customers
C11528,67,5,938.73,4,3,4,434,Hibernating Customers
C11529,60,8,373.16,4,5,3,453,Loyal Customers
C11531,205,5,189.69,2,3,2,232,At Risk
C11532,138,6,396.2,3,4,3,343,Loyal Customers
C11533,368,3,844.6,1,2,4,124,Hibernating Customers
C11534,256,3,206.95,2,2,2,222,Hibernating Customers
C11535,109,4,229.37,3,3,2,332,Hibernating Customers
C11536,328,2,17.64,1,1,1,111,Hibernating Customers
C11537,77,7,1805.14,4,5,5,455,Champions
C11538,136,5,645.35,3,3,3,333,Hibernating Customers
C11539,62,4,809.16,4,3,4,434,Hibernating Customers
C11540,111,6,1127.33,3,4,4,344,Loyal Customers
C11541,334,2,118.73,1,1,1,111,Hibernating Customers
C11542,103,7,238.99,3,5,2,352,Loyal Customers
C11543,124,8,223.01,3,5,2,352,Loyal Customers
C11544,92,2,125.53,3,1,1,311,Hibernating Customers
C11545,8,6,1625.66,5,4,5,545,Champions
C11546,57,4,1431.16,4,3,5,435,Hibernating Customers
C11547,462,3,366.8,1,2,2,122,Hibernating Customers
C11548,48,7,396.55,4,5,3,453,Loyal Customers
C11549,108,4,215.92,3,3,2,332,Hibernating Customers
C11550,9,5,183.01,5,3,2,532,Hibernating Customers
C11551,34,5,602.6,5,3,3,533,Hibernating Customers
C11552,388,4,506.85,1,3,3,133,At Risk
C11553,44,7,1459.14,4,5,5,455,Champions
C11554,59,3,158.65,4,2,1,421,New Customers
C11555,188,3,231.75,2,2,2,222,Hibernating Customers
C11556,175,6,245.25,2,4,2,242,At Risk
C11557,42,4,141.72,4,3,1,431,Hibernating Customers
C11558,298,4,360.68,1,3,2,132,At Risk
C11559,210,4,378.39,2,3,3,233,At Risk
C11560,115,7,2048.79,3,5,5,355,Loyal Customers
C11561,38,7,1464.4,4,5,5,455,Champions
C11562,507,4,640.09,1,3,3,133,At Risk
C11563,280,4,998.52,1,3,4,134,At Risk
C11564,3,7,962.95,5,5,4,554,Champions
C11565,146,4,536.89,3,3,3,333,Hibernating Customers
C11566,454,3,982.18,1,2,4,124,Hibernating Customers
C11567,54,8,678.9,4,5,4,454,Champions
C11568,223,5,415.56,2,3,3,233,At Risk
C11569,63,2,216.22,4,1,2,412,New Customers
C11570,47,6,380.42,4,4,3,443,Loyal Customers
C11571,85,7,659.77,3,5,4,354,Loyal Customers
C11572,344,4,537.54,1,3,3,133,At Risk
C11573,58,13,576.68,4,5,3,453,Loyal Customers
C11574,58,5,703.43,4,3,4,434,Hibernating Customers
C11575,136,1,146.92,3,1,1,311,Hibernating Customers
C11576,232,3,164.56,2,2,1,221,Hibernating Customers
C11577,236,5,1961.3,2,3,5,235,At Risk
C11578,99,4,1027.5,3,3,4,334,Hibernating Customers
C11579,109,3,303.22,3,2,2,322,Hibernating Customers
C11580,356,1,289.45,1,1,2,112,Hibernating Customers
C11581,251,3,286.93,2,2,2,222,Hibernating Customers
C11582,241,3,107.23,2,2,1,221,Hibernating Customers
C11583,83,2,55.54,4,1,1,411,New Customers
C11584,13,4,865.03,5,3,4,534,Hibernating Customers
C11585,142,7,2179.9,3,5,5,355,Loyal Customers
C11586,529,3,444.79,1,2,3,123,Hibernating Customers
C11587,99,4,221.44,3,3,2,332,Hibernating Customers
C11588,4,4,214.73,5,3,2,532,Hibernating Customers
C11589,25,5,418.81,5,3,3,533,Hibernating Customers
C11590,176,3,67.91,2,2,1,221,Hibernating Customers
C11591,160,4,373.37,2,3,3,233,At Risk
C11592,62,4,539.84,4,3,3,433,Hibernating Customers
C11593,67,3,493.12,4,2,3,423,New Customers
C11594,38,4,603.66,4,3,3,433,Hibernating Customers
C11595,422,2,145.4,1,1,1,111,Hibernating Customers
C11596,36,7,289.63,5,5,2,552,Loyal Customers
C11597,63,5,1297.88,4,3,5,435,Hibernating Customers
C11598,296,2,190.34,1,1,2,112,Hibernating Customers
C11600,203,3,78.7,2,2,1,221,Hibernating Customers
C11601,59,10,580.76,4,5,3,453,Loyal Customers
C11602,48,5,1699.46,4,3,5,435,Hibernating Customers
C11603,298,4,321.8,1,3,2,132,At Risk
C11604,92,3,65.93,3,2,1,321,Hibernating Customers
C11605,3,6,712.87,5,4,4,544,Champions
C11606,300,1,39.13,1,1,1,111,Hibernating Customers
C11607,179,11,1107.7,2,5,4,254,At Risk
C11608,229,3,484.48,2,2,3,223,Hibernating Customers
C11609,349,2,64.92,1,1,1,111,Hibernating Customers
C11610,82,3,1230.57,4,2,5,425,New Customers
C11611,124,2,338.33,3,1,2,312,Hibernating Customers
C11612,11,4,356.17,5,3,2,532,Hibernating Customers
C11613,152,5,358.97,2,3,2,232,At Risk
C11614,50,4,302.87,4,3,2,432,Hibernating Customers
C11615,15,3,1054.46,5,2,4,524,New Customers
C11616,30,4,538.26,5,3,3,533,Hibernating Customers
C11617,88,4,240.03,3,3,2,332,Hibernating Customers
C11618,274,2,153.86,1,1,1,111,Hibernating Customers
C11619,170,2,166.98,2,1,1,211,Hibernating Customers
C11620,31,9,660,5,5,4,554,Champions
C11621,175,5,81.21,2,3,1,231,At Risk
C11622,91,6,201,3,4,2,342,Loyal Customers
C11623,211,6,680.07,2,4,4,244,At Risk
C11624,72,4,530.22,4,3,3,433,Hibernating Customers
C11625,37,6,403.43,4,4,3,443,Loyal Customers
C11626,238,3,76.84,2,2,1,221,Hibernating Customers
C11627,91,6,422.92,3,4,3,343,Loyal Customers
C11628,51,3,71.88,4,2,1,421,New Customers
C11629,1,10,1857.52,5,5,5,555,Champions
C11630,18,5,827.22,5,3,4,534,Hibernating Customers
C11631,8,5,1835.67,5,3,5,535,Hibernating Customers
C11632,509,3,925.41,1,2,4,124,Hibernating Customers
C11633,2,6,913.24,5,4,4,544,Champions
C11634,84,4,117.71,4,3,1,431,Hibernating Customers
C11635,12,4,412.43,5,3,3,533,Hibernating Customers
C11636,38,7,541.62,4,5,3,453,Loyal Customers
C11637,149,7,3765.85,3,5,5,355,Loyal Customers
C11638,142,3,498.89,3,2,3,323,Hibernating Customers
C11639,259,4,796.99,2,3,4,234,At Risk
C11640,164,3,96.06,2,2,1,221,Hibernating Customers
C11641,2,4,1379.67,5,3,5,535,Hibernating Customers
C11642,336,2,61.29,1,1,1,111,Hibernating Customers
C11643,4,4,1136.84,5,3,5,535,Hibernating Customers
C11644,501,3,147.16,1,2,1,121,Hibernating Customers
C11645,59,6,569.74,4,4,3,443,Loyal Customers
C11646,182,5,219.8,2,3,2,232,At Risk
C11647,24,5,605.97,5,3,3,533,Hibernating Customers
C11648,13,8,1260.91,5,5,5,555,Champions
C11649,225,3,110.32,2,2,1,221,Hibernating Customers
C11650,659,1,131.46,1,1,1,111,Hibernating Customers
C11651,110,4,189.83,3,3,2,332,Hibernating Customers
C11652,49,3,516.05,4,2,3,423,New Customers
C11653,148,3,307.94,3,2,2,322,Hibernating Customers
C11654,182,5,239.73,2,3,2,232,At Risk
C11655,142,3,67.95,3,2,1,321,Hibernating Customers
C11656,51,6,195.77,4,4,2,442,Loyal Customers
C11657,55,4,264.68,4,3,2,432,Hibernating Customers
C11658,165,7,2097.45,2,5,5,255,At Risk
C11659,204,2,22.66,2,1,1,211,Hibernating Customers
C11660,112,7,1143.55,3,5,5,355,Loyal Customers
C11661,135,2,163.22,3,1,1,311,Hibernating Customers
C11662,78,1,28.13,4,1,1,411,New Customers
C11663,44,8,3112.39,4,5,5,455,Champions
C11664,209,4,1155.66,2,3,5,235,At Risk
C11665,18,4,708.43,5,3,4,534,Hibernating Customers
C11666,62,4,1055.09,4,3,4,434,Hibernating Customers
C11667,92,6,1091.33,3,4,4,344,Loyal Customers
C11668,35,4,1222.26,5,3,5,535,Hibernating Customers
C11669,212,3,306.82,2,2,2,222,Hibernating Customers
C11670,153,4,219.93,2,3,2,232,At Risk
C11671,220,4,3194.44,2,3,5,235,At Risk
C11672,99,6,925.98,3,4,4,344,Loyal Customers
C11673,153,6,536.67,2,4,3,243,At Risk
C11674,97,7,1320.03,3,5,5,355,Loyal Customers
C11675,137,6,461.45,3,4,3,343,Loyal Customers
C11676,99,5,647.99,3,3,4,334,Hibernating Customers
C11677,123,7,684.66,3,5,4,354,Loyal Customers
C11678,165,4,320.11,2,3,2,232,At Risk
C11679,324,4,615.18,1,3,3,133,At Risk
C11680,37,4,393.96,4,3,3,433,Hibernating Customers
C11681,17,7,2392.94,5,5,5,555,Champions
C11682,357,6,2083.44,1,4,5,145,At Risk
C11683,14,2,270.84,5,1,2,512,New Customers
C11684,366,1,768.65,1,1,4,114,Hibernating Customers
C11685,279,5,3138.81,1,3,5,135,At Risk
C11686,92,7,919.16,3,5,4,354,Loyal Customers
C11687,17,6,441.67,5,4,3,543,Loyal Customers
C11688,68,4,402.8,4,3,3,433,Hibernating Customers
C11689,11,8,1367.07,5,5,5,555,Champions
C11690,188,4,556.46,2,3,3,233,At Risk
C11691,124,4,872.8,3,3,4,334,Hibernating Customers
C11692,168,3,1107.61,2,2,4,224,Hibernating Customers
C11693,24,7,758.86,5,5,4,554,Champions
C11694,210,4,238.48,2,3,2,232,At Risk
C11695,379,3,138.33,1,2,1,121,Hibernating Customers
C11696,257,4,115.15,2,3,1,231,At Risk
C11697,97,3,1116.71,3,2,4,324,Hibernating Customers
C11698,117,3,58.79,3,2,1,321,Hibernating Customers
C11699,73,4,118.9,4,3,1,431,Hibernating Customers
C11700,90,2,27.68,3,1,1,311,Hibernating Customers
C11701,112,4,173.27,3,3,1,331,Hibernating Customers
C11702,44,7,1372.73,4,5,5,455,Champions
C11703,211,4,252.45,2,3,2,232,At Risk
C11704,284,3,661.32,1,2,4,124,Hibernating Customers
C11705,159,2,880.77,2,1,4,214,Hibernating Customers
C11706,382,4,186.09,1,3,2,132,At Risk
C11707,464,4,410.56,1,3,3,133,At Risk
C11708,173,6,322,2,4,2,242,At Risk
C11709,7,4,156.75,5,3,1,531,Hibernating Customers
C11711,4,6,284.87,5,4,2,542,Loyal Customers
C11712,295,3,1354.31,1,2,5,125,Hibernating Customers
C11713,107,4,544.9,3,3,3,333,Hibernating Customers
C11714,58,5,533.4,4,3,3,433,Hibernating Customers
C11715,309,5,644.1,1,3,3,133,At Risk
C11716,65,8,1857.85,4,5,5,455,Champions
C11717,106,7,721.28,3,5,4,354,Loyal Customers
C11718,12,5,1309,5,3,5,535,Hibernating Customers
C11719,213,5,4093.64,2,3,5,235,At Risk
C11720,113,4,339.03,3,3,2,332,Hibernating Customers
C11721,8,7,1197.3,5,5,5,555,Champions
C11722,168,3,696.75,2,2,4,224,Hibernating Customers
C11723,212,4,952.45,2,3,4,234,At Risk
C11724,42,11,1240.61,4,5,5,455,Champions
C11725,72,8,3983.13,4,5,5,455,Champions
C11726,205,2,87.06,2,1,1,211,Hibernating Customers
C11727,115,2,394.86,3,1,3,313,Hibernating Customers
C11728,593,2,43.16,1,1,1,111,Hibernating Customers
C11729,470,1,126.44,1,1,1,111,Hibernating Customers
C11730,90,1,3.5,3,1,1,311,Hibernating Customers
C11731,368,2,109.38,1,1,1,111,Hibernating Customers
C11732,253,3,619.44,2,2,3,223,Hibernating Customers
C11733,7,7,1840.23,5,5,5,555,Champions
C11734,224,4,531.99,2,3,3,233,At Risk
C11735,252,3,138.97,2,2,1,221,Hibernating Customers
C11736,272,4,498.7,1,3,3,133,At Risk
C11737,51,3,167.23,4,2,1,421,New Customers
C11738,143,2,258.86,3,1,2,312,Hibernating Customers
C11739,193,3,1257.79,2,2,5,225,Hibernating Customers
C11740,700,1,113.07,1,1,1,111,Hibernating Customers
C11741,174,3,67.58,2,2,1,221,Hibernating Customers
C11742,7,4,254.83,5,3,2,532,Hibernating Customers
C11743,567,2,43.43,1,1,1,111,Hibernating Customers
C11744,50,5,312.71,4,3,2,432,Hibernating Customers
C11745,228,4,645.74,2,3,3,233,At Risk
C11746,232,6,174.98,2,4,2,242,At Risk
C11748,34,5,1351.62,5,3,5,535,Hibernating Customers
C11749,55,9,2223.76,4,5,5,455,Champions
C11750,86,4,192.46,3,3,2,332,Hibernating Customers
C11751,156,6,148.6,2,4,1,241,At Risk
C11752,253,2,119.41,2,1,1,211,Hibernating Customers
C11753,28,9,3301.54,5,5,5,555,Champions
C11754,145,3,561.86,3,2,3,323,Hibernating Customers
C11755,368,6,555.76,1,4,3,143,At Risk
C11756,195,4,1197.78,2,3,5,235,At Risk
C11757,117,7,857.12,3,5,4,354,Loyal Customers
C11758,145,4,274.82,3,3,2,332,Hibernating Customers
C11759,41,6,896.47,4,4,4,444,Champions
C11760,35,4,74.27,5,3,1,531,Hibernating Customers
C11761,64,4,412.66,4,3,3,433,Hibernating Customers
C11762,29,4,219.8,5,3,2,532,Hibernating Customers
C11763,78,5,738.47,4,3,4,434,Hibernating Customers
C11764,94,5,661.78,3,3,4,334,Hibernating Customers
C11765,534,2,89.62,1,1,1,111,Hibernating Customers
C11766,219,4,223.75,2,3,2,232,At Risk
C11767,56,6,1897.33,4,4,5,445,Champions
C11768,162,1,36.03,2,1,1,211,Hibernating Customers
C11769,589,2,24.38,1,1,1,111,Hibernating Customers
C11770,6,3,192.66,5,2,2,522,New Customers
C11771,56,5,196.84,4,3,2,432,Hibernating Customers
C11772,78,7,619.18,4,5,3,453,Loyal Customers
C11773,251,7,645.33,2,5,3,253,At Risk
C11774,111,5,4260.73,3,3,5,335,Hibernating Customers
C11775,73,6,1208.78,4,4,5,445,Champions
C11776,82,6,874.11,4,4,4,444,Champions
C11777,205,5,205.76,2,3,2,232,At Risk
C11778,49,4,262.5,4,3,2,432,Hibernating Customers
C11779,8,5,844.82,5,3,4,534,Hibernating Customers
C11780,83,5,801.14,4,3,4,434,Hibernating Customers
C11781,20,7,5635.55,5,5,5,555,Champions
C11782,47,5,670.68,4,3,4,434,Hibernating Customers
C11783,202,2,81.45,2,1,1,211,Hibernating Customers
C11784,602,2,102.25,1,1,1,111,Hibernating Customers
C11785,222,5,1115.44,2,3,4,234,At Risk
C11786,119,3,62.54,3,2,1,321,Hibernating Customers
C11787,15,8,635.63,5,5,3,553,Loyal Customers
C11788,423,3,112.83,1,2,1,121,Hibernating Customers
C11789,13,5,536.18,5,3,3,533,Hibernating Customers
C11790,44,4,185.15,4,3,2,432,Hibernating Customers
C11791,276,3,134.22,1,2,1,121,Hibernating Customers
C11792,170,6,512.68,2,4,3,243,At Risk
C11793,2,4,477.95,5,3,3,533,Hibernating Customers
C11794,184,4,531.14,2,3,3,233,At Risk
C11795,208,2,88.79,2,1,1,211,Hibernating Customers
C11796,27,4,318.86,5,3,2,532,Hibernating Customers
C11797,49,6,1340.73,4,4,5,445,Champions
C11798,5,5,573.31,5,3,3,533,Hibernating Customers
C11799,75,5,440.52,4,3,3,433,Hibernating Customers
C11800,372,2,569.78,1,1,3,113,Hibernating Customers
C11801,72,4,277.69,4,3,2,432,Hibernating Customers
C11802,10,3,835.51,5,2,4,524,New Customers
C11803,338,4,569.15,1,3,3,133,At Risk
C11804,240,4,2101.9,2,3,5,235,At Risk
C11806,132,6,3502.59,3,4,5,345,Loyal Customers
C11807,233,2,1236.69,2,1,5,215,Hibernating Customers
C11808,201,3,176.94,2,2,2,222,Hibernating Customers
C11809,212,5,1870.23,2,3,5,235,At Risk
C11810,320,7,565.78,1,5,3,153,At Risk
C11811,46,5,2544.71,4,3,5,435,Hibernating Customers
C11812,55,4,877.23,4,3,4,434,Hibernating Customers
C11813,23,4,658.32,5,3,4,534,Hibernating Customers
C11814,367,6,3025.05,1,4,5,145,At Risk
C11815,472,1,7.46,1,1,1,111,Hibernating Customers
C11816,334,3,206.99,1,2,2,122,Hibernating Customers
C11817,145,5,365.21,3,3,2,332,Hibernating Customers
C11818,79,2,615.27,4,1,3,413,New Customers
C11819,5,4,120.42,5,3,1,531,Hibernating Customers
C11820,140,3,280.14,3,2,2,322,Hibernating Customers
C11821,70,3,225.08,4,2,2,422,New Customers
C11822,180,3,3210.12,2,2,5,225,Hibernating Customers
C11823,61,9,1125.65,4,5,4,454,Champions
C11824,31,5,1130.07,5,3,4,534,Hibernating Customers
C11825,21,6,584.26,5,4,3,543,Loyal Customers
C11826,62,2,1125.52,4,1,4,414,New Customers
C11827,40,4,176.13,4,3,2,432,Hibernating Customers
C11828,54,7,1584.18,4,5,5,455,Champions
C11829,299,3,343.81,1,2,2,122,Hibernating Customers
C11830,169,5,966.2,2,3,4,234,At Risk
C11831,71,3,125.47,4,2,1,421,New Customers
C11832,226,4,1876.24,2,3,5,235,At Risk
C11833,127,5,669.39,3,3,4,334,Hibernating Customers
C11834,37,3,2345.81,4,2,5,425,New Customers
C11835,237,4,1537.1,2,3,5,235,At Risk
C11836,213,6,2840.22,2,4,5,245,At Risk
C11837,46,3,648.32,4,2,4,424,New Customers
C11838,25,3,503.57,5,2,3,523,New Customers
C11839,292,6,399.89,1,4,3,143,At Risk
C11840,112,6,557.82,3,4,3,343,Loyal Customers
C11841,196,8,545.05,2,5,3,253,At Risk
C11842,71,7,881.78,4,5,4,454,Champions
C11843,197,3,236.76,2,2,2,222,Hibernating Customers
C11844,16,4,675.54,5,3,4,534,Hibernating Customers
C11845,6,7,1421.48,5,5,5,555,Champions
C11846,57,5,252.38,4,4,2,442,Loyal Customers
C11847,179,4,2898.22,2,3,5,235,At Risk
C11848,79,8,463.76,4,5,3,453,Loyal Customers
C11849,34,6,911.11,5,4,4,544,Champions
C11850,261,2,268.98,2,1,2,212,Hibernating Customers
C11851,65,3,119.8,4,2,1,421,New Customers
C11852,315,3,415.1,1,2,3,123,Hibernating Customers
C11853,136,4,314.93,3,3,2,332,Hibernating Customers
C11854,6,7,3211.89,5,5,5,555,Champions
C11855,97,8,850.18,3,5,4,354,Loyal Customers
C11856,7,5,408.96,5,4,3,543,Loyal Customers
C11857,91,7,214.6,3,5,2,352,Loyal Customers
C11858,112,5,664.46,3,4,4,344,Loyal Customers
C11859,33,5,467.66,5,4,3,543,Loyal Customers
C11860,89,6,321.3,3,4,2,342,Loyal Customers
C11861,51,6,2171.38,4,4,5,445,Champions
C11862,248,1,47.7,2,1,1,211,Hibernating Customers
C11863,16,6,441.56,5,4,3,543,Loyal Customers
C11864,96,3,197.84,3,2,2,322,Hibernating Customers
C11865,5,8,1788.91,5,5,5,555,Champions
C11866,40,5,176.19,4,4,2,442,Loyal Customers
C11867,80,3,1727.95,4,2,5,425,New Customers
C11868,117,6,697.95,3,4,4,344,Loyal Customers
C11869,31,5,384.95,5,4,3,543,Loyal Customers
C11870,361,3,269.25,1,2,2,122,Hibernating Customers
C11871,79,3,229.25,4,2,2,422,New Customers
C11872,77,6,1276.8,4,4,5,445,Champions
C11873,192,4,575.98,2,3,3,233,At Risk
C11874,212,3,2103.31,2,2,5,225,Hibernating Customers
C11875,55,7,483.43,4,5,3,453,Loyal Customers
C11876,7,8,798.87,5,5,4,554,Champions
C11877,70,5,2192.74,4,4,5,445,Champions
C11878,246,5,1310.35,2,4,5,245,At Risk
C11879,381,4,792.85,1,3,4,134,At Risk
C11880,3,3,207.57,5,2,2,522,New Customers
C11881,21,7,992.38,5,5,4,554,Champions
C11882,12,2,441.55,5,1,3,513,New Customers
C11883,77,2,148.58,4,1,1,411,New Customers
C11884,2,9,1599.05,5,5,5,555,Champions
C11885,230,6,1433.8,2,4,5,245,At Risk
C11886,249,4,346.17,2,3,2,232,At Risk
C11887,150,6,393.15,3,4,3,343,Loyal Customers
C11888,201,3,103.65,2,2,1,221,Hibernating Customers
C11889,273,2,81.13,1,1,1,111,Hibernating Customers
C11890,437,4,3283.75,1,3,5,135,At Risk
C11891,161,3,568.78,2,2,3,223,Hibernating Customers
C11892,119,6,2195.21,3,4,5,345,Loyal Customers
C11893,45,8,3145.26,4,5,5,455,Champions
C11894,138,6,1902.37,3,4,5,345,Loyal Customers
C11895,285,4,160.33,1,3,1,131,At Risk
C11896,56,9,1060.41,4,5,4,454,Champions
C11897,11,5,2751.12,5,4,5,545,Champions
C11898,500,1,26.49,1,1,1,111,Hibernating Customers
C11899,447,3,1835.7,1,2,5,125,Hibernating Customers
C11900,216,4,94.95,2,3,1,231,At Risk
C11901,162,2,27.92,2,1,1,211,Hibernating Customers
C11902,11,4,751.98,5,3,4,534,Hibernating Customers
C11903,44,6,2987.13,4,4,5,445,Champions
C11904,224,5,363.03,2,4,2,242,At Risk
C11905,2,3,606.14,5,2,3,523,New Customers
C11906,232,6,369.04,2,4,3,243,At Risk
C11907,31,7,1127.55,5,5,4,554,Champions
C11908,223,6,652.08,2,4,4,244,At Risk
C11909,1,6,370.59,5,4,3,543,Loyal Customers
C11910,8,7,1566.46,5,5,5,555,Champions
C11911,15,1,61.02,5,1,1,511,New Customers
C11912,131,4,1245.46,3,3,5,335,Hibernating Customers
C11913,60,5,769.05,4,4,4,444,Champions
C11914,124,7,2088.46,3,5,5,355,Loyal Customers
C11915,33,3,105.84,5,2,1,521,New Customers
C11916,157,5,2590.98,2,4,5,245,At Risk
C11917,120,6,757.18,3,4,4,344,Loyal Customers
C11918,24,6,1462.06,5,4,5,545,Champions
C11919,15,4,982.54,5,3,4,534,Hibernating Customers
C11920,9,4,237.16,5,3,2,532,Hibernating Customers
C11921,33,1,16.6,5,1,1,511,New Customers
C11922,166,4,137.92,2,3,1,231,At Risk
C11923,162,2,182.54,2,1,2,212,Hibernating Customers
C11924,81,3,359.75,4,2,2,422,New Customers
C11925,16,7,2548.65,5,5,5,555,Champions
C11926,296,4,342.35,1,3,2,132,At Risk
C11927,74,4,791.97,4,3,4,434,Hibernating Customers
C11928,147,6,1486.87,3,4,5,345,Loyal Customers
C11929,24,7,695.95,5,5,4,554,Champions
C11930,18,2,190.11,5,1,2,512,New Customers
C11931,46,5,1063.49,4,4,4,444,Champions
C11932,223,6,264.52,2,4,2,242,At Risk
C11933,12,4,410.67,5,3,3,533,Hibernating Customers
C11934,173,3,173.53,2,2,1,221,Hibernating Customers
C11935,127,3,460.7,3,2,3,323,Hibernating Customers
C11936,361,5,436.47,1,4,3,143,At Risk
C11937,106,3,440.29,3,2,3,323,Hibernating Customers
C11938,50,5,938.62,4,4,4,444,Champions
C11939,20,7,466.93,5,5,3,553,Loyal Customers
C11940,175,2,187.41,2,1,2,212,Hibernating Customers
C11941,99,3,75.65,3,2,1,321,Hibernating Customers
C11942,138,5,291.97,3,4,2,342,Loyal Customers
C11943,49,6,1911.33,4,4,5,445,Champions
C11944,175,4,252.07,2,3,2,232,At Risk
C11945,229,3,97.9,2,2,1,221,Hibernating Customers
C11946,98,7,932.48,3,5,4,354,Loyal Customers
C11947,63,5,434.65,4,4,3,443,Loyal Customers
C11948,18,5,128.94,5,4,1,541,Loyal Customers
C11949,328,4,205.15,1,3,2,132,At Risk
C11950,75,4,735.76,4,3,4,434,Hibernating Customers
C11951,23,3,423.8,5,2,3,523,New Customers
C11952,142,3,5248.67,3,2,5,325,Hibernating Customers
C11953,62,4,296.29,4,3,2,432,Hibernating Customers
C11954,565,1,188.66,1,1,2,112,Hibernating Customers
C11955,23,6,151.01,5,4,1,541,Loyal Customers
C11956,20,6,204.12,5,4,2,542,Loyal Customers
C11957,455,3,1097.19,1,2,4,124,Hibernating Customers
C11958,48,5,1295.25,4,4,5,445,Champions
C11959,238,4,422.82,2,3,3,233,At Risk
C11960,71,6,783.79,4,4,4,444,Champions
C11961,80,2,35.99,4,1,1,411,New Customers
C11963,18,6,1002.59,5,4,4,544,Champions
C11964,10,2,452.55,5,1,3,513,New Customers
C11965,163,2,365.94,2,1,2,212,Hibernating Customers
C11966,111,3,102.99,3,2,1,321,Hibernating Customers
C11967,17,6,499.72,5,4,3,543,Loyal Customers
C11968,327,3,44.74,1,2,1,121,Hibernating Customers
C11969,329,6,2938.01,1,4,5,145,At Risk
C11970,55,6,586.48,4,4,3,443,Loyal Customers
C11971,81,4,195.8,4,3,2,432,Hibernating Customers
C11972,16,5,1403.62,5,4,5,545,Champions
C11973,127,7,1282.27,3,5,5,355,Loyal Customers
C11974,283,1,105.94,1,1,1,111,Hibernating Customers
C11975,218,5,796.97,2,4,4,244,At Risk
C11976,158,6,452.62,2,4,3,243,At Risk
C11977,25,8,833,5,5,4,554,Champions
C11978,192,2,46.32,2,1,1,211,Hibernating Customers
C11979,55,5,624.3,4,4,3,443,Loyal Customers
C11980,68,3,1692.72,4,2,5,425,New Customers
C11981,295,2,102.08,1,1,1,111,Hibernating Customers
C11982,13,9,968.57,5,5,4,554,Champions
C11983,47,1,43.78,4,1,1,411,New Customers
C11984,62,4,857.47,4,3,4,434,Hibernating Customers
C11985,23,5,672.5,5,4,4,544,Champions
C11986,164,11,1149.27,2,5,5,255,At Risk
C11987,117,7,853.88,3,5,4,354,Loyal Customers
C11988,1,4,560.22,5,3,3,533,Hibernating Customers
C11989,67,3,479.54,4,2,3,423,New Customers
C11990,237,4,1417.7,2,3,5,235,At Risk
C11991,114,5,420.61,3,4,3,343,Loyal Customers
C11992,293,4,92.48,1,3,1,131,At Risk
C11993,60,4,438.79,4,3,3,433,Hibernating Customers
C11994,334,4,867.9,1,3,4,134,At Risk
C11995,439,5,656.19,1,4,4,144,At Risk
C11996,132,9,596.29,3,5,3,353,Loyal Customers
C11997,215,3,273.41,2,2,2,222,Hibernating Customers
C11998,3,5,347.66,5,4,2,542,Loyal Customers
C11999,52,4,139.14,4,3,1,431,Hibernating Customers
C12000,23,4,957.81,5,3,4,534,Hibernating Customers
C12001,15,4,168.03,5,3,1,531,Hibernating Customers
C12002,35,4,153.2,5,3,1,531,Hibernating Customers
C12003,54,5,1035.47,4,4,4,444,Champions
C12004,295,4,118.09,1,3,1,131,At Risk
C12005,191,3,137.45,2,2,1,221,Hibernating Customers
C12006,112,3,110.66,3,2,1,321,Hibernating Customers
C12007,30,6,1533.12,5,4,5,545,Champions
C12008,113,2,368.45,3,1,3,313,Hibernating Customers
C12009,53,2,183.47,4,1,2,412,New Customers
C12010,5,4,943.84,5,3,4,534,Hibernating Customers
C12011,35,5,381.98,5,4,3,543,Loyal Customers
C12012,276,3,124.79,1,2,1,121,Hibernating Customers
C12013,135,2,189.44,3,1,2,312,Hibernating Customers
C12014,166,5,1639.05,2,4,5,245,At Risk
C12015,33,6,258.42,5,4,2,542,Loyal Customers
C12016,169,4,368.13,2,3,2,232,At Risk
C12017,141,3,444.42,3,2,3,323,Hibernating Customers
C12018,81,2,375.16,4,1,3,413,New Customers
C12019,211,3,762.32,2,2,4,224,Hibernating Customers
C12020,283,2,40.01,1,1,1,111,Hibernating Customers
C12021,85,5,1828.43,3,4,5,345,Loyal Customers
C12022,10,4,375.99,5,3,3,533,Hibernating Customers
C12023,492,2,486.03,1,1,3,113,Hibernating Customers
C12024,318,6,417.27,1,4,3,143,At Risk
C12025,131,4,3451.16,3,3,5,335,Hibernating Customers
C12026,42,6,4781.64,4,4,5,445,Champions
C12027,87,5,340.65,3,4,2,342,Loyal Customers
C12028,157,7,696.75,2,5,4,254,At Risk
C12029,186,2,46.2,2,1,1,211,Hibernating Customers
C12030,180,5,159.48,2,4,1,241,At Risk
C12031,36,4,1467.21,5,3,5,535,Hibernating Customers
C12032,99,6,1788.86,3,4,5,345,Loyal Customers
C12033,37,5,382.72,4,4,3,443,Loyal Customers
C12035,59,6,1059.08,4,4,4,444,Champions
C12036,268,2,153.84,1,1,1,111,Hibernating Customers
C12037,133,4,400.97,3,3,3,333,Hibernating Customers
C12038,110,6,645.01,3,4,3,343,Loyal Customers
C12039,140,4,1840.01,3,3,5,335,Hibernating Customers
C12040,17,8,621.69,5,5,3,553,Loyal Customers
C12041,329,5,709.74,1,4,4,144,At Risk
C12042,7,7,993.95,5,5,4,554,Champions
C12043,65,2,1033.33,4,1,4,414,New Customers
C12044,134,6,805.41,3,4,4,344,Loyal Customers
C12045,427,5,195.9,1,4,2,142,At Risk
C12046,183,5,258.38,2,4,2,242,At Risk
C12047,65,6,958.01,4,4,4,444,Champions
C12048,292,5,1825.5,1,4,5,145,At Risk
C12049,31,4,228.18,5,3,2,532,Hibernating Customers
C12050,82,4,256.2,4,3,2,432,Hibernating Customers
C12051,262,5,604.96,2,4,3,243,At Risk
C12052,154,4,433.39,2,3,3,233,At Risk
C12053,217,5,370.61,2,4,3,243,At Risk
C12054,156,4,165.36,2,3,1,231,At Risk
C12055,316,4,420.14,1,3,3,133,At Risk
C12056,159,10,1274.51,2,5,5,255,At Risk
C12057,291,2,60.8,1,1,1,111,Hibernating Customers
C12058,2,3,1481.61,5,2,5,525,New Customers
C12059,101,5,1259.06,3,4,5,345,Loyal Customers
C12060,15,6,1003.28,5,4,4,544,Champions
C12061,353,4,55.14,1,3,1,131,At Risk
C12062,107,5,292.14,3,4,2,342,Loyal Customers
C12063,8,10,2010.78,5,5,5,555,Champions
C12064,115,9,2012.81,3,5,5,355,Loyal Customers
C12065,146,7,1137.43,3,5,5,355,Loyal Customers
C12066,90,3,565.6,3,2,3,323,Hibernating Customers
C12067,199,2,1830.58,2,1,5,215,Hibernating Customers
C12068,38,6,2214.08,4,4,5,445,Champions
C12069,613,1,29.34,1,1,1,111,Hibernating Customers
C12070,455,6,1312.06,1,4,5,145,At Risk
C12071,127,1,191.94,3,1,2,312,Hibernating Customers
C12072,397,6,709.1,1,4,4,144,At Risk
C12073,170,6,323.73,2,4,2,242,At Risk
C12074,241,6,796.85,2,4,4,244,At Risk
C12075,248,3,593.12,2,2,3,223,Hibernating Customers
C12076,148,7,630.05,3,5,3,353,Loyal Customers
C12077,62,3,464.16,4,2,3,423,New Customers
C12078,53,6,220.33,4,4,2,442,Loyal Customers
C12079,103,7,972.99,3,5,4,354,Loyal Customers
C12080,337,3,291.7,1,2,2,122,Hibernating Customers
C12081,223,5,153.07,2,4,1,241,At Risk
C12082,139,3,1778.29,3,2,5,325,Hibernating Customers
C12083,11,3,907.21,5,2,4,524,New Customers
C12084,510,2,104.67,1,1,1,111,Hibernating Customers
C12085,171,2,761.47,2,1,4,214,Hibernating Customers
C12086,142,5,196.52,3,4,2,342,Loyal Customers
C12087,298,2,168.52,1,1,1,111,Hibernating Customers
C12088,77,2,930.85,4,1,4,414,New Customers
C12089,8,4,689.27,5,3,4,534,Hibernating Customers
C12090,169,4,427.52,2,3,3,233,At Risk
C12091,51,4,2051.73,4,3,5,435,Hibernating Customers
C12092,38,3,77.91,4,2,1,421,New Customers
C12093,61,4,815.31,4,3,4,434,Hibernating Customers
C12094,510,2,225.43,1,1,2,112,Hibernating Customers
C12095,161,3,1062.86,2,2,4,224,Hibernating Customers
C12096,21,6,105.33,5,4,1,541,Loyal Customers
C12097,40,2,57.69,4,1,1,411,New Customers
C12098,100,3,56.67,3,2,1,321,Hibernating Customers
C12099,76,3,1163.14,4,2,5,425,New Customers
C12100,5,6,430.08,5,4,3,543,Loyal Customers
C12101,7,6,691.53,5,4,4,544,Champions
C12102,366,5,633.96,1,4,3,143,At Risk
C12103,304,6,291.02,1,4,2,142,At Risk
C12104,308,3,124.7,1,2,1,121,Hibernating Customers
C12105,28,7,1317.85,5,5,5,555,Champions
C12106,88,4,285.84,3,3,2,332,Hibernating Customers
C12107,292,3,499.27,1,2,3,123,Hibernating Customers
C12108,460,3,398.69,1,2,3,123,Hibernating Customers
C12109,9,6,2121.07,5,4,5,545,Champions
C12110,37,3,48.87,4,2,1,421,New Customers
C12111,132,1,490.25,3,1,3,313,Hibernating Customers
C12112,64,3,320.57,4,2,2,422,New Customers
C12113,233,4,1825.52,2,3,5,235,At Risk
C12114,189,6,1512.53,2,4,5,245,At Risk
C12115,27,5,1351.09,5,4,5,545,Champions
C12116,90,3,350.38,3,2,2,322,Hibernating Customers
C12117,317,2,126.89,1,1,1,111,Hibernating Customers
C12118,196,5,623.71,2,4,3,243,At Risk
C12120,81,5,3002.33,4,4,5,445,Champions
C12121,182,7,890.8,2,5,4,254,At Risk
C12122,284,6,646.54,1,4,3,143,At Risk
C12123,41,4,173.3,4,3,1,431,Hibernating Customers
C12124,17,3,261.3,5,2,2,522,New Customers
C12125,47,6,1370.85,4,4,5,445,Champions
C12126,123,6,1606.46,3,4,5,345,Loyal Customers
C12127,284,2,318.94,1,1,2,112,Hibernating Customers
C12128,78,4,3554.91,4,3,5,435,Hibernating Customers
C12129,53,3,798,4,2,4,424,New Customers
C12130,261,3,129.15,2,2,1,221,Hibernating Customers
C12131,30,3,114.32,5,2,1,521,New Customers
C12132,32,4,102.97,5,3,1,531,Hibernating Customers
C12133,186,1,572.66,2,1,3,213,Hibernating Customers
C12134,116,8,546.85,3,5,3,353,Loyal Customers
C12135,189,6,907.88,2,4,4,244,At Risk
C12136,52,1,89.17,4,1,1,411,New Customers
C12137,271,2,103.97,1,1,1,111,Hibernating Customers
C12138,129,4,522.79,3,3,3,333,Hibernating Customers
C12139,420,3,154.83,1,2,1,121,Hibernating Customers
C12140,10,1,57.36,5,1,1,511,New Customers
C12141,175,1,5.39,2,1,1,211,Hibernating Customers
C12142,113,5,1605.68,3,4,5,345,Loyal Customers
C12143,16,6,361.47,5,4,2,542,Loyal Customers
C12144,103,5,2949.03,3,4,5,345,Loyal Customers
C12146,26,4,658.72,5,3,4,534,Hibernating Customers
C12147,357,5,724.02,1,4,4,144,At Risk
C12148,131,6,710.67,3,4,4,344,Loyal Customers
C12149,80,2,73.54,4,1,1,411,New Customers
C12150,42,2,176.12,4,1,2,412,New Customers
C12151,43,5,934.19,4,4,4,444,Champions
C12152,206,3,218,2,2,2,222,Hibernating Customers
C12153,7,4,578.8,5,3,3,533,Hibernating Customers
C12154,45,5,373.11,4,4,3,443,Loyal Customers
C12155,132,5,574.39,3,4,3,343,Loyal Customers
C12156,162,10,2866.3,2,5,5,255,At Risk
C12157,120,2,168.24,3,1,1,311,Hibernating Customers
C12158,16,10,3223.83,5,5,5,555,Champions
C12159,9,5,2560.04,5,4,5,545,Champions
C12160,196,6,1538.09,2,4,5,245,At Risk
C12161,43,7,323.8,4,5,2,452,Loyal Customers
C12162,110,4,394.69,3,3,3,333,Hibernating Customers
C12163,439,6,2878.16,1,4,5,145,At Risk
C12164,118,3,201.1,3,2,2,322,Hibernating Customers
C12165,13,4,198.2,5,3,2,532,Hibernating Customers
C12166,94,3,267.92,3,2,2,322,Hibernating Customers
C12167,456,3,212.85,1,2,2,122,Hibernating Customers
C12168,50,1,7.85,4,1,1,411,New Customers
C12169,203,6,584.43,2,4,3,243,At Risk
C12170,198,6,279.26,2,4,2,242,At Risk
C12171,279,2,76.24,1,1,1,111,Hibernating Customers
C12172,104,6,1394.41,3,4,5,345,Loyal Customers
C12173,350,2,50.02,1,1,1,111,Hibernating Customers
C12174,527,2,24.96,1,1,1,111,Hibernating Customers
C12175,352,5,522.65,1,4,3,143,At Risk
C12176,65,4,170.18,4,3,1,431,Hibernating Customers
C12177,76,2,54.69,4,1,1,411,New Customers
C12178,185,4,725,2,3,4,234,At Risk
C12179,138,6,2593.18,3,4,5,345,Loyal Customers
C12180,105,4,725.03,3,3,4,334,Hibernating Customers
C12181,24,5,237.65,5,4,2,542,Loyal Customers
C12182,177,3,47.86,2,2,1,221,Hibernating Customers
C12183,323,2,218.42,1,1,2,112,Hibernating Customers
C12184,7,1,17.71,5,1,1,511,New Customers
C12185,229,5,252.17,2,4,2,242,At Risk
C12186,406,4,561.94,1,3,3,133,At Risk
C12187,255,3,511.64,2,2,3,223,Hibernating Customers
C12188,15,6,1417.14,5,4,5,545,Champions
C12189,102,1,61.51,3,1,1,311,Hibernating Customers
C12190,1,8,3401.64,5,5,5,555,Champions
C12191,191,3,812.65,2,2,4,224,Hibernating Customers
C12192,123,3,707.41,3,2,4,324,Hibernating Customers
C12193,271,2,1093.19,1,1,4,114,Hibernating Customers
C12194,135,9,1757.05,3,5,5,355,Loyal Customers
C12195,4,3,465.23,5,2,3,523,New Customers
C12196,37,8,2927.74,4,5,5,455,Champions
C12197,70,3,176.83,4,2,2,422,New Customers
C12198,184,4,292.17,2,3,2,232,At Risk
C12199,23,2,411.02,5,1,3,513,New Customers
C12200,92,4,1186.41,3,3,5,335,Hibernating Customers
C12201,109,2,55.65,3,1,1,311,Hibernating Customers
C12202,23,4,644.62,5,3,3,533,Hibernating Customers
C12203,55,5,2543.74,4,4,5,445,Champions
C12204,189,5,374.09,2,4,3,243,At Risk
C12205,50,4,308.95,4,3,2,432,Hibernating Customers
C12206,238,3,635.03,2,2,3,223,Hibernating Customers
C12207,120,4,534.18,3,3,3,333,Hibernating Customers
C12208,411,5,1136.4,1,4,5,145,At Risk
C12209,156,4,946.27,2,3,4,234,At Risk
C12210,89,3,397.47,3,2,3,323,Hibernating Customers
C12211,149,6,443.33,3,4,3,343,Loyal Customers
C12212,9,7,726.23,5,5,4,554,Champions
C12213,511,2,103.79,1,1,1,111,Hibernating Customers
C12214,29,1,13.36,5,1,1,511,New Customers
C12215,38,4,831.96,4,3,4,434,Hibernating Customers
C12216,107,3,590.72,3,2,3,323,Hibernating Customers
C12217,12,5,731.48,5,4,4,544,Champions
C12218,145,3,692.43,3,2,4,324,Hibernating Customers
C12219,251,3,650.34,2,2,4,224,Hibernating Customers
C12220,161,6,467.81,2,4,3,243,At Risk
C12221,87,1,338.24,3,1,2,312,Hibernating Customers
C12222,123,2,61.27,3,1,1,311,Hibernating Customers
C12223,20,6,680.82,5,4,4,544,Champions
C12224,69,6,925.39,4,4,4,444,Champions
C12225,50,4,178.85,4,3,2,432,Hibernating Customers
C12226,203,6,598.31,2,4,3,243,At Risk
C12227,358,2,186.52,1,1,2,112,Hibernating Customers
C12228,44,6,304.63,4,4,2,442,Loyal Customers
C12229,68,1,136.45,4,1,1,411,New Customers
C12230,64,3,315.6,4,2,2,422,New Customers
C12231,38,3,177.87,4,2,2,422,New Customers
C12232,234,1,197.96,2,1,2,212,Hibernating Customers
C12233,37,8,655.8,4,5,4,454,Champions
C12234,20,5,482.49,5,4,3,543,Loyal Customers
C12235,43,4,108.91,4,3,1,431,Hibernating Customers
C12236,471,1,335.55,1,1,2,112,Hibernating Customers
C12237,197,3,292.72,2,2,2,222,Hibernating Customers
C12238,234,2,101.86,2,1,1,211,Hibernating Customers
C12239,216,3,299.44,2,2,2,222,Hibernating Customers
C12240,19,3,1046.87,5,2,4,524,New Customers
C12241,34,6,332.47,5,4,2,542,Loyal Customers
C12242,53,4,1268.1,4,3,5,435,Hibernating Customers
C12243,56,8,512.01,4,5,3,453,Loyal Customers
C12244,210,3,292.5,2,2,2,222,Hibernating Customers
C12245,164,3,549.96,2,2,3,223,Hibernating Customers
C12246,57,5,310.5,4,4,2,442,Loyal Customers
C12247,7,2,103.55,5,1,1,511,New Customers
C12248,108,7,389.47,3,5,3,353,Loyal Customers
C12249,80,4,340.3,4,3,2,432,Hibernating Customers
C12250,162,1,23.26,2,1,1,211,Hibernating Customers
C12251,66,4,550.63,4,3,3,433,Hibernating Customers
C12252,132,2,1394.83,3,1,5,315,Hibernating Customers
C12253,623,4,432.86,1,3,3,133,At Risk
C12254,34,2,90.19,5,1,1,511,New Customers
C12255,5,4,587.28,5,3,3,533,Hibernating Customers
C12256,3,8,574.32,5,5,3,553,Loyal Customers
C12257,433,3,979.55,1,2,4,124,Hibernating Customers
C12258,192,7,2906.08,2,5,5,255,At Risk
C12259,5,5,283.48,5,4,2,542,Loyal Customers
C12260,113,3,4176.94,3,2,5,325,Hibernating Customers
C12261,21,8,914.21,5,5,4,554,Champions
C12262,55,4,635.22,4,3,3,433,Hibernating Customers
C12263,215,6,3259.66,2,4,5,245,At Risk
C12264,92,5,345.24,3,4,2,342,Loyal Customers
C12265,11,6,2205.3,5,4,5,545,Champions
C12266,223,1,898.21,2,1,4,214,Hibernating Customers
C12267,140,6,687.94,3,4,4,344,Loyal Customers
C12268,7,5,736.8,5,4,4,544,Champions
C12269,25,5,392.99,5,4,3,543,Loyal Customers
C12270,378,2,165.06,1,1,1,111,Hibernating Customers
C12271,77,3,266.75,4,2,2,422,New Customers
C12272,160,4,659.46,2,3,4,234,At Risk
C12273,219,4,683.23,2,3,4,234,At Risk
C12274,183,6,237,2,4,2,242,At Risk
C12275,311,2,206.9,1,1,2,112,Hibernating Customers
C12276,145,4,123.56,3,3,1,331,Hibernating Customers
C12277,76,3,215.2,4,2,2,422,New Customers
C12278,164,4,2447.41,2,3,5,235,At Risk
C12279,60,5,426.41,4,4,3,443,Loyal Customers
C12280,42,6,622.23,4,4,3,443,Loyal Customers
C12281,221,3,98.07,2,2,1,221,Hibernating Customers
C12282,10,5,1574.28,5,4,5,545,Champions
C12283,15,3,1491.3,5,2,5,525,New Customers
C12284,323,3,1109.06,1,2,4,124,Hibernating Customers
C12285,38,5,349.64,4,4,2,442,Loyal Customers
C12286,102,4,1153.96,3,3,5,335,Hibernating Customers
C12287,107,2,279.7,3,1,2,312,Hibernating Customers
C12288,284,3,111.01,1,2,1,121,Hibernating Customers
C12289,89,4,246.29,3,3,2,332,Hibernating Customers
C12290,30,6,931.57,5,4,4,544,Champions
C12291,1,7,1862.45,5,5,5,555,Champions
C12292,112,6,538.27,3,4,3,343,Loyal Customers
C12293,17,4,386.73,5,3,3,533,Hibernating Customers
C12294,99,6,2302.73,3,4,5,345,Loyal Customers
C12295,46,5,745.26,4,4,4,444,Champions
C12296,6,9,1444.42,5,5,5,555,Champions
C12297,72,6,623.09,4,4,3,443,Loyal Customers
C12298,383,2,61.39,1,1,1,111,Hibernating Customers
C12299,218,4,276.14,2,3,2,232,At Risk
C12300,236,3,270.56,2,2,2,222,Hibernating Customers
C12301,327,1,25.48,1,1,1,111,Hibernating Customers
C12302,13,5,1495.48,5,4,5,545,Champions
C12303,469,4,647.81,1,3,4,134,At Risk
C12304,78,4,497.71,4,3,3,433,Hibernating Customers
C12305,153,3,2038.16,2,2,5,225,Hibernating Customers
C12306,65,4,91.56,4,3,1,431,Hibernating Customers
C12307,33,3,83.54,5,2,1,521,New Customers
C12308,676,1,27,1,1,1,111,Hibernating Customers
C12309,248,2,488.79,2,1,3,213,Hibernating Customers
C12310,95,3,565.06,3,2,3,323,Hibernating Customers
C12311,71,9,1997.21,4,5,5,455,Champions
C12312,90,1,42.28,3,1,1,311,Hibernating Customers
C12313,45,4,281.73,4,3,2,432,Hibernating Customers
C12314,238,3,189.84,2,2,2,222,Hibernating Customers
C12315,39,2,247.62,4,1,2,412,New Customers
C12316,150,2,194.93,3,1,2,312,Hibernating Customers
C12317,94,2,392.35,3,1,3,313,Hibernating Customers
C12318,347,2,125.59,1,1,1,111,Hibernating Customers
C12319,117,2,90.99,3,1,1,311,Hibernating Customers
C12320,124,4,189.42,3,3,2,332,Hibernating Customers
C12321,143,5,192.27,3,4,2,342,Loyal Customers
C12322,153,7,718.04,2,5,4,254,At Risk
C12323,122,3,251.1,3,2,2,322,Hibernating Customers
C12324,186,9,1508.99,2,5,5,255,At Risk
C12325,288,1,370.65,1,1,3,113,Hibernating Customers
C12326,44,6,204.86,4,4,2,442,Loyal Customers
C12327,174,6,1093.18,2,4,4,244,At Risk
C12328,193,1,52.68,2,1,1,211,Hibernating Customers
C12329,47,6,609.87,4,4,3,443,Loyal Customers
C12330,23,6,1031.82,5,4,4,544,Champions
C12331,60,4,827.62,4,3,4,434,Hibernating Customers
C12332,372,5,573.02,1,4,3,143,At Risk
C12333,311,2,154.65,1,1,1,111,Hibernating Customers
C12334,14,4,420.16,5,3,3,533,Hibernating Customers
C12335,46,4,397.67,4,3,3,433,Hibernating Customers
C12336,234,4,1401.2,2,3,5,235,At Risk
C12337,32,7,1443.55,5,5,5,555,Champions
C12338,37,5,649.59,4,4,4,444,Champions
C12339,91,6,157.86,3,4,1,341,Loyal Customers
C12340,31,6,385.99,5,4,3,543,Loyal Customers
C12341,218,3,1076.12,2,2,4,224,Hibernating Customers
C12342,143,3,1070.58,3,2,4,324,Hibernating Customers
C12343,132,6,792.52,3,4,4,344,Loyal Customers
C12344,371,2,217.95,1,1,2,112,Hibernating Customers
C12345,5,3,132.01,5,2,1,521,New Customers
C12346,209,2,85.5,2,1,1,211,Hibernating Customers
C12347,112,5,812.33,3,4,4,344,Loyal Customers
C12348,13,6,1787.25,5,4,5,545,Champions
C12349,94,9,1325.8,3,5,5,355,Loyal Customers
C12350,85,4,1676.41,3,3,5,335,Hibernating Customers
C12351,116,2,558.75,3,1,3,313,Hibernating Customers
C12352,78,7,1324.62,4,5,5,455,Champions
C12353,717,1,331.48,1,1,2,112,Hibernating Customers
C12354,124,6,521.43,3,4,3,343,Loyal Customers
C12355,28,9,801.38,5,5,4,554,Champions
C12356,200,3,624.35,2,2,3,223,Hibernating Customers
C12357,21,4,626.33,5,3,3,533,Hibernating Customers
C12358,22,2,439.14,5,1,3,513,New Customers
C12359,151,3,274.01,3,2,2,322,Hibernating Customers
C12360,241,2,449.5,2,1,3,213,Hibernating Customers
C12361,151,3,372.8,3,2,3,323,Hibernating Customers
C12362,538,2,1177.94,1,1,5,115,Hibernating Customers
C12363,51,4,797.13,4,3,4,434,Hibernating Customers
C12364,83,7,1322.37,4,5,5,455,Champions
C12365,17,5,558.6,5,4,3,543,Loyal Customers
C12366,20,5,2324.04,5,4,5,545,Champions
C12367,55,9,1494.94,4,5,5,455,Champions
C12368,49,6,906.62,4,4,4,444,Champions
C12369,41,6,150.27,4,4,1,441,Loyal Customers
C12370,44,2,514.45,4,1,3,413,New Customers
C12371,215,7,2611.44,2,5,5,255,At Risk
C12372,107,5,1027.16,3,4,4,344,Loyal Customers
C12373,92,3,110.07,3,2,1,321,Hibernating Customers
C12374,103,4,661.49,3,3,4,334,Hibernating Customers
C12375,28,3,242.6,5,2,2,522,New Customers
C12376,33,6,587.18,5,4,3,543,Loyal Customers
C12377,191,6,830.61,2,4,4,244,At Risk
C12378,140,4,439.28,3,3,3,333,Hibernating Customers
C12379,87,6,1336.37,3,4,5,345,Loyal Customers
C12380,448,3,1813.8,1,2,5,125,Hibernating Customers
C12381,69,9,2882.22,4,5,5,455,Champions
C12382,146,5,378.17,3,4,3,343,Loyal Customers
C12383,407,2,296.76,1,1,2,112,Hibernating Customers
C12384,20,4,699.25,5,3,4,534,Hibernating Customers
C12385,196,2,49.91,2,1,1,211,Hibernating Customers
C12386,139,5,383.72,3,4,3,343,Loyal Customers
C12387,308,3,192.15,1,2,2,122,Hibernating Customers
C12389,108,3,1286.79,3,2,5,325,Hibernating Customers
C12390,241,4,486.21,2,3,3,233,At Risk
C12391,119,4,710.64,3,3,4,334,Hibernating Customers
C12392,6,4,131.02,5,3,1,531,Hibernating Customers
C12393,426,2,27.32,1,1,1,111,Hibernating Customers
C12394,285,4,1152.01,1,3,5,135,At Risk
C12395,182,6,1510.44,2,4,5,245,At Risk
C12396,51,5,887.17,4,4,4,444,Champions
C12397,231,8,1279.02,2,5,5,255,At Risk
C12398,226,5,890.36,2,4,4,244,At Risk
C12399,17,3,734.15,5,2,4,524,New Customers
C12400,103,3,426.58,3,2,3,323,Hibernating Customers
C12401,173,5,710.16,2,4,4,244,At Risk
C12402,18,3,120.22,5,2,1,521,New Customers
C12403,131,4,597.65,3,3,3,333,Hibernating Customers
C12404,128,2,128.9,3,1,1,311,Hibernating Customers
C12405,300,1,21.54,1,1,1,111,Hibernating Customers
C12406,254,1,23.56,2,1,1,211,Hibernating Customers
C12407,97,5,540.82,3,4,3,343,Loyal Customers
C12408,30,2,832.65,5,1,4,514,New Customers
C12409,162,3,727.71,2,2,4,224,Hibernating Customers
C12410,60,5,271,4,4,2,442,Loyal Customers
C12411,67,4,1028.96,4,3,4,434,Hibernating Customers
C12412,345,3,659.06,1,2,4,124,Hibernating Customers
C12413,181,7,847.72,2,5,4,254,At Risk
C12414,157,3,594.17,2,2,3,223,Hibernating Customers
C12415,124,12,1299.13,3,5,5,355,Loyal Customers
C12416,19,5,1302.39,5,4,5,545,Champions
C12417,7,3,545.88,5,2,3,523,New Customers
C12418,186,4,359.74,2,3,2,232,At Risk
C12419,75,6,2032.46,4,4,5,445,Champions
C12420,249,1,583.89,2,1,3,213,Hibernating Customers
C12421,40,6,779.88,4,4,4,444,Champions
C12422,9,8,1250.96,5,5,5,555,Champions
C12423,129,6,780.65,3,4,4,344,Loyal Customers
C12424,121,3,284.33,3,2,2,322,Hibernating Customers
C12425,19,2,14.37,5,1,1,511,New Customers
C12426,239,6,457.01,2,4,3,243,At Risk
C12427,55,5,6480.16,4,4,5,445,Champions
C12428,94,8,743.73,3,5,4,354,Loyal Customers
C12429,79,6,571.91,4,4,3,443,Loyal Customers
C12430,117,5,1343.14,3,4,5,345,Loyal Customers
C12431,74,6,1083.86,4,4,4,444,Champions
C12432,33,5,704.19,5,4,4,544,Champions
C12433,24,6,277.29,5,4,2,542,Loyal Customers
C12434,131,4,1944.35,3,3,5,335,Hibernating Customers
C12435,9,4,654.56,5,3,4,534,Hibernating Customers
C12436,173,3,662,2,2,4,224,Hibernating Customers
C12437,29,3,980.01,5,2,4,524,New Customers
C12438,164,6,842.82,2,4,4,244,At Risk
C12439,449,3,82.64,1,2,1,121,Hibernating Customers
C12440,31,5,4368.68,5,4,5,545,Champions
C12441,29,4,174.36,5,3,2,532,Hibernating Customers
C12442,485,4,313.81,1,3,2,132,At Risk
C12443,199,5,1342.28,2,4,5,245,At Risk
C12444,165,3,260.36,2,2,2,222,Hibernating Customers
C12445,318,4,845.54,1,3,4,134,At Risk
C12446,121,9,1005.15,3,5,4,354,Loyal Customers
C12447,84,3,230.68,4,2,2,422,New Customers
C12448,68,5,616.32,4,4,3,443,Loyal Customers
C12449,8,5,1681.61,5,4,5,545,Champions
C12450,218,2,958.73,2,1,4,214,Hibernating Customers
C12451,112,5,162.63,3,4,1,341,Loyal Customers
C12452,88,6,632,3,4,3,343,Loyal Customers
C12453,406,1,42.13,1,1,1,111,Hibernating Customers
C12454,344,3,149.53,1,2,1,121,Hibernating Customers
C12455,200,3,322.28,2,2,2,222,Hibernating Customers
C12456,462,3,145.91,1,2,1,121,Hibernating Customers
C12457,44,2,65.8,4,1,1,411,New Customers
C12458,18,1,1115.96,5,1,4,514,New Customers
C12459,99,3,411.35,3,2,3,323,Hibernating Customers
C12460,234,6,293.63,2,4,2,242,At Risk
C12461,82,6,1136.91,4,4,5,445,Champions
C12462,159,5,634,2,4,3,243,At Risk
C12463,32,4,284.4,5,3,2,532,Hibernating Customers
C12464,606,1,1.63,1,1,1,111,Hibernating Customers
C12465,9,3,41.84,5,2,1,521,New Customers
C12466,29,9,843.3,5,5,4,554,Champions
C12467,420,4,1247.26,1,3,5,135,At Risk
C12468,290,5,463.45,1,4,3,143,At Risk
C12469,242,4,605.14,2,3,3,233,At Risk
C12470,83,3,409.9,4,2,3,423,New Customers
C12471,117,3,1572.49,3,2,5,325,Hibernating Customers
C12472,102,6,3373.99,3,4,5,345,Loyal Customers
C12473,82,4,1051.36,4,3,4,434,Hibernating Customers
C12474,67,6,518.63,4,4,3,443,Loyal Customers
C12475,55,6,267.22,4,4,2,442,Loyal Customers
C12476,7,4,54.15,5,3,1,531,Hibernating Customers
C12477,405,3,612.5,1,2,3,123,Hibernating Customers
C12478,331,2,217.78,1,1,2,112,Hibernating Customers
C12479,21,3,936.78,5,2,4,524,New Customers
C12480,9,4,309.49,5,3,2,532,Hibernating Customers
C12481,263,3,234.03,2,2,2,222,Hibernating Customers
C12482,27,5,574.1,5,4,3,543,Loyal Customers
C12483,10,3,134.52,5,2,1,521,New Customers
C12484,387,2,727.69,1,1,4,114,Hibernating Customers
C12485,388,3,973.34,1,2,4,124,Hibernating Customers
C12486,93,5,184.8,3,4,2,342,Loyal Customers
C12487,36,2,29.6,5,1,1,511,New Customers
C12488,141,5,621.17,3,4,3,343,Loyal Customers
C12489,161,4,348.92,2,3,2,232,At Risk
C12490,70,5,70.95,4,4,1,441,Loyal Customers
C12491,1,5,239.87,5,4,2,542,Loyal Customers
C12492,51,4,575.17,4,3,3,433,Hibernating Customers
C12493,194,5,406.42,2,4,3,243,At Risk
C12494,39,7,1263.76,4,5,5,455,Champions
C12495,201,2,45.92,2,1,1,211,Hibernating Customers
C12496,455,3,80.11,1,2,1,121,Hibernating Customers
C12497,60,3,500.59,4,2,3,423,New Customers
C12498,307,2,756.59,1,1,4,114,Hibernating Customers
C12499,49,4,403.23,4,3,3,433,Hibernating Customers
C12500,10,6,731.96,5,4,4,544,Champions
C12501,361,4,1894.54,1,3,5,135,At Risk
C12502,197,6,96.33,2,4,1,241,At Risk
C12503,257,5,583.33,2,4,3,243,At Risk
C12504,74,7,385.48,4,5,3,453,Loyal Customers
C12505,232,3,569.59,2,2,3,223,Hibernating Customers
C12506,277,7,317.32,1,5,2,152,At Risk
C12507,284,3,58.57,1,2,1,121,Hibernating Customers
C12508,534,2,384.05,1,1,3,113,Hibernating Customers
C12509,319,2,59.69,1,1,1,111,Hibernating Customers
C12510,218,3,200.12,2,2,2,222,Hibernating Customers
C12511,116,10,2737.68,3,5,5,355,Loyal Customers
C12512,240,4,1341.16,2,3,5,235,At Risk
C12513,5,5,286.27,5,4,2,542,Loyal Customers
C12514,27,4,1277.74,5,3,5,535,Hibernating Customers
C12515,63,5,632.49,4,4,3,443,Loyal Customers
C12516,574,1,4.38,1,1,1,111,Hibernating Customers
C12517,254,2,1119.52,2,1,4,214,Hibernating Customers
C12518,563,1,1087.18,1,1,4,114,Hibernating Customers
C12519,443,1,6.52,1,1,1,111,Hibernating Customers
C12520,66,4,309.29,4,3,2,432,Hibernating Customers
C12521,61,8,781.32,4,5,4,454,Champions
C12522,573,1,20.38,1,1,1,111,Hibernating Customers
C12523,202,6,3840.09,2,4,5,245,At Risk
C12524,125,5,380.93,3,4,3,343,Loyal Customers
C12525,29,5,1601.05,5,4,5,545,Champions
C12526,100,4,542.52,3,3,3,333,Hibernating Customers
C12527,53,6,2872.38,4,4,5,445,Champions
C12528,166,5,1023.36,2,4,4,244,At Risk
C12529,189,7,1573.65,2,5,5,255,At Risk
C12530,266,5,700.19,1,4,4,144,At Risk
C12531,60,5,134.68,4,4,1,441,Loyal Customers
C12532,517,3,319.29,1,2,2,122,Hibernating Customers
C12533,121,2,1605.37,3,1,5,315,Hibernating Customers
C12534,700,1,2.72,1,1,1,111,Hibernating Customers
C12535,83,2,152.41,4,1,1,411,New Customers
C12536,133,5,484.13,3,4,3,343,Loyal Customers
C12537,60,3,275.27,4,2,2,422,New Customers
C12538,40,7,1443.16,4,5,5,455,Champions
C12539,260,5,622.37,2,4,3,243,At Risk
C12540,169,2,510.36,2,1,3,213,Hibernating Customers
C12541,170,4,162.26,2,3,1,231,At Risk
C12542,258,4,518.02,2,3,3,233,At Risk
C12543,330,2,437.01,1,1,3,113,Hibernating Customers
C12544,104,5,256.86,3,4,2,342,Loyal Customers
C12545,88,3,996,3,2,4,324,Hibernating Customers
C12546,36,5,391.38,5,4,3,543,Loyal Customers
C12547,271,3,619.12,1,2,3,123,Hibernating Customers
C12548,215,4,740.1,2,3,4,234,At Risk
C12549,168,3,23.68,2,2,1,221,Hibernating Customers
C12550,102,7,3466.47,3,5,5,355,Loyal Customers
C12551,256,6,776.35,2,4,4,244,At Risk
C12552,83,6,540,4,4,3,443,Loyal Customers
C12553,138,6,1620.54,3,4,5,345,Loyal Customers
C12554,507,1,97.19,1,1,1,111,Hibernating Customers
C12555,59,6,730.66,4,4,4,444,Champions
C12556,112,8,2576.55,3,5,5,355,Loyal Customers
C12557,20,5,712.52,5,4,4,544,Champions
C12558,8,8,889.86,5,5,4,554,Champions
C12559,47,2,147.97,4,1,1,411,New Customers
C12560,78,5,840.61,4,4,4,444,Champions
C12561,355,2,299.79,1,1,2,112,Hibernating Customers
C12562,113,9,2612.9,3,5,5,355,Loyal Customers
C12563,54,5,537.78,4,4,3,443,Loyal Customers
C12564,192,3,191.52,2,2,2,222,Hibernating Customers
C12565,97,5,361.93,3,4,2,342,Loyal Customers
C12566,86,5,1147.08,3,4,5,345,Loyal Customers
C12567,141,7,3616.09,3,5,5,355,Loyal Customers
C12568,122,9,1979.86,3,5,5,355,Loyal Customers
C12569,17,4,1129.87,5,3,4,534,Hibernating Customers
C12570,16,5,263.89,5,4,2,542,Loyal Customers
C12571,371,2,81.18,1,1,1,111,Hibernating Customers
C12572,140,2,63.61,3,1,1,311,Hibernating Customers
C12573,412,2,498.66,1,1,3,113,Hibernating Customers
C12574,390,3,307.88,1,2,2,122,Hibernating Customers
C12575,23,6,3157.02,5,4,5,545,Champions
C12576,13,4,113.26,5,3,1,531,Hibernating Customers
C12577,32,5,1553.83,5,4,5,545,Champions
C12578,199,2,70.49,2,1,1,211,Hibernating Customers
C12579,212,2,104.56,2,1,1,211,Hibernating Customers
C12580,394,3,83.51,1,2,1,121,Hibernating Customers
C12581,30,8,1299.57,5,5,5,555,Champions
C12582,34,4,415.84,5,3,3,533,Hibernating Customers
C12583,42,4,461.78,4,3,3,433,Hibernating Customers
C12584,215,5,1009.62,2,4,4,244,At Risk
C12585,272,1,8.16,1,1,1,111,Hibernating Customers
C12586,331,3,140.08,1,2,1,121,Hibernating Customers
C12587,266,5,1098.41,1,4,4,144,At Risk
C12588,459,2,134.03,1,1,1,111,Hibernating Customers
C12589,242,3,314.81,2,2,2,222,Hibernating Customers
C12590,72,6,1074.97,4,4,4,444,Champions
C12591,139,5,814.87,3,4,4,344,Loyal Customers
C12592,138,1,30.07,3,1,1,311,Hibernating Customers
C12593,10,7,217.71,5,5,2,552,Loyal Customers
C12594,4,5,869.68,5,4,4,544,Champions
C12595,261,2,170.54,2,1,1,211,Hibernating Customers
C12596,151,4,212.19,3,3,2,332,Hibernating Customers
C12597,39,9,471.37,4,5,3,453,Loyal Customers
C12598,12,6,370.13,5,4,3,543,Loyal Customers
C12599,106,4,127.99,3,3,1,331,Hibernating Customers
C12600,219,5,4283.46,2,4,5,245,At Risk
C12601,47,5,462.97,4,4,3,443,Loyal Customers
C12602,252,2,34.32,2,1,1,211,Hibernating Customers
C12603,53,4,427.42,4,3,3,433,Hibernating Customers
C12604,36,5,573.07,5,4,3,543,Loyal Customers
C12605,225,5,834.69,2,4,4,244,At Risk
C12606,47,5,175.89,4,4,2,442,Loyal Customers
C12607,100,4,1029.78,3,3,4,334,Hibernating Customers
C12608,158,3,1077.85,2,2,4,224,Hibernating Customers
C12609,554,2,81.68,1,1,1,111,Hibernating Customers
C12610,15,4,934.14,5,3,4,534,Hibernating Customers
C12611,359,2,49.8,1,1,1,111,Hibernating Customers
C12612,97,6,189.2,3,4,2,342,Loyal Customers
C12613,202,3,235.82,2,2,2,222,Hibernating Customers
C12614,52,4,240.5,4,3,2,432,Hibernating Customers
C12615,345,3,84.09,1,2,1,121,Hibernating Customers
C12616,38,4,422.56,4,3,3,433,Hibernating Customers
C12617,281,2,557.88,1,1,3,113,Hibernating Customers
C12618,404,3,474.72,1,2,3,123,Hibernating Customers
C12619,228,2,633.1,2,1,3,213,Hibernating Customers
C12620,266,3,203.83,1,2,2,122,Hibernating Customers
C12621,367,8,2407.49,1,5,5,155,At Risk
C12622,444,1,69.67,1,1,1,111,Hibernating Customers
C12623,97,5,3030.28,3,4,5,345,Loyal Customers
C12624,8,4,2962.89,5,3,5,535,Hibernating Customers
C12625,20,6,848.15,5,4,4,544,Champions
C12626,95,3,1169.04,3,2,5,325,Hibernating Customers
C12627,47,2,769.24,4,1,4,414,New Customers
C12628,52,2,270.93,4,1,2,412,New Customers
C12629,639,1,47.24,1,1,1,111,Hibernating Customers
C12630,56,6,700.02,4,4,4,444,Champions
C12631,130,5,1655.04,3,4,5,345,Loyal Customers
C12632,145,4,285.54,3,3,2,332,Hibernating Customers
C12633,302,4,379.51,1,3,3,133,At Risk
C12634,14,5,1244.89,5,4,5,545,Champions
C12635,197,3,74.7,2,2,1,221,Hibernating Customers
C12636,329,4,578.36,1,3,3,133,At Risk
C12637,22,4,541.62,5,3,3,533,Hibernating Customers
C12638,109,1,87.72,3,1,1,311,Hibernating Customers
C12639,334,5,519.11,1,4,3,143,At Risk
C12640,37,7,1102.47,4,5,4,454,Champions
C12641,471,2,527.17,1,1,3,113,Hibernating Customers
C12642,41,5,1514.11,4,4,5,445,Champions
C12643,446,2,1547.35,1,1,5,115,Hibernating Customers
C12644,354,3,767.48,1,2,4,124,Hibernating Customers
C12645,94,5,929.24,3,4,4,344,Loyal Customers
C12646,172,6,396.93,2,4,3,243,At Risk
C12647,77,2,315.96,4,1,2,412,New Customers
C12648,300,2,21.09,1,1,1,111,Hibernating Customers
C12649,339,4,778.7,1,3,4,134,At Risk
C12650,658,2,13.74,1,1,1,111,Hibernating Customers
C12651,339,2,131.66,1,1,1,111,Hibernating Customers
C12652,179,5,2688.03,2,4,5,245,At Risk
C12653,90,5,242.8,3,4,2,342,Loyal Customers
C12654,156,9,906.29,2,5,4,254,At Risk
C12655,210,5,1159.98,2,4,5,245,At Risk
C12656,89,3,1820.14,3,2,5,325,Hibernating Customers
C12657,174,8,894.65,2,5,4,254,At Risk
C12658,155,4,564.77,2,3,3,233,At Risk
C12659,249,6,935.41,2,4,4,244,At Risk
C12660,50,7,1238.89,4,5,5,455,Champions
C12661,35,6,3997.61,5,4,5,545,Champions
C12662,44,3,176.05,4,2,2,422,New Customers
C12663,140,2,129.78,3,1,1,311,Hibernating Customers
C12664,261,3,453.01,2,2,3,223,Hibernating Customers
C12665,12,8,1269.34,5,5,5,555,Champions
C12666,126,7,3275.39,3,5,5,355,Loyal Customers
C12667,8,5,100.18,5,4,1,541,Loyal Customers
C12668,37,9,1369.98,4,5,5,455,Champions
C12669,124,5,327.86,3,4,2,342,Loyal Customers
C12670,193,7,1691.19,2,5,5,255,At Risk
C12671,233,4,697.5,2,3,4,234,At Risk
C12672,11,6,1214.8,5,4,5,545,Champions
C12673,240,2,48.19,2,1,1,211,Hibernating Customers
C12674,75,5,2178.59,4,4,5,445,Champions
C12675,82,9,1238.43,4,5,5,455,Champions
C12677,178,3,771.21,2,2,4,224,Hibernating Customers
C12678,684,2,177.83,1,1,2,112,Hibernating Customers
C12679,117,5,685.83,3,4,4,344,Loyal Customers
C12680,110,3,354.6,3,2,2,322,Hibernating Customers
C12681,203,6,753.61,2,4,4,244,At Risk
C12682,420,5,2678.3,1,4,5,145,At Risk
C12683,287,2,468.36,1,1,3,113,Hibernating Customers
C12684,578,2,311.69,1,1,2,112,Hibernating Customers
C12685,62,4,432.87,4,3,3,433,Hibernating Customers
C12686,36,10,592.84,5,5,3,553,Loyal Customers
C12687,256,2,96.9,2,1,1,211,Hibernating Customers
C12688,33,3,634.4,5,2,3,523,New Customers
C12689,213,4,1657.21,2,3,5,235,At Risk
C12690,282,4,1754.84,1,3,5,135,At Risk
C12691,71,2,297.67,4,1,2,412,New Customers
C12692,62,5,287.85,4,4,2,442,Loyal Customers
C12693,57,6,993.53,4,4,4,444,Champions
C12694,107,5,835.38,3,4,4,344,Loyal Customers
C12695,556,1,177.35,1,1,2,112,Hibernating Customers
C12696,101,7,773.62,3,5,4,354,Loyal Customers
C12697,388,3,421.78,1,2,3,123,Hibernating Customers
C12698,277,1,400.92,1,1,3,113,Hibernating Customers
C12699,396,3,768.51,1,2,4,124,Hibernating Customers
C12700,328,6,1217.65,1,4,5,145,At Risk
C12701,290,2,108.8,1,1,1,111,Hibernating Customers
C12702,71,5,346.7,4,4,2,442,Loyal Customers
C12703,62,4,481.84,4,3,3,433,Hibernating Customers
C12704,315,3,424.24,1,2,3,123,Hibernating Customers
C12705,59,9,880.05,4,5,4,454,Champions
C12706,21,1,95.6,5,1,1,511,New Customers
C12707,434,3,188.92,1,2,2,122,Hibernating Customers
C12708,36,9,2034.01,5,5,5,555,Champions
C12709,5,3,905.36,5,2,4,524,New Customers
C12710,623,3,221.26,1,2,2,122,Hibernating Customers
C12711,133,8,399.16,3,5,3,353,Loyal Customers
C12712,149,3,351.99,3,2,2,322,Hibernating Customers
C12713,4,7,438.32,5,5,3,553,Loyal Customers
C12714,387,1,505.43,1,1,3,113,Hibernating Customers
C12715,594,1,22.21,1,1,1,111,Hibernating Customers
C12716,51,3,534.62,4,2,3,423,New Customers
C12717,171,5,430.66,2,4,3,243,At Risk
C12718,150,3,107.39,3,2,1,321,Hibernating Customers
C12719,249,2,368.69,2,1,3,213,Hibernating Customers
C12720,21,6,579.64,5,4,3,543,Loyal Customers
C12721,55,5,616.04,4,4,3,443,Loyal Customers
C12722,140,5,4442.84,3,4,5,345,Loyal Customers
C12723,144,5,495.83,3,4,3,343,Loyal Customers
C12724,14,3,280.33,5,2,2,522,New Customers
C12725,271,5,232,1,4,2,142,At Risk
C12726,167,3,234.41,2,2,2,222,Hibernating Customers
C12727,35,4,315.88,5,3,2,532,Hibernating Customers
C12728,321,7,2505.98,1,5,5,155,At Risk
C12729,114,3,464.31,3,2,3,323,Hibernating Customers
C12730,129,4,284.42,3,3,2,332,Hibernating Customers
C12731,10,7,572.91,5,5,3,553,Loyal Customers
C12732,156,6,983.8,2,4,4,244,At Risk
C12733,213,4,131.13,2,3,1,231,At Risk
C12734,60,4,346.58,4,3,2,432,Hibernating Customers
C12735,127,5,581.7,3,4,3,343,Loyal Customers
C12736,94,5,223.24,3,4,2,342,Loyal Customers
C12737,11,7,1742.43,5,5,5,555,Champions
C12738,60,6,1393.91,4,4,5,445,Champions
C12739,4,9,751.44,5,5,4,554,Champions
C12740,109,2,81.7,3,1,1,311,Hibernating Customers
C12741,89,3,619.61,3,2,3,323,Hibernating Customers
C12742,344,3,859.55,1,2,4,124,Hibernating Customers
C12743,145,5,994.1,3,4,4,344,Loyal Customers
C12744,301,2,549.13,1,1,3,113,Hibernating Customers
C12745,25,10,1506.89,5,5,5,555,Champions
C12746,116,4,997.94,3,3,4,334,Hibernating Customers
C12747,78,9,1022.69,4,5,4,454,Champions
C12748,27,2,410.12,5,1,3,513,New Customers
C12749,190,4,283.26,2,3,2,232,At Risk
C12750,13,7,488.4,5,5,3,553,Loyal Customers
C12751,477,1,142.6,1,1,1,111,Hibernating Customers
C12752,224,4,172.49,2,3,1,231,At Risk
C12753,300,2,42.19,1,1,1,111,Hibernating Customers
C12754,84,2,98.07,4,1,1,411,New Customers
C12755,17,4,675.55,5,3,4,534,Hibernating Customers
C12756,21,5,985.63,5,4,4,544,Champions
C12757,29,4,283.88,5,3,2,532,Hibernating Customers
C12758,62,3,180.12,4,2,2,422,New Customers
C12759,152,3,2310.49,2,2,5,225,Hibernating Customers
C12760,473,1,7.49,1,1,1,111,Hibernating Customers
C12761,34,4,194.34,5,3,2,532,Hibernating Customers
C12762,319,3,60.64,1,2,1,121,Hibernating Customers
C12763,53,7,4848.25,4,5,5,455,Champions
C12764,186,4,334.09,2,3,2,232,At Risk
C12765,132,9,1246.34,3,5,5,355,Loyal Customers
C12766,88,4,108.67,3,3,1,331,Hibernating Customers
C12767,8,1,37.21,5,1,1,511,New Customers
C12768,184,7,1774.22,2,5,5,255,At Risk
C12769,497,4,213.21,1,3,2,132,At Risk
C12770,181,3,2657.38,2,2,5,225,Hibernating Customers
C12771,2,2,832.03,5,1,4,514,New Customers
C12772,37,4,637.68,4,3,3,433,Hibernating Customers
C12773,71,8,1122.13,4,5,4,454,Champions
C12774,9,11,1006.5,5,5,4,554,Champions
C12775,103,7,1521.03,3,5,5,355,Loyal Customers
C12776,612,2,264.8,1,1,2,112,Hibernating Customers
C12777,184,4,318.91,2,3,2,232,At Risk
C12778,209,5,2508.17,2,4,5,245,At Risk
C12779,181,10,4481.49,2,5,5,255,At Risk
C12780,185,8,1101.15,2,5,4,254,At Risk
C12781,33,4,1098.3,5,3,4,534,Hibernating Customers
C12782,104,7,1269.08,3,5,5,355,Loyal Customers
C12783,284,3,1029.18,1,2,4,124,Hibernating Customers
C12784,16,6,2400.49,5,4,5,545,Champions
C12785,513,4,363.9,1,3,2,132,At Risk
C12786,13,6,1086.26,5,4,4,544,Champions
C12787,228,6,1796.09,2,4,5,245,At Risk
C12788,118,3,318.42,3,2,2,322,Hibernating Customers
C12789,53,2,134.07,4,1,1,411,New Customers
C12790,231,3,453.79,2,2,3,223,Hibernating Customers
C12791,138,7,554.03,3,5,3,353,Loyal Customers
C12792,52,3,377.6,4,2,3,423,New Customers
C12793,56,9,4403.61,4,5,5,455,Champions
C12794,466,4,1970.12,1,3,5,135,At Risk
C12795,125,5,227.22,3,4,2,342,Loyal Customers
C12796,24,3,953.78,5,2,4,524,New Customers
C12797,359,1,205.66,1,1,2,112,Hibernating Customers
C12798,193,3,140.73,2,2,1,221,Hibernating Customers
C12799,59,5,324.25,4,4,2,442,Loyal Customers
C12800,5,7,876.11,5,5,4,554,Champions
C12801,476,2,709.44,1,1,4,114,Hibernating Customers
C12802,246,4,520.16,2,3,3,233,At Risk
C12803,205,5,1051.43,2,4,4,244,At Risk
C12804,96,6,382.36,3,4,3,343,Loyal Customers
C12805,425,2,133.08,1,1,1,111,Hibernating Customers
C12806,50,7,268.49,4,5,2,452,Loyal Customers
C12807,103,3,39.3,3,2,1,321,Hibernating Customers
C12808,39,9,824.25,4,5,4,454,Champions
C12809,3,7,432.75,5,5,3,553,Loyal Customers
C12810,41,9,875.81,4,5,4,454,Champions
C12811,96,6,1067.3,3,4,4,344,Loyal Customers
C12812,19,4,158.58,5,3,1,531,Hibernating Customers
C12813,30,2,80.88,5,1,1,511,New Customers
C12814,170,4,100.15,2,3,1,231,At Risk
C12815,35,3,375.41,5,2,3,523,New Customers
C12816,281,4,289.52,1,3,2,132,At Risk
C12817,117,6,2845.24,3,4,5,345,Loyal Customers
C12818,50,4,572.18,4,3,3,433,Hibernating Customers
C12819,120,2,224.16,3,1,2,312,Hibernating Customers
C12820,543,2,526.21,1,1,3,113,Hibernating Customers
C12821,22,4,745.36,5,3,4,534,Hibernating Customers
C12822,185,5,1450.54,2,4,5,245,At Risk
C12823,32,6,462.41,5,4,3,543,Loyal Customers
C12824,198,5,288.35,2,4,2,242,At Risk
C12825,61,4,1291.95,4,3,5,435,Hibernating Customers
C12826,198,2,131.88,2,1,1,211,Hibernating Customers
C12827,141,5,1351.65,3,4,5,345,Loyal Customers
C12828,461,3,122.76,1,2,1,121,Hibernating Customers
C12829,153,5,441.35,2,4,3,243,At Risk
C12830,316,2,715.51,1,1,4,114,Hibernating Customers
C12831,49,7,607.19,4,5,3,453,Loyal Customers
C12832,84,5,2904.57,4,4,5,445,Champions
C12833,302,3,153.28,1,2,1,121,Hibernating Customers
C12834,87,7,232.92,3,5,2,352,Loyal Customers
C12835,210,4,1009.4,2,3,4,234,At Risk
C12836,43,3,202.91,4,2,2,422,New Customers
C12837,100,5,3054.57,3,4,5,345,Loyal Customers
C12838,244,7,558.25,2,5,3,253,At Risk
C12839,34,3,33.25,5,2,1,521,New Customers
C12840,128,4,1398.81,3,3,5,335,Hibernating Customers
C12841,180,9,2367.33,2,5,5,255,At Risk
C12842,174,2,1367.75,2,1,5,215,Hibernating Customers
C12843,48,2,53.43,4,1,1,411,New Customers
C12844,46,6,840.22,4,4,4,444,Champions
C12845,68,4,2856.45,4,3,5,435,Hibernating Customers
C12846,48,7,620.27,4,5,3,453,Loyal Customers
C12847,90,4,1154.48,3,3,5,335,Hibernating Customers
C12848,103,2,168.28,3,1,1,311,Hibernating Customers
C12849,43,10,1108.92,4,5,4,454,Champions
C12850,140,7,1248.46,3,5,5,355,Loyal Customers
C12851,60,2,53.69,4,1,1,411,New Customers
C12852,143,3,98.4,3,2,1,321,Hibernating Customers
C12853,59,9,990.79,4,5,4,454,Champions
C12854,339,4,242.69,1,3,2,132,At Risk
C12855,191,5,417.26,2,4,3,243,At Risk
C12856,500,2,77.14,1,1,1,111,Hibernating Customers
C12857,41,7,732.79,4,5,4,454,Champions
C12858,9,1,10.16,5,1,1,511,New Customers
C12859,334,2,278.97,1,1,2,112,Hibernating Customers
C12860,134,4,252.03,3,3,2,332,Hibernating Customers
C12861,253,4,152.99,2,3,1,231,At Risk
C12862,35,2,210.22,5,1,2,512,New Customers
C12863,198,5,1212.68,2,4,5,245,At Risk
C12865,218,2,118.19,2,1,1,211,Hibernating Customers
C12866,42,9,1244.58,4,5,5,455,Champions
C12867,54,3,110.33,4,2,1,421,New Customers
C12868,300,3,808.91,1,2,4,124,Hibernating Customers
C12869,103,7,1272.99,3,5,5,355,Loyal Customers
C12870,203,4,270.25,2,3,2,232,At Risk
C12871,177,5,801.09,2,4,4,244,At Risk
C12872,37,4,1670.85,4,3,5,435,Hibernating Customers
C12873,159,5,1319.95,2,4,5,245,At Risk
C12874,627,1,9.14,1,1,1,111,Hibernating Customers
C12875,255,5,189.14,2,4,2,242,At Risk
C12876,29,2,405.56,5,1,3,513,New Customers
C12877,629,4,284.53,1,3,2,132,At Risk
C12878,158,4,242.26,2,3,2,232,At Risk
C12879,37,2,464.8,4,1,3,413,New Customers
C12880,177,2,847.19,2,1,4,214,Hibernating Customers
C12881,81,5,534.72,4,4,3,443,Loyal Customers
C12882,430,4,800.03,1,3,4,134,At Risk
C12883,375,5,311.38,1,4,2,142,At Risk
C12884,331,1,2.36,1,1,1,111,Hibernating Customers
C12885,414,1,7.66,1,1,1,111,Hibernating Customers
C12886,36,8,638.78,5,5,3,553,Loyal Customers
C12887,17,5,636.79,5,4,3,543,Loyal Customers
C12888,80,5,358.81,4,4,2,442,Loyal Customers
C12889,193,3,630.51,2,2,3,223,Hibernating Customers
C12890,538,2,231.17,1,1,2,112,Hibernating Customers
C12891,89,4,850.49,3,3,4,334,Hibernating Customers
C12892,86,10,3907.78,3,5,5,355,Loyal Customers
C12893,24,5,1152.29,5,4,5,545,Champions
C12894,127,4,339.81,3,3,2,332,Hibernating Customers
C12895,68,5,820.74,4,4,4,444,Champions
C12896,101,10,934.37,3,5,4,354,Loyal Customers
C12897,124,5,353.81,3,4,2,342,Loyal Customers
C12898,551,2,57.99,1,1,1,111,Hibernating Customers
C12899,104,4,864.98,3,3,4,334,Hibernating Customers
C12900,82,3,907.9,4,2,4,424,New Customers
C12901,81,5,298.91,4,4,2,442,Loyal Customers
C12902,106,7,1274.95,3,5,5,355,Loyal Customers
C12903,54,3,115.75,4,2,1,421,New Customers
C12904,153,2,53.63,2,1,1,211,Hibernating Customers
C12905,156,2,406.42,2,1,3,213,Hibernating Customers
C12906,187,6,1637.42,2,4,5,245,At Risk
C12907,207,1,6.98,2,1,1,211,Hibernating Customers
C12908,48,4,327.51,4,3,2,432,Hibernating Customers
C12909,106,5,225.19,3,4,2,342,Loyal Customers
C12910,145,4,553.28,3,3,3,333,Hibernating Customers
C12911,213,6,1656.86,2,4,5,245,At Risk
C12912,61,5,674.62,4,4,4,444,Champions
C12913,39,1,1007.06,4,1,4,414,New Customers
C12914,2,6,3787.7,5,4,5,545,Champions
C12915,103,4,1710.68,3,3,5,335,Hibernating Customers
C12916,19,5,1159.84,5,4,5,545,Champions
C12917,96,4,52.55,3,3,1,331,Hibernating Customers
C12918,260,6,365.71,2,4,2,242,At Risk
C12919,261,6,1245.85,2,4,5,245,At Risk
C12920,148,4,384.87,3,3,3,333,Hibernating Customers
C12921,75,5,462.78,4,4,3,443,Loyal Customers
C12922,6,7,1474.04,5,5,5,555,Champions
C12923,35,6,783.01,5,4,4,544,Champions
C12924,22,7,679.57,5,5,4,554,Champions
C12925,63,6,159.64,4,4,1,441,Loyal Customers
C12926,152,4,518.35,2,3,3,233,At Risk
C12927,171,3,667.24,2,2,4,224,Hibernating Customers
C12928,59,7,1876.17,4,5,5,455,Champions
C12930,221,5,321.03,2,4,2,242,At Risk
C12931,53,3,602.1,4,2,3,423,New Customers
C12932,158,1,218.92,2,1,2,212,Hibernating Customers
C12933,12,5,1933.17,5,4,5,545,Champions
C12934,125,5,1602.5,3,4,5,345,Loyal Customers
C12935,85,3,542.78,3,2,3,323,Hibernating Customers
C12936,527,3,667.48,1,2,4,124,Hibernating Customers
C12937,260,2,21.74,2,1,1,211,Hibernating Customers
C12938,112,9,2871.73,3,5,5,355,Loyal Customers
C12939,30,7,886.37,5,5,4,554,Champions
C12940,39,6,387.98,4,4,3,443,Loyal Customers
C12941,215,6,1006.52,2,4,4,244,At Risk
C12942,6,4,530.62,5,3,3,533,Hibernating Customers
C12943,635,2,426.5,1,1,3,113,Hibernating Customers
C12944,166,6,1366.4,2,4,5,245,At Risk
C12945,97,7,332.66,3,5,2,352,Loyal Customers
C12946,27,7,583.24,5,5,3,553,Loyal Customers
C12947,17,5,1193.19,5,4,5,545,Champions
C12948,21,4,207.31,5,3,2,532,Hibernating Customers
C12949,12,6,1250.86,5,4,5,545,Champions
C12950,52,5,483.61,4,4,3,443,Loyal Customers
C12951,43,6,230.54,4,4,2,442,Loyal Customers
C12952,190,4,284.23,2,3,2,232,At Risk
C12953,78,7,550.87,4,5,3,453,Loyal Customers
C12954,508,1,17.66,1,1,1,111,Hibernating Customers
C12955,639,1,9.93,1,1,1,111,Hibernating Customers
C12956,245,6,609.35,2,4,3,243,At Risk
C12957,279,2,31.12,1,1,1,111,Hibernating Customers
C12958,258,4,278.51,2,3,2,232,At Risk
C12959,50,7,912.74,4,5,4,454,Champions
C12960,77,3,438.27,4,2,3,423,New Customers
C12961,311,2,1346.78,1,1,5,115,Hibernating Customers
C12962,49,6,662.53,4,4,4,444,Champions
C12963,111,6,508.06,3,4,3,343,Loyal Customers
C12964,67,11,5784.85,4,5,5,455,Champions
C12965,25,7,2106.14,5,5,5,555,Champions
C12966,56,5,408.03,4,4,3,443,Loyal Customers
C12967,174,3,1007.52,2,2,4,224,Hibernating Customers
C12968,280,2,12.62,1,1,1,111,Hibernating Customers
C12969,12,4,804.97,5,3,4,534,Hibernating Customers
C12970,59,5,1395.24,4,4,5,445,Champions
C12971,6,9,798.84,5,5,4,554,Champions
C12972,36,8,2468.61,5,5,5,555,Champions
C12973,372,1,255.58,1,1,2,112,Hibernating Customers
C12974,307,2,86.09,1,1,1,111,Hibernating Customers
C12975,191,6,564.79,2,4,3,243,At Risk
C12976,43,4,1668.31,4,3,5,435,Hibernating Customers
C12977,124,7,336.79,3,5,2,352,Loyal Customers
C12978,91,6,676.34,3,4,4,344,Loyal Customers
C12979,119,6,521.42,3,4,3,343,Loyal Customers
C12980,73,3,177.92,4,2,2,422,New Customers
C12981,32,3,149.23,5,2,1,521,New Customers
C12982,48,2,365.97,4,1,2,412,New Customers
C12983,216,5,242.5,2,4,2,242,At Risk
C12984,281,2,849.66,1,1,4,114,Hibernating Customers
C12985,23,5,494.81,5,4,3,543,Loyal Customers
C12986,223,3,1748.35,2,2,5,225,Hibernating Customers
C12987,70,5,287.3,4,4,2,442,Loyal Customers
C12988,352,2,89.56,1,1,1,111,Hibernating Customers
C12989,47,6,612.64,4,4,3,443,Loyal Customers
C12990,32,10,362.35,5,5,2,552,Loyal Customers
C12991,85,3,192.33,3,2,2,322,Hibernating Customers
C12992,111,2,110.57,3,1,1,311,Hibernating Customers
C12993,19,6,464.01,5,4,3,543,Loyal Customers
C12994,160,6,523.48,2,4,3,243,At Risk
C12995,123,4,210.44,3,3,2,332,Hibernating Customers
C12996,363,2,48.75,1,1,1,111,Hibernating Customers
C12997,479,3,92.91,1,2,1,121,Hibernating Customers
C12998,152,3,68.38,2,2,1,221,Hibernating Customers
C12999,164,4,716.49,2,3,4,234,At Risk
C13001,389,2,421.46,1,1,3,113,Hibernating Customers
C13002,168,1,31.57,2,1,1,211,Hibernating Customers
C13003,168,3,408.42,2,2,3,223,Hibernating Customers
C13004,213,4,614.33,2,3,3,233,At Risk
C13005,100,8,1824.66,3,5,5,355,Loyal Customers
C13006,311,4,108.26,1,3,1,131,At Risk
C13007,192,3,142.98,2,2,1,221,Hibernating Customers
C13008,6,7,1151.3,5,5,5,555,Champions
C13009,346,6,1058.79,1,4,4,144,At Risk
C13010,62,9,1189.32,4,5,5,455,Champions
C13011,257,2,615.96,2,1,3,213,Hibernating Customers
C13012,37,4,152.41,4,3,1,431,Hibernating Customers
C13013,615,2,22.13,1,1,1,111,Hibernating Customers
C13015,7,2,134.36,5,1,1,511,New Customers
C13016,209,2,34.78,2,1,1,211,Hibernating Customers
C13017,54,3,28.07,4,2,1,421,New Customers
C13018,17,3,389.04,5,2,3,523,New Customers
C13019,25,5,790.24,5,4,4,544,Champions
C13020,51,6,145.23,4,4,1,441,Loyal Customers
C13021,105,5,448.31,3,4,3,343,Loyal Customers
C13022,3,6,1294.66,5,4,5,545,Champions
C13023,451,1,8.8,1,1,1,111,Hibernating Customers
C13024,706,1,109.45,1,1,1,111,Hibernating Customers
C13025,137,4,1262.03,3,3,5,335,Hibernating Customers
C13026,174,5,181.9,2,4,2,242,At Risk
C13027,325,2,64.02,1,1,1,111,Hibernating Customers
C13028,72,4,414.26,4,3,3,433,Hibernating Customers
C13029,176,7,464.06,2,5,3,253,At Risk
C13030,54,6,941.96,4,4,4,444,Champions
C13031,14,3,804.57,5,2,4,524,New Customers
C13032,11,6,1995.27,5,4,5,545,Champions
C13033,372,3,214.4,1,2,2,122,Hibernating Customers
C13034,113,8,1034.59,3,5,4,354,Loyal Customers
C13036,80,6,335.64,4,4,2,442,Loyal Customers
C13037,37,5,216.1,4,4,2,442,Loyal Customers
C13038,57,5,470.6,4,4,3,443,Loyal Customers
C13039,67,6,597.1,4,4,3,443,Loyal Customers
C13040,183,3,82.91,2,2,1,221,Hibernating Customers
C13041,323,6,282.96,1,4,2,142,At Risk
C13042,95,5,310.28,3,4,2,342,Loyal Customers
C13043,60,1,6.43,4,1,1,411,New Customers
C13044,57,7,203.9,4,5,2,452,Loyal Customers
C13045,139,1,121.22,3,1,1,311,Hibernating Customers
C13046,34,8,781.81,5,5,4,554,Champions
C13047,566,1,31.28,1,1,1,111,Hibernating Customers
C13048,20,5,275.44,5,4,2,542,Loyal Customers
C13049,147,3,985.4,3,2,4,324,Hibernating Customers
C13050,245,1,12.31,2,1,1,211,Hibernating Customers
C13051,180,4,290.62,2,3,2,232,At Risk
C13052,90,9,1015.59,3,5,4,354,Loyal Customers
C13053,54,2,267.03,4,1,2,412,New Customers
C13054,13,6,715.68,5,4,4,544,Champions
C13055,44,6,1529.82,4,4,5,445,Champions
C13056,15,6,542.48,5,4,3,543,Loyal Customers
C13057,80,5,493.97,4,4,3,443,Loyal Customers
C13058,261,1,29.68,2,1,1,211,Hibernating Customers
C13059,91,4,1834.85,3,3,5,335,Hibernating Customers
C13060,41,4,201.81,4,3,2,432,Hibernating Customers
C13061,70,5,523.72,4,4,3,443,Loyal Customers
C13062,53,5,133.65,4,4,1,441,Loyal Customers
C13063,117,4,809.17,3,3,4,334,Hibernating Customers
C13064,509,3,103.61,1,2,1,121,Hibernating Customers
C13065,23,6,299.15,5,4,2,542,Loyal Customers
C13066,7,5,314.87,5,4,2,542,Loyal Customers
C13067,25,4,1220.41,5,3,5,535,Hibernating Customers
C13068,103,2,24.9,3,1,1,311,Hibernating Customers
C13069,344,3,250.28,1,2,2,122,Hibernating Customers
C13070,481,1,912.63,1,1,4,114,Hibernating Customers
C13071,84,4,355.61,4,3,2,432,Hibernating Customers
C13072,54,8,795.7,4,5,4,454,Champions
C13073,125,4,2764.46,3,3,5,335,Hibernating Customers
C13074,301,2,177.06,1,1,2,112,Hibernating Customers
C13075,28,5,3484.67,5,4,5,545,Champions
C13076,76,5,200.56,4,4,2,442,Loyal Customers
C13078,344,4,876.8,1,3,4,134,At Risk
C13079,122,3,683.18,3,2,4,324,Hibernating Customers
C13080,250,3,220.2,2,2,2,222,Hibernating Customers
C13081,118,10,695.82,3,5,4,354,Loyal Customers
C13082,276,3,1171.15,1,2,5,125,Hibernating Customers
C13083,52,10,808.04,4,5,4,454,Champions
C13084,314,4,173.1,1,3,1,131,At Risk
C13085,351,3,240.19,1,2,2,122,Hibernating Customers
C13086,54,7,1112.98,4,5,4,454,Champions
C13087,300,7,512.13,1,5,3,153,At Risk
C13088,27,6,248.61,5,4,2,542,Loyal Customers
C13089,55,3,1356.09,4,2,5,425,New Customers
C13090,207,2,201.51,2,1,2,212,Hibernating Customers
C13091,459,3,175.67,1,2,2,122,Hibernating Customers
C13092,8,8,521.02,5,5,3,553,Loyal Customers
C13093,91,7,820.99,3,5,4,354,Loyal Customers
C13094,109,4,279.08,3,3,2,332,Hibernating Customers
C13095,81,3,145.64,4,2,1,421,New Customers
C13096,5,3,257.79,5,2,2,522,New Customers
C13097,69,6,2404.11,4,4,5,445,Champions
C13098,11,2,265,5,1,2,512,New Customers
C13099,133,4,1352.3,3,3,5,335,Hibernating Customers
C13100,208,2,203.5,2,1,2,212,Hibernating Customers
C13101,5,1,28.86,5,1,1,511,New Customers
C13102,118,4,677.29,3,3,4,334,Hibernating Customers
C13103,121,3,882.12,3,2,4,324,Hibernating Customers
C13104,134,6,1816.7,3,4,5,345,Loyal Customers
C13105,93,2,648.39,3,1,4,314,Hibernating Customers
C13106,114,2,39.14,3,1,1,311,Hibernating Customers
C13107,283,3,1659.2,1,2,5,125,Hibernating Customers
C13108,72,3,408.21,4,2,3,423,New Customers
C13109,70,7,1897.48,4,5,5,455,Champions
C13110,324,5,459.32,1,4,3,143,At Risk
C13111,161,3,2115.58,2,2,5,225,Hibernating Customers
C13112,163,2,87.07,2,1,1,211,Hibernating Customers
C13113,190,3,243.37,2,2,2,222,Hibernating Customers
C13114,292,3,392.91,1,2,3,123,Hibernating Customers
C13115,507,3,341.67,1,2,2,122,Hibernating Customers
C13116,72,5,909.59,4,4,4,444,Champions
C13117,156,5,321.89,2,4,2,242,At Risk
C13118,25,6,557.92,5,4,3,543,Loyal Customers
C13119,701,2,91.94,1,1,1,111,Hibernating Customers
C13120,169,6,953.91,2,4,4,244,At Risk
C13121,398,1,1240.35,1,1,5,115,Hibernating Customers
C13122,161,4,916.24,2,3,4,234,At Risk
C13123,292,7,379.21,1,5,3,153,At Risk
C13124,150,5,1015.42,3,4,4,344,Loyal Customers
C13125,61,4,553.5,4,3,3,433,Hibernating Customers
C13126,318,4,376.82,1,3,3,133,At Risk
C13127,401,4,264.08,1,3,2,132,At Risk
C13128,638,1,35.29,1,1,1,111,Hibernating Customers
C13129,281,5,185.91,1,4,2,142,At Risk
C13130,216,4,896.01,2,3,4,234,At Risk
C13131,186,3,574.65,2,2,3,223,Hibernating Customers
C13132,172,3,135.44,2,2,1,221,Hibernating Customers
C13133,25,4,352.95,5,3,2,532,Hibernating Customers
C13134,42,5,579.77,4,4,3,443,Loyal Customers
C13135,672,1,753.73,1,1,4,114,Hibernating Customers
C13136,80,6,491.05,4,4,3,443,Loyal Customers
C13137,9,9,2260.22,5,5,5,555,Champions
C13138,17,7,2370.13,5,5,5,555,Champions
C13139,18,6,634.51,5,4,3,543,Loyal Customers
C13140,55,10,1529.14,4,5,5,455,Champions
C13141,182,4,450.51,2,3,3,233,At Risk
C13142,69,4,429,4,3,3,433,Hibernating Customers
C13143,219,1,27.19,2,1,1,211,Hibernating Customers
C13144,1,7,684.95,5,5,4,554,Champions
C13145,69,4,158.64,4,3,1,431,Hibernating Customers
C13146,76,4,770.73,4,3,4,434,Hibernating Customers
C13147,43,5,1050.9,4,4,4,444,Champions
C13148,144,7,678.53,3,5,4,354,Loyal Customers
C13149,27,4,1566.22,5,3,5,535,Hibernating Customers
C13150,709,1,12.04,1,1,1,111,Hibernating Customers
C13151,33,5,287.84,5,4,2,542,Loyal Customers
C13152,78,7,899.83,4,5,4,454,Champions
C13153,143,6,452.51,3,4,3,343,Loyal Customers
C13154,366,2,35.27,1,1,1,111,Hibernating Customers
C13155,126,6,178.57,3,4,2,342,Loyal Customers
C13156,22,4,359.35,5,3,2,532,Hibernating Customers
C13157,48,6,1284.54,4,4,5,445,Champions
C13158,120,5,324.33,3,4,2,342,Loyal Customers
C13159,31,5,341.04,5,4,2,542,Loyal Customers
C13160,260,3,474.9,2,2,3,223,Hibernating Customers
C13161,8,5,122.6,5,4,1,541,Loyal Customers
C13162,36,6,1871.46,5,4,5,545,Champions
C13163,289,2,26.81,1,1,1,111,Hibernating Customers
C13164,19,6,621.42,5,4,3,543,Loyal Customers
C13165,423,3,791.32,1,2,4,124,Hibernating Customers
C13166,24,3,115.07,5,2,1,521,New Customers
C13167,15,3,1996.2,5,2,5,525,New Customers
C13168,87,5,168.07,3,4,1,341,Loyal Customers
C13170,40,7,451.88,4,5,3,453,Loyal Customers
C13171,20,5,546.63,5,4,3,543,Loyal Customers
C13172,588,2,300.22,1,1,2,112,Hibernating Customers
C13173,122,4,230.19,3,3,2,332,Hibernating Customers
C13174,58,9,1751.48,4,5,5,455,Champions
C13175,164,8,1357.19,2,5,5,255,At Risk
C13176,53,5,588.85,4,4,3,443,Loyal Customers
C13177,18,6,854.26,5,4,4,544,Champions
C13178,7,7,755.99,5,5,4,554,Champions
C13179,83,8,717.9,4,5,4,454,Champions
C13180,272,4,458.07,1,3,3,133,At Risk
C13181,63,4,807.36,4,3,4,434,Hibernating Customers
C13182,102,6,1475.3,3,4,5,345,Loyal Customers
C13183,82,9,1369.38,4,5,5,455,Champions
C13185,13,10,1103.62,5,5,4,554,Champions
C13186,2,3,373.07,5,2,3,523,New Customers
C13187,238,2,124.82,2,1,1,211,Hibernating Customers
C13188,14,4,476.47,5,3,3,533,Hibernating Customers
C13189,431,3,499.59,1,2,3,123,Hibernating Customers
C13190,72,9,1363.65,4,5,5,455,Champions
C13191,83,8,374.01,4,5,3,453,Loyal Customers
C13192,30,8,1828.51,5,5,5,555,Champions
C13193,59,3,677.79,4,2,4,424,New Customers
C13194,220,3,243.59,2,2,2,222,Hibernating Customers
C13195,196,3,330.45,2,2,2,222,Hibernating Customers
C13196,123,3,86.98,3,2,1,321,Hibernating Customers
C13197,136,4,1161.84,3,3,5,335,Hibernating Customers
C13198,30,6,769.39,5,4,4,544,Champions
C13199,202,6,1038.67,2,4,4,244,At Risk
C13200,59,3,74.46,4,2,1,421,New Customers
C13201,120,10,750.73,3,5,4,354,Loyal Customers
C13202,175,5,1713.89,2,4,5,245,At Risk
C13203,38,5,559.89,4,4,3,443,Loyal Customers
C13204,171,4,115.22,2,3,1,231,At Risk
C13205,6,9,706.09,5,5,4,554,Champions
C13206,436,3,398.72,1,2,3,123,Hibernating Customers
C13207,17,3,63.67,5,2,1,521,New Customers
C13208,407,1,81.78,1,1,1,111,Hibernating Customers
C13209,146,6,3217.64,3,4,5,345,Loyal Customers
C13211,162,2,115.95,2,1,1,211,Hibernating Customers
C13212,29,6,961.52,5,4,4,544,Champions
C13213,43,2,44.56,4,1,1,411,New Customers
C13214,179,4,268.61,2,3,2,232,At Risk
C13215,169,4,652.86,2,3,4,234,At Risk
C13216,176,6,2554.44,2,4,5,245,At Risk
C13217,266,6,625.52,1,4,3,143,At Risk
C13218,424,7,1334.6,1,5,5,155,At Risk
C13219,19,7,425.77,5,5,3,553,Loyal Customers
C13220,1,5,629.86,5,4,3,543,Loyal Customers
C13221,365,4,226.56,1,3,2,132,At Risk
C13222,19,2,579.13,5,1,3,513,New Customers
C13223,86,5,463,3,4,3,343,Loyal Customers
C13224,540,1,18.69,1,1,1,111,Hibernating Customers
C13225,86,4,662.78,3,3,4,334,Hibernating Customers
C13226,67,2,1329.6,4,1,5,415,New Customers
C13227,11,7,1426.6,5,5,5,555,Champions
C13228,191,4,475.71,2,3,3,233,At Risk
C13229,21,3,698.7,5,2,4,524,New Customers
C13230,418,2,704.84,1,1,4,114,Hibernating Customers
C13231,18,6,2340.25,5,4,5,545,Champions
C13232,33,6,186.09,5,4,2,542,Loyal Customers
C13233,98,3,200.84,3,2,2,322,Hibernating Customers
C13234,245,4,227.78,2,3,2,232,At Risk
C13235,428,3,165.54,1,2,1,121,Hibernating Customers
C13236,8,6,509.85,5,4,3,543,Loyal Customers
C13237,113,7,456,3,5,3,353,Loyal Customers
C13238,60,6,860.27,4,4,4,444,Champions
C13239,21,9,864.08,5,5,4,554,Champions
C13240,51,8,847.93,4,5,4,454,Champions
C13241,35,3,913.66,5,2,4,524,New Customers
C13242,161,6,993.89,2,4,4,244,At Risk
C13243,128,7,693.91,3,5,4,354,Loyal Customers
C13244,157,2,410.77,2,1,3,213,Hibernating Customers
C13245,50,3,276.78,4,2,2,422,New Customers
C13246,24,1,5.67,5,1,1,511,New Customers
C13247,90,8,768.19,3,5,4,354,Loyal Customers
C13248,150,3,284.05,3,2,2,322,Hibernating Customers
C13249,115,5,425.67,3,4,3,343,Loyal Customers
C13250,109,2,59.09,3,1,1,311,Hibernating Customers
C13251,306,4,399.74,1,3,3,133,At Risk
C13252,126,2,51.41,3,1,1,311,Hibernating Customers
C13253,41,6,1567.51,4,4,5,445,Champions
C13254,182,5,655.33,2,4,4,244,At Risk
C13255,212,6,1613.27,2,4,5,245,At Risk
C13256,290,1,2.15,1,1,1,111,Hibernating Customers
C13257,164,4,1362.3,2,3,5,235,At Risk
C13258,15,5,327.67,5,4,2,542,Loyal Customers
C13259,11,6,2528.14,5,4,5,545,Champions
C13260,164,7,542.43,2,5,3,253,At Risk
C13261,288,4,509.43,1,3,3,133,At Risk
C13262,38,6,1497.61,4,4,5,445,Champions
C13263,303,2,383.99,1,1,3,113,Hibernating Customers
C13264,295,4,275.24,1,3,2,132,At Risk
C13265,236,1,112.79,2,1,1,211,Hibernating Customers
C13266,34,7,858.92,5,5,4,554,Champions
C13267,111,7,668.83,3,5,4,354,Loyal Customers
C13268,177,1,606.95,2,1,3,213,Hibernating Customers
C13269,315,3,104.45,1,2,1,121,Hibernating Customers
C13270,11,5,237.34,5,4,2,542,Loyal Customers
C13271,403,5,844.08,1,4,4,144,At Risk
C13272,62,5,461.48,4,4,3,443,Loyal Customers
C13273,173,7,1062.6,2,5,4,254,At Risk
C13274,285,2,64.21,1,1,1,111,Hibernating Customers
C13275,20,6,704.48,5,4,4,544,Champions
C13276,269,5,861.12,1,4,4,144,At Risk
C13277,214,3,595.52,2,2,3,223,Hibernating Customers
C13278,103,4,710.63,3,3,4,334,Hibernating Customers
C13279,14,6,328.49,5,4,2,542,Loyal Customers
C13280,102,6,642.31,3,4,3,343,Loyal Customers
C13281,29,6,968.65,5,4,4,544,Champions
C13283,14,6,556.91,5,4,3,543,Loyal Customers
C13284,131,3,829.09,3,2,4,324,Hibernating Customers
C13285,142,6,684.57,3,4,4,344,Loyal Customers
C13286,254,2,59.59,2,1,1,211,Hibernating Customers
C13287,31,6,557.22,5,4,3,543,Loyal Customers
C13288,258,2,1751.88,2,1,5,215,Hibernating Customers
C13289,147,3,206.2,3,2,2,322,Hibernating Customers
C13290,91,6,699.5,3,4,4,344,Loyal Customers
C13291,141,10,2598.75,3,5,5,355,Loyal Customers
C13292,143,4,361.94,3,3,2,332,Hibernating Customers
C13293,67,4,329.78,4,3,2,432,Hibernating Customers
C13294,51,6,545.19,4,4,3,443,Loyal Customers
C13295,98,2,307.92,3,1,2,312,Hibernating Customers
C13296,129,2,82.33,3,1,1,311,Hibernating Customers
C13297,97,4,412.33,3,3,3,333,Hibernating Customers
C13298,131,2,182.57,3,1,2,312,Hibernating Customers
C13299,33,4,901.91,5,3,4,534,Hibernating Customers
C13300,103,5,751.27,3,4,4,344,Loyal Customers
C13301,178,6,644.51,2,4,3,243,At Risk
C13302,120,4,290.52,3,3,2,332,Hibernating Customers
C13303,178,1,11.98,2,1,1,211,Hibernating Customers
C13304,115,3,296.53,3,2,2,322,Hibernating Customers
C13305,322,4,1541.79,1,3,5,135,At Risk
C13306,200,5,107.78,2,4,1,241,At Risk
C13307,21,6,493.47,5,4,3,543,Loyal Customers
C13308,374,3,233.14,1,2,2,122,Hibernating Customers
C13309,7,7,1407.72,5,5,5,555,Champions
C13310,63,6,400.42,4,4,3,443,Loyal Customers
C13311,138,4,1122.59,3,3,4,334,Hibernating Customers
C13312,188,4,300.04,2,3,2,232,At Risk
C13313,231,2,112.56,2,1,1,211,Hibernating Customers
C13314,241,3,570.76,2,2,3,223,Hibernating Customers
C13315,723,1,154.19,1,1,1,111,Hibernating Customers
C13316,668,1,336.02,1,1,2,112,Hibernating Customers
C13317,119,5,1657.72,3,4,5,345,Loyal Customers
C13318,344,4,217.14,1,3,2,132,At Risk
C13319,213,3,855.78,2,2,4,224,Hibernating Customers
C13320,30,4,605.77,5,3,3,533,Hibernating Customers
C13321,345,2,254.07,1,1,2,112,Hibernating Customers
C13322,45,6,611.13,4,4,3,443,Loyal Customers
C13323,213,4,490.51,2,3,3,233,At Risk
C13324,46,8,546.35,4,5,3,453,Loyal Customers
C13325,177,5,1207.22,2,4,5,245,At Risk
C13326,6,5,362.34,5,4,2,542,Loyal Customers
C13327,38,3,867.3,4,2,4,424,New Customers
C13328,355,3,134.08,1,2,1,121,Hibernating Customers
C13329,300,3,516.11,1,2,3,123,Hibernating Customers
C13330,1,6,2797.23,5,4,5,545,Champions
C13331,193,7,405.26,2,5,3,253,At Risk
C13332,547,2,2648.76,1,1,5,115,Hibernating Customers
C13333,26,6,667.59,5,4,4,544,Champions
C13334,197,2,196.44,2,1,2,212,Hibernating Customers
C13335,482,2,84.34,1,1,1,111,Hibernating Customers
C13336,21,10,1415.66,5,5,5,555,Champions
C13337,145,5,580.69,3,4,3,343,Loyal Customers
C13338,26,7,272.2,5,5,2,552,Loyal Customers
C13339,320,6,239.3,1,4,2,142,At Risk
C13340,121,6,169.23,3,4,1,341,Loyal Customers
C13341,284,2,141.2,1,1,1,111,Hibernating Customers
C13342,17,9,2468.57,5,5,5,555,Champions
C13343,100,5,508.72,3,4,3,343,Loyal Customers
C13344,41,3,707.66,4,2,4,424,New Customers
C13345,14,4,428.78,5,3,3,533,Hibernating Customers
C13346,106,7,4426.12,3,5,5,355,Loyal Customers
C13347,105,4,310.1,3,3,2,332,Hibernating Customers
C13348,66,11,933.58,4,5,4,454,Champions
C13349,193,3,1446.49,2,2,5,225,Hibernating Customers
C13350,183,2,1209.3,2,1,5,215,Hibernating Customers
C13351,214,3,1689.87,2,2,5,225,Hibernating Customers
C13352,461,2,32.92,1,1,1,111,Hibernating Customers
C13353,148,3,841.79,3,2,4,324,Hibernating Customers
C13354,43,5,996.46,4,4,4,444,Champions
C13355,597,2,864.96,1,1,4,114,Hibernating Customers
C13356,53,5,131.27,4,4,1,441,Loyal Customers
C13357,20,5,727.83,5,4,4,544,Champions
C13358,91,6,487.1,3,4,3,343,Loyal Customers
C13359,68,6,265.14,4,4,2,442,Loyal Customers
C13360,36,5,1345.67,5,4,5,545,Champions
C13361,86,5,319.03,3,4,2,342,Loyal Customers
C13362,299,4,1269.11,1,3,5,135,At Risk
C13363,92,4,2216.81,3,3,5,335,Hibernating Customers
C13364,34,10,3890.8,5,5,5,555,Champions
C13365,198,2,215.85,2,1,2,212,Hibernating Customers
C13366,491,2,14.1,1,1,1,111,Hibernating Customers
C13367,55,6,622.92,4,4,3,443,Loyal Customers
C13368,23,9,1018.86,5,5,4,554,Champions
C13369,16,6,1642.22,5,4,5,545,Champions
C13370,7,6,1151.84,5,4,5,545,Champions
C13371,59,5,531.33,4,4,3,443,Loyal Customers
C13372,129,4,524.51,3,3,3,333,Hibernating Customers
C13373,102,8,1586.59,3,5,5,355,Loyal Customers
C13374,141,6,1388.78,3,4,5,345,Loyal Customers
C13375,603,2,22.69,1,1,1,111,Hibernating Customers
C13376,295,4,1076.7,1,3,4,134,At Risk
C13377,46,5,83.12,4,4,1,441,Loyal Customers
C13378,698,1,50.29,1,1,1,111,Hibernating Customers
C13379,96,4,248.55,3,3,2,332,Hibernating Customers
C13380,4,5,171.09,5,4,1,541,Loyal Customers
C13381,62,4,612.11,4,3,3,433,Hibernating Customers
C13382,275,2,258.82,1,1,2,112,Hibernating Customers
C13383,83,3,29.67,4,2,1,421,New Customers
C13384,45,5,188.95,4,4,2,442,Loyal Customers
C13385,22,7,760.71,5,5,4,554,Champions
C13386,471,2,65.85,1,1,1,111,Hibernating Customers
C13387,379,3,172.49,1,2,1,121,Hibernating Customers
C13388,304,6,253.07,1,4,2,142,At Risk
C13389,178,6,378.56,2,4,3,243,At Risk
C13390,38,7,1279.71,4,5,5,455,Champions
C13391,201,5,408.35,2,4,3,243,At Risk
C13392,32,6,437.85,5,4,3,543,Loyal Customers
C13393,24,1,55.51,5,1,1,511,New Customers
C13394,477,3,96.28,1,2,1,121,Hibernating Customers
C13395,121,6,1883.75,3,4,5,345,Loyal Customers
C13396,139,2,104.05,3,1,1,311,Hibernating Customers
C13397,19,5,278.16,5,4,2,542,Loyal Customers
C13398,7,6,823.66,5,4,4,544,Champions
C13399,77,3,349.29,4,2,2,422,New Customers
C13400,105,2,71.5,3,1,1,311,Hibernating Customers
C13401,209,6,280.01,2,4,2,242,At Risk
C13402,87,3,433,3,2,3,323,Hibernating Customers
C13403,85,6,730.55,3,4,4,344,Loyal Customers
C13404,300,2,310.45,1,1,2,112,Hibernating Customers
C13405,91,3,84.46,3,2,1,321,Hibernating Customers
C13406,25,6,172.28,5,4,1,541,Loyal Customers
C13407,38,6,2230.63,4,4,5,445,Champions
C13408,32,6,1097.01,5,4,4,544,Champions
C13409,51,2,40.61,4,1,1,411,New Customers
C13410,170,2,255.74,2,1,2,212,Hibernating Customers
C13411,21,7,1070.29,5,5,4,554,Champions
C13412,33,5,354.9,5,4,2,542,Loyal Customers
C13413,135,3,205.91,3,2,2,322,Hibernating Customers
C13414,1,9,4947.89,5,5,5,555,Champions
C13415,104,4,279.36,3,3,2,332,Hibernating Customers
C13416,201,6,426.15,2,4,3,243,At Risk
C13417,123,3,79.67,3,2,1,321,Hibernating Customers
C13418,109,2,368.78,3,1,3,313,Hibernating Customers
C13419,197,5,230.68,2,4,2,242,At Risk
C13420,20,6,1069.02,5,4,4,544,Champions
C13421,1,2,101.37,5,1,1,511,New Customers
C13422,339,3,272.39,1,2,2,122,Hibernating Customers
C13423,30,4,130.58,5,3,1,531,Hibernating Customers
C13424,293,5,290.92,1,4,2,142,At Risk
C13425,89,2,507.16,3,1,3,313,Hibernating Customers
C13426,9,7,1460.77,5,5,5,555,Champions
C13427,139,5,1632.47,3,4,5,345,Loyal Customers
C13428,47,4,157.47,4,3,1,431,Hibernating Customers
C13429,285,2,185.29,1,1,2,112,Hibernating Customers
C13430,257,7,1192.53,2,5,5,255,At Risk
C13431,424,2,178.84,1,1,2,112,Hibernating Customers
C13432,288,5,2063.62,1,4,5,145,At Risk
C13433,323,2,60.81,1,1,1,111,Hibernating Customers
C13434,220,1,90.57,2,1,1,211,Hibernating Customers
C13435,29,5,780.98,5,4,4,544,Champions
C13436,24,6,1108.23,5,4,4,544,Champions
C13437,129,4,222.61,3,3,2,332,Hibernating Customers
C13438,55,7,359.67,4,5,2,452,Loyal Customers
C13439,5,5,570.99,5,4,3,543,Loyal Customers
C13440,136,8,872.57,3,5,4,354,Loyal Customers
C13441,403,1,2.58,1,1,1,111,Hibernating Customers
C13442,257,4,483.6,2,3,3,233,At Risk
C13443,425,1,5.76,1,1,1,111,Hibernating Customers
C13444,209,5,414.67,2,4,3,243,At Risk
C13445,16,5,239.53,5,4,2,542,Loyal Customers
C13446,53,8,568.71,4,5,3,453,Loyal Customers
C13447,306,3,542.58,1,2,3,123,Hibernating Customers
C13448,90,4,353.66,3,3,2,332,Hibernating Customers
C13449,14,3,29.4,5,2,1,521,New Customers
C13450,45,3,236.06,4,2,2,422,New Customers
C13451,129,4,213.08,3,3,2,332,Hibernating Customers
C13452,453,3,1041.85,1,2,4,124,Hibernating Customers
C13453,299,5,429.41,1,4,3,143,At Risk
C13454,90,7,5018.35,3,5,5,355,Loyal Customers
C13455,22,1,1.84,5,1,1,511,New Customers
C13456,64,4,214.13,4,3,2,432,Hibernating Customers
C13457,199,5,363.39,2,4,2,242,At Risk
C13458,404,3,604.35,1,2,3,123,Hibernating Customers
C13459,225,3,186.74,2,2,2,222,Hibernating Customers
C13460,17,8,1125.51,5,5,4,554,Champions
C13461,52,4,439.05,4,3,3,433,Hibernating Customers
C13462,99,7,1523.74,3,5,5,355,Loyal Customers
C13463,339,2,736.22,1,1,4,114,Hibernating Customers
C13464,134,6,306.36,3,4,2,342,Loyal Customers
C13465,45,5,583.15,4,4,3,443,Loyal Customers
C13466,46,4,148.05,4,3,1,431,Hibernating Customers
C13467,130,5,592.47,3,4,3,343,Loyal Customers
C13468,201,2,643.7,2,1,3,213,Hibernating Customers
C13469,714,1,16.32,1,1,1,111,Hibernating Customers
C13470,263,2,100.4,2,1,1,211,Hibernating Customers
C13471,216,7,726.7,2,5,4,254,At Risk
C13472,99,6,1037.95,3,4,4,344,Loyal Customers
C13473,189,2,72.75,2,1,1,211,Hibernating Customers
C13474,256,3,210.28,2,2,2,222,Hibernating Customers
C13475,123,4,274.93,3,3,2,332,Hibernating Customers
C13476,120,6,606.75,3,4,3,343,Loyal Customers
C13477,59,5,467.4,4,4,3,443,Loyal Customers
C13478,146,4,1025.57,3,3,4,334,Hibernating Customers
C13479,27,3,513.01,5,2,3,523,New Customers
C13480,86,6,1914.64,3,4,5,345,Loyal Customers
C13481,152,3,1929.99,2,2,5,225,Hibernating Customers
C13483,4,7,854.95,5,5,4,554,Champions
C13484,123,4,179.06,3,3,2,332,Hibernating Customers
C13485,480,2,256.76,1,1,2,112,Hibernating Customers
C13486,129,5,401.82,3,4,3,343,Loyal Customers
C13487,3,2,354.85,5,1,2,512,New Customers
C13488,354,2,225.2,1,1,2,112,Hibernating Customers
C13489,98,3,328.04,3,2,2,322,Hibernating Customers
C13490,14,8,2192.42,5,5,5,555,Champions
C13491,12,11,2103.02,5,5,5,555,Champions
C13492,130,2,127.82,3,1,1,311,Hibernating Customers
C13493,7,3,475.63,5,2,3,523,New Customers
C13494,125,3,46.41,3,2,1,321,Hibernating Customers
C13495,65,7,752.51,4,5,4,454,Champions
C13496,110,7,1206.44,3,5,5,355,Loyal Customers
C13497,138,3,131.77,3,2,1,321,Hibernating Customers
C13498,284,4,794.09,1,3,4,134,At Risk
C13499,325,3,205.2,1,2,2,122,Hibernating Customers
C13500,141,6,2474.17,3,4,5,345,Loyal Customers
C13501,188,3,227.3,2,2,2,222,Hibernating Customers
C13502,18,3,195.3,5,2,2,522,New Customers
C13503,335,4,306.35,1,3,2,132,At Risk
C13504,4,8,4756.17,5,5,5,555,Champions
C13505,106,4,622.98,3,3,3,333,Hibernating Customers
C13506,179,7,1838.2,2,5,5,255,At Risk
C13507,120,2,356.18,3,1,2,312,Hibernating Customers
C13508,40,3,65.3,4,2,1,421,New Customers
C13509,241,3,247.49,2,2,2,222,Hibernating Customers
C13510,16,5,267.41,5,4,2,542,Loyal Customers
C13511,115,6,366.86,3,4,2,342,Loyal Customers
C13512,59,7,1554.99,4,5,5,455,Champions
C13513,17,6,561.26,5,4,3,543,Loyal Customers
C13514,13,7,303.04,5,5,2,552,Loyal Customers
C13515,21,7,2683.89,5,5,5,555,Champions
C13516,92,5,255.36,3,4,2,342,Loyal Customers
C13517,93,4,154.13,3,3,1,331,Hibernating Customers
C13518,450,2,614.26,1,1,3,113,Hibernating Customers
C13519,120,3,78.8,3,2,1,321,Hibernating Customers
C13520,84,6,381.59,4,4,3,443,Loyal Customers
C13521,54,4,1298.86,4,3,5,435,Hibernating Customers
C13522,56,2,206.23,4,1,2,412,New Customers
C13523,69,3,1055.01,4,2,4,424,New Customers
C13524,108,5,1257,3,4,5,345,Loyal Customers
C13525,67,1,63.15,4,1,1,411,New Customers
C13526,319,4,548.36,1,3,3,133,At Risk
C13527,149,6,613.96,3,4,3,343,Loyal Customers
C13528,199,3,303.53,2,2,2,222,Hibernating Customers
C13529,73,5,616.49,4,4,3,443,Loyal Customers
C13530,64,5,2594.48,4,4,5,445,Champions
C13531,22,5,462.85,5,4,3,543,Loyal Customers
C13532,333,1,88,1,1,1,111,Hibernating Customers
C13533,162,5,375.44,2,4,3,243,At Risk
C13534,65,8,1336.34,4,5,5,455,Champions
C13535,18,6,263.8,5,4,2,542,Loyal Customers
C13536,40,7,2138.99,4,5,5,455,Champions
C13537,246,3,57.44,2,2,1,221,Hibernating Customers
C13538,20,5,124,5,4,1,541,Loyal Customers
C13539,8,6,2429.05,5,4,5,545,Champions
C13540,125,3,26.23,3,2,1,321,Hibernating Customers
C13541,319,3,250.1,1,2,2,122,Hibernating Customers
C13542,336,2,87.2,1,1,1,111,Hibernating Customers
C13543,57,3,652.2,4,2,4,424,New Customers
C13544,58,3,147.79,4,2,1,421,New Customers
C13545,154,5,339.4,2,4,2,242,At Risk
C13546,44,4,330.81,4,3,2,432,Hibernating Customers
C13547,9,2,735.62,5,1,4,514,New Customers
C13548,32,2,40.24,5,1,1,511,New Customers
C13549,49,6,212.64,4,4,2,442,Loyal Customers
C13550,55,2,150.15,4,1,1,411,New Customers
C13551,170,5,1992.35,2,4,5,245,At Risk
C13552,102,4,711.21,3,3,4,334,Hibernating Customers
C13553,30,9,2062,5,5,5,555,Champions
C13554,168,5,1062.5,2,4,4,244,At Risk
C13555,209,2,41.23,2,1,1,211,Hibernating Customers
C13556,140,7,941.61,3,5,4,354,Loyal Customers
C13557,73,5,262.82,4,4,2,442,Loyal Customers
C13558,36,8,1801.14,5,5,5,555,Champions
C13559,259,2,36.24,2,1,1,211,Hibernating Customers
C13560,378,6,494.67,1,4,3,143,At Risk
C13561,69,4,925.4,4,3,4,434,Hibernating Customers
C13562,159,3,442.11,2,2,3,223,Hibernating Customers
C13563,264,6,837.45,2,4,4,244,At Risk
C13564,53,4,257.12,4,3,2,432,Hibernating Customers
C13565,55,5,11984.28,4,4,5,445,Champions
C13566,170,3,120.41,2,2,1,221,Hibernating Customers
C13567,139,3,792.56,3,2,4,324,Hibernating Customers
C13568,87,6,732.42,3,4,4,344,Loyal Customers
C13569,13,5,804.59,5,4,4,544,Champions
C13570,108,2,189.15,3,1,2,312,Hibernating Customers
C13571,94,3,464.95,3,2,3,323,Hibernating Customers
C13572,173,2,91.7,2,1,1,211,Hibernating Customers
C13573,98,3,82.46,3,2,1,321,Hibernating Customers
C13574,24,7,1107.94,5,5,4,554,Champions
C13575,5,7,1501.25,5,5,5,555,Champions
C13576,206,4,165.62,2,3,1,231,At Risk
C13577,128,6,2073.95,3,4,5,345,Loyal Customers
C13579,141,3,386.29,3,2,3,323,Hibernating Customers
C13580,53,5,154.37,4,4,1,441,Loyal Customers
C13581,39,3,165.54,4,2,1,421,New Customers
C13582,29,7,653.23,5,5,4,554,Champions
C13583,28,1,227.5,5,1,2,512,New Customers
C13584,106,5,5434.44,3,4,5,345,Loyal Customers
C13585,67,2,65.76,4,1,1,411,New Customers
C13586,726,1,9.7,1,1,1,111,Hibernating Customers
C13587,9,7,256.66,5,5,2,552,Loyal Customers
C13588,181,5,313.29,2,4,2,242,At Risk
C13589,116,1,65.76,3,1,1,311,Hibernating Customers
C13590,325,5,364.9,1,4,2,142,At Risk
C13591,261,4,528.84,2,3,3,233,At Risk
C13592,406,1,5.82,1,1,1,111,Hibernating Customers
C13593,365,4,317.71,1,3,2,132,At Risk
C13594,436,2,590.74,1,1,3,113,Hibernating Customers
C13595,257,2,220.92,2,1,2,212,Hibernating Customers
C13596,160,7,1546.75,2,5,5,255,At Risk
C13597,44,9,799.3,4,5,4,454,Champions
C13598,65,9,1439.14,4,5,5,455,Champions
C13599,569,2,69.08,1,1,1,111,Hibernating Customers
C13600,180,5,1137.51,2,4,5,245,At Risk
C13601,170,1,285.72,2,1,2,212,Hibernating Customers
C13602,132,4,915.78,3,3,4,334,Hibernating Customers
C13603,47,8,1472.45,4,5,5,455,Champions
C13604,91,9,1265.19,3,5,5,355,Loyal Customers
C13605,192,3,89.32,2,2,1,221,Hibernating Customers
C13606,43,4,265.71,4,3,2,432,Hibernating Customers
C13607,3,4,710.23,5,3,4,534,Hibernating Customers
C13608,105,2,236.59,3,1,2,312,Hibernating Customers
C13609,185,4,725.88,2,3,4,234,At Risk
C13610,127,4,334.83,3,3,2,332,Hibernating Customers
C13611,198,6,547.37,2,4,3,243,At Risk
C13612,554,3,235.11,1,2,2,122,Hibernating Customers
C13613,294,6,520.07,1,4,3,143,At Risk
C13614,361,2,708.92,1,1,4,114,Hibernating Customers
C13615,620,1,101.35,1,1,1,111,Hibernating Customers
C13616,43,1,26.08,4,1,1,411,New Customers
C13617,16,3,663.01,5,2,4,524,New Customers
C13618,4,5,676.99,5,4,4,544,Champions
C13619,76,5,178.02,4,4,2,442,Loyal Customers
C13620,158,3,648.47,2,2,4,224,Hibernating Customers
C13621,26,5,279.74,5,4,2,542,Loyal Customers
C13622,51,4,2133.95,4,3,5,435,Hibernating Customers
C13623,100,4,544.76,3,3,3,333,Hibernating Customers
C13624,73,4,530.1,4,3,3,433,Hibernating Customers
C13625,119,7,337.6,3,5,2,352,Loyal Customers
C13626,225,5,394.93,2,4,3,243,At Risk
C13627,26,5,773.18,5,4,4,544,Champions
C13628,170,7,756.21,2,5,4,254,At Risk
C13629,51,11,1614.86,4,5,5,455,Champions
C13630,302,5,1586.5,1,4,5,145,At Risk
C13631,142,4,401.63,3,3,3,333,Hibernating Customers
C13632,341,5,301.32,1,4,2,142,At Risk
C13633,22,5,525.55,5,4,3,543,Loyal Customers
C13634,93,6,1900.74,3,4,5,345,Loyal Customers
C13635,626,1,15.32,1,1,1,111,Hibernating Customers
C13636,47,4,580.96,4,3,3,433,Hibernating Customers
C13637,287,4,969.83,1,3,4,134,At Risk
C13638,5,4,386.17,5,3,3,533,Hibernating Customers
C13639,4,4,374.5,5,3,3,533,Hibernating Customers
C13640,231,1,138.05,2,1,1,211,Hibernating Customers
C13641,127,4,901.84,3,3,4,334,Hibernating Customers
C13642,86,7,705.53,3,5,4,354,Loyal Customers
C13643,49,2,109.79,4,1,1,411,New Customers
C13644,43,7,709.07,4,5,4,454,Champions
C13645,338,7,193.62,1,5,2,152,At Risk
C13646,63,5,1244.15,4,4,5,445,Champions
C13647,47,5,477.46,4,4,3,443,Loyal Customers
C13648,36,5,1455.08,5,4,5,545,Champions
C13649,75,3,552.94,4,2,3,423,New Customers
C13650,104,5,774.29,3,4,4,344,Loyal Customers
C13651,194,3,254.08,2,2,2,222,Hibernating Customers
C13652,3,3,1611.55,5,2,5,525,New Customers
C13653,366,4,842.29,1,3,4,134,At Risk
C13654,34,5,1186.51,5,4,5,545,Champions
C13655,54,6,1952.65,4,4,5,445,Champions
C13656,113,2,83.96,3,1,1,311,Hibernating Customers
C13657,258,5,992.98,2,4,4,244,At Risk
C13658,37,2,443.1,4,1,3,413,New Customers
C13659,6,7,1503.5,5,5,5,555,Champions
C13660,637,1,118.86,1,1,1,111,Hibernating Customers
C13661,78,5,1271.06,4,4,5,445,Champions
C13662,625,1,112.01,1,1,1,111,Hibernating Customers
C13663,4,8,1297.68,5,5,5,555,Champions
C13664,33,4,603.99,5,3,3,533,Hibernating Customers
C13665,5,6,1389.58,5,4,5,545,Champions
C13666,66,4,1209.33,4,3,5,435,Hibernating Customers
C13667,39,8,3941.94,4,5,5,455,Champions
C13668,347,1,59.87,1,1,1,111,Hibernating Customers
C13669,75,3,140.51,4,2,1,421,New Customers
C13670,62,6,743.68,4,4,4,444,Champions
C13671,9,4,119.22,5,3,1,531,Hibernating Customers
C13672,115,9,4333.7,3,5,5,355,Loyal Customers
C13673,225,2,33.4,2,1,1,211,Hibernating Customers
C13674,57,5,437.17,4,4,3,443,Loyal Customers
C13675,120,8,2237.5,3,5,5,355,Loyal Customers
C13676,22,5,1035.29,5,4,4,544,Champions
C13677,264,5,3224.48,2,4,5,245,At Risk
C13678,20,3,398.92,5,2,3,523,New Customers
C13679,217,3,397.63,2,2,3,223,Hibernating Customers
C13680,28,6,676.97,5,4,4,544,Champions
C13681,11,6,1013.13,5,4,4,544,Champions
C13682,128,3,555.17,3,2,3,323,Hibernating Customers
C13683,36,6,597.19,5,4,3,543,Loyal Customers
C13684,66,3,443.49,4,2,3,423,New Customers
C13685,14,6,988.47,5,4,4,544,Champions
C13686,134,3,322.89,3,2,2,322,Hibernating Customers
C13687,128,2,125.6,3,1,1,311,Hibernating Customers
C13688,46,9,1185.72,4,5,5,455,Champions
C13689,336,3,262.13,1,2,2,122,Hibernating Customers
C13690,67,4,64.46,4,3,1,431,Hibernating Customers
C13691,122,4,90.5,3,3,1,331,Hibernating Customers
C13692,139,2,67.81,3,1,1,311,Hibernating Customers
C13693,99,6,279.21,3,4,2,342,Loyal Customers
C13694,23,3,163.12,5,2,1,521,New Customers
C13695,281,4,362.33,1,3,2,132,At Risk
C13696,77,8,423.39,4,5,3,453,Loyal Customers
C13697,213,5,235.53,2,4,2,242,At Risk
C13698,354,1,44.85,1,1,1,111,Hibernating Customers
C13699,139,4,601.97,3,3,3,333,Hibernating Customers
C13700,99,5,196.52,3,4,2,342,Loyal Customers
C13701,61,4,280.57,4,3,2,432,Hibernating Customers
C13702,528,4,518.13,1,3,3,133,At Risk
C13704,416,1,550.16,1,1,3,113,Hibernating Customers
C13705,167,4,285.34,2,3,2,232,At Risk
C13706,162,1,14.26,2,1,1,211,Hibernating Customers
C13708,37,4,1681.56,4,3,5,435,Hibernating Customers
C13709,131,6,372.09,3,4,3,343,Loyal Customers
C13711,87,5,1111.59,3,4,4,344,Loyal Customers
C13712,6,4,94.7,5,3,1,531,Hibernating Customers
C13713,132,4,174.53,3,3,2,332,Hibernating Customers
C13714,34,6,4566.39,5,4,5,545,Champions
C13715,61,4,1701.13,4,3,5,435,Hibernating Customers
C13716,92,5,408.04,3,4,3,343,Loyal Customers
C13717,34,4,354.78,5,3,2,532,Hibernating Customers
C13718,140,9,3062.01,3,5,5,355,Loyal Customers
C13719,38,11,1880.44,4,5,5,455,Champions
C13720,50,3,297.77,4,2,2,422,New Customers
C13721,131,3,104.14,3,2,1,321,Hibernating Customers
C13722,2,8,1641.34,5,5,5,555,Champions
C13723,122,4,124.06,3,3,1,331,Hibernating Customers
C13724,12,4,576.36,5,3,3,533,Hibernating Customers
C13725,513,1,73.83,1,1,1,111,Hibernating Customers
C13726,122,6,1119.9,3,4,4,344,Loyal Customers
C13727,481,4,456.11,1,3,3,133,At Risk
C13728,225,3,85.5,2,2,1,221,Hibernating Customers
C13729,18,6,288.68,5,4,2,542,Loyal Customers
C13730,21,6,205.71,5,4,2,542,Loyal Customers
C13731,91,6,337.7,3,4,2,342,Loyal Customers
C13732,161,4,82.81,2,3,1,231,At Risk
C13733,391,2,184.83,1,1,2,112,Hibernating Customers
C13734,150,6,857.07,3,4,4,344,Loyal Customers
C13735,18,8,1192.31,5,5,5,555,Champions
C13736,25,5,761.8,5,4,4,544,Champions
C13737,36,5,948.31,5,4,4,544,Champions
C13738,239,6,577.14,2,4,3,243,At Risk
C13739,147,3,221.11,3,2,2,322,Hibernating Customers
C13740,45,4,1056.73,4,3,4,434,Hibernating Customers
C13741,197,5,647.85,2,4,4,244,At Risk
C13742,10,7,2619.59,5,5,5,555,Champions
C13743,227,4,123.26,2,3,1,231,At Risk
C13744,14,6,1008.11,5,4,4,544,Champions
C13745,375,1,47.05,1,1,1,111,Hibernating Customers
C13746,24,4,79.47,5,3,1,531,Hibernating Customers
C13747,27,9,932.74,5,5,4,554,Champions
C13748,19,7,2527.54,5,5,5,555,Champions
C13749,97,6,516.82,3,4,3,343,Loyal Customers
C13750,174,2,82.72,2,1,1,211,Hibernating Customers
C13751,370,4,333.22,1,3,2,132,At Risk
C13752,102,2,53.07,3,1,1,311,Hibernating Customers
C13753,296,3,51.64,1,2,1,121,Hibernating Customers
C13754,1,6,1263.63,5,4,5,545,Champions
C13755,654,1,11.44,1,1,1,111,Hibernating Customers
C13756,38,6,626.62,4,4,3,443,Loyal Customers
C13757,38,5,212.87,4,4,2,442,Loyal Customers
C13758,111,5,887.11,3,4,4,344,Loyal Customers
C13759,50,6,747.36,4,4,4,444,Champions
C13760,204,5,1220.94,2,4,5,245,At Risk
C13761,46,3,385.91,4,2,3,423,New Customers
C13762,157,3,741.67,2,2,4,224,Hibernating Customers
C13763,174,5,778.36,2,4,4,244,At Risk
C13764,98,9,421.33,3,5,3,353,Loyal Customers
C13765,131,7,2611.84,3,5,5,355,Loyal Customers
C13766,171,7,679.99,2,5,4,254,At Risk
C13767,78,6,6546.6,4,4,5,445,Champions
C13768,446,3,439.26,1,2,3,123,Hibernating Customers
C13769,68,3,291.59,4,2,2,422,New Customers
C13770,40,8,1425.31,4,5,5,455,Champions
C13771,124,1,3.93,3,1,1,311,Hibernating Customers
C13772,115,5,1286.86,3,4,5,345,Loyal Customers
C13773,54,4,585.99,4,3,3,433,Hibernating Customers
C13774,212,4,1000.91,2,3,4,234,At Risk
C13775,92,8,322.42,3,5,2,352,Loyal Customers
C13776,441,1,58.93,1,1,1,111,Hibernating Customers
C13777,140,4,949.63,3,3,4,334,Hibernating Customers
C13778,175,3,66.08,2,2,1,221,Hibernating Customers
C13779,110,5,768.8,3,4,4,344,Loyal Customers
C13780,139,1,11.95,3,1,1,311,Hibernating Customers
C13781,12,3,1533.83,5,2,5,525,New Customers
C13782,332,1,185.21,1,1,2,112,Hibernating Customers
C13783,227,4,192,2,3,2,232,At Risk
C13784,315,1,440.25,1,1,3,113,Hibernating Customers
C13785,68,3,186.53,4,2,2,422,New Customers
C13786,141,5,1142.84,3,4,5,345,Loyal Customers
C13787,85,7,2710.03,3,5,5,355,Loyal Customers
C13788,236,4,457.41,2,3,3,233,At Risk
C13789,141,5,539.11,3,4,3,343,Loyal Customers
C13790,136,4,94.96,3,3,1,331,Hibernating Customers
C13791,279,5,357.7,1,4,2,142,At Risk
C13792,246,4,188.78,2,3,2,232,At Risk
C13793,497,6,1945.25,1,4,5,145,At Risk
C13794,66,3,2813.68,4,2,5,425,New Customers
C13795,176,4,1013.46,2,3,4,234,At Risk
C13796,144,3,310.82,3,2,2,322,Hibernating Customers
C13797,24,7,1114.93,5,5,4,554,Champions
C13798,35,3,194.71,5,2,2,522,New Customers
C13799,89,3,29.33,3,2,1,321,Hibernating Customers
C13800,96,5,468.11,3,4,3,343,Loyal Customers
C13801,43,4,107.86,4,3,1,431,Hibernating Customers
C13802,400,4,214.53,1,3,2,132,At Risk
C13803,3,6,571.66,5,4,3,543,Loyal Customers
C13804,137,6,882.26,3,4,4,344,Loyal Customers
C13805,354,2,443.66,1,1,3,113,Hibernating Customers
C13806,33,3,601.34,5,2,3,523,New Customers
C13807,98,6,600.44,3,4,3,343,Loyal Customers
C13808,12,5,576.51,5,4,3,543,Loyal Customers
C13809,180,4,180.42,2,3,2,232,At Risk
C13810,6,7,1010.51,5,5,4,554,Champions
C13811,166,8,1298.85,2,5,5,255,At Risk
C13812,604,2,589.13,1,1,3,113,Hibernating Customers
C13813,627,1,438.12,1,1,3,113,Hibernating Customers
C13814,10,9,889.26,5,5,4,554,Champions
C13815,95,7,2475.6,3,5,5,355,Loyal Customers
C13816,237,5,794.52,2,4,4,244,At Risk
C13817,336,3,269.62,1,2,2,122,Hibernating Customers
C13818,265,3,285.66,2,2,2,222,Hibernating Customers
C13819,81,4,1503.06,4,3,5,435,Hibernating Customers
C13820,109,2,128.21,3,1,1,311,Hibernating Customers
C13821,72,2,28.75,4,1,1,411,New Customers
C13822,368,3,190.17,1,2,2,122,Hibernating Customers
C13823,18,6,1927.97,5,4,5,545,Champions
C13824,11,5,533.35,5,4,3,543,Loyal Customers
C13825,62,9,854.09,4,5,4,454,Champions
C13826,80,4,240.96,4,3,2,432,Hibernating Customers
C13827,408,2,53.59,1,1,1,111,Hibernating Customers
C13828,124,5,537.64,3,4,3,343,Loyal Customers
C13829,139,4,1434.45,3,3,5,335,Hibernating Customers
C13830,54,4,285.78,4,3,2,432,Hibernating Customers
C13831,268,3,876.08,1,2,4,124,Hibernating Customers
C13832,56,4,334.51,4,3,2,432,Hibernating Customers
C13833,34,3,1133.35,5,2,4,524,New Customers
C13834,11,2,884.66,5,1,4,514,New Customers
C13835,72,3,283.08,4,2,2,422,New Customers
C13836,404,5,350.85,1,4,2,142,At Risk
C13837,71,6,914.1,4,4,4,444,Champions
C13838,263,3,333.76,2,2,2,222,Hibernating Customers
C13839,20,6,3027.05,5,4,5,545,Champions
C13840,485,2,198.69,1,1,2,112,Hibernating Customers
C13841,5,5,2567.69,5,4,5,545,Champions
C13842,549,1,71.24,1,1,1,111,Hibernating Customers
C13843,351,2,193.62,1,1,2,112,Hibernating Customers
C13845,64,7,908.06,4,5,4,454,Champions
C13846,180,2,381.83,2,1,3,213,Hibernating Customers
C13847,255,3,145.08,2,2,1,221,Hibernating Customers
C13848,45,4,236.06,4,3,2,432,Hibernating Customers
C13849,486,5,249.58,1,4,2,142,At Risk
C13850,166,4,209.69,2,3,2,232,At Risk
C13851,126,5,1515.8,3,4,5,345,Loyal Customers
C13852,90,4,2308.08,3,3,5,335,Hibernating Customers
C13853,75,6,819.89,4,4,4,444,Champions
C13854,8,11,2093.32,5,5,5,555,Champions
C13855,141,3,1431.24,3,2,5,325,Hibernating Customers
C13856,76,6,1346.39,4,4,5,445,Champions
C13857,50,5,160.02,4,4,1,441,Loyal Customers
C13858,671,2,442.52,1,1,3,113,Hibernating Customers
C13859,85,3,485.27,3,2,3,323,Hibernating Customers
C13860,59,2,151.91,4,1,1,411,New Customers
C13861,224,4,859.3,2,3,4,234,At Risk
C13862,64,4,853.31,4,3,4,434,Hibernating Customers
C13863,200,6,2030.14,2,4,5,245,At Risk
C13864,312,3,536.44,1,2,3,123,Hibernating Customers
C13865,195,7,481.33,2,5,3,253,At Risk
C13866,132,3,138.24,3,2,1,321,Hibernating Customers
C13867,13,6,1287.18,5,4,5,545,Champions
C13868,231,4,791.46,2,3,4,234,At Risk
C13869,130,2,10.8,3,1,1,311,Hibernating Customers
C13870,382,4,407.6,1,3,3,133,At Risk
C13871,50,4,1091.01,4,3,4,434,Hibernating Customers
C13872,108,3,569.63,3,2,3,323,Hibernating Customers
C13873,30,5,168.2,5,4,1,541,Loyal Customers
C13874,236,2,57.45,2,1,1,211,Hibernating Customers
C13875,421,7,1750.09,1,5,5,155,At Risk
C13876,93,2,40.76,3,1,1,311,Hibernating Customers
C13877,228,4,456.58,2,3,3,233,At Risk
C13878,89,5,319.16,3,4,2,342,Loyal Customers
C13879,320,5,617.9,1,4,3,143,At Risk
C13880,171,4,377.95,2,3,3,233,At Risk
C13881,218,4,608.14,2,3,3,233,At Risk
C13882,353,3,612.92,1,2,3,123,Hibernating Customers
C13883,133,5,195.11,3,4,2,342,Loyal Customers
C13884,10,7,299.24,5,5,2,552,Loyal Customers
C13885,110,3,634.25,3,2,3,323,Hibernating Customers
C13886,178,5,181.77,2,4,2,242,At Risk
C13887,95,3,525.79,3,2,3,323,Hibernating Customers
C13888,91,5,290.87,3,4,2,342,Loyal Customers
C13889,100,3,2752.04,3,2,5,325,Hibernating Customers
C13890,285,3,181.98,1,2,2,122,Hibernating Customers
C13891,244,3,1560.29,2,2,5,225,Hibernating Customers
C13892,10,7,1234.73,5,5,5,555,Champions
C13893,464,3,189.54,1,2,2,122,Hibernating Customers
C13894,42,5,86.16,4,4,1,441,Loyal Customers
C13895,276,2,2537.72,1,1,5,115,Hibernating Customers
C13896,27,4,496.19,5,3,3,533,Hibernating Customers
C13897,75,7,2096.31,4,5,5,455,Champions
C13898,363,3,101.85,1,2,1,121,Hibernating Customers
C13899,33,7,1015.36,5,5,4,554,Champions
C13900,15,3,406.06,5,2,3,523,New Customers
C13901,80,3,196.09,4,2,2,422,New Customers
C13902,156,6,1460.21,2,4,5,245,At Risk
C13903,168,4,271.61,2,3,2,232,At Risk
C13904,20,8,2425.76,5,5,5,555,Champions
C13905,14,3,323.74,5,2,2,522,New Customers
C13906,76,8,1055.8,4,5,4,454,Champions
C13907,140,4,616.24,3,3,3,333,Hibernating Customers
C13908,25,5,2093.61,5,4,5,545,Champions
C13909,23,3,367.6,5,2,2,522,New Customers
C13910,73,3,488.15,4,2,3,423,New Customers
C13911,287,4,1311.61,1,3,5,135,At Risk
C13912,367,3,455.52,1,2,3,123,Hibernating Customers
C13913,134,3,108.36,3,2,1,321,Hibernating Customers
C13914,39,6,1476.06,4,4,5,445,Champions
C13915,49,3,125.08,4,2,1,421,New Customers
C13916,140,4,597.55,3,3,3,333,Hibernating Customers
C13917,15,4,114.32,5,3,1,531,Hibernating Customers
C13918,73,2,69.92,4,1,1,411,New Customers
C13919,69,2,522.72,4,1,3,413,New Customers
C13920,229,7,851.56,2,5,4,254,At Risk
C13921,507,2,1165.26,1,1,5,115,Hibernating Customers
C13922,195,1,99.12,2,1,1,211,Hibernating Customers
C13923,220,4,592.95,2,3,3,233,At Risk
C13924,58,5,902.36,4,4,4,444,Champions
C13925,7,5,3247.83,5,4,5,545,Champions
C13926,5,5,1061.18,5,4,4,544,Champions
C13927,268,4,1392,1,3,5,135,At Risk
C13928,76,6,1643.13,4,4,5,445,Champions
C13929,312,3,275.28,1,2,2,122,Hibernating Customers
C13930,7,6,144.81,5,4,1,541,Loyal Customers
C13931,640,1,351.63,1,1,2,112,Hibernating Customers
C13932,46,7,452.46,4,5,3,453,Loyal Customers
C13933,35,5,1321.74,5,4,5,545,Champions
C13934,59,2,130.76,4,1,1,411,New Customers
C13935,105,5,772.74,3,4,4,344,Loyal Customers
C13936,6,8,866.87,5,5,4,554,Champions
C13937,111,3,252.01,3,2,2,322,Hibernating Customers
C13938,146,4,205.65,3,3,2,332,Hibernating Customers
C13939,162,2,416.06,2,1,3,213,Hibernating Customers
C13940,335,5,583.13,1,4,3,143,At Risk
C13941,131,3,451.84,3,2,3,323,Hibernating Customers
C13942,159,3,945.85,2,2,4,224,Hibernating Customers
C13943,215,3,935.95,2,2,4,224,Hibernating Customers
C13944,354,6,664.85,1,4,4,144,At Risk
C13945,60,4,294.43,4,3,2,432,Hibernating Customers
C13946,422,1,1137.23,1,1,5,115,Hibernating Customers
C13947,211,3,309.8,2,2,2,222,Hibernating Customers
C13948,72,5,370.68,4,4,3,443,Loyal Customers
C13949,14,4,436,5,3,3,533,Hibernating Customers
C13950,253,3,460.14,2,2,3,223,Hibernating Customers
C13951,208,5,492.6,2,4,3,243,At Risk
C13952,134,5,309.24,3,4,2,342,Loyal Customers
C13953,4,8,1737.91,5,5,5,555,Champions
C13954,45,3,274.84,4,2,2,422,New Customers
C13955,33,3,39.57,5,2,1,521,New Customers
C13956,133,3,1239.97,3,2,5,325,Hibernating Customers
C13957,31,8,1069.41,5,5,4,554,Champions
C13958,52,4,222.23,4,3,2,432,Hibernating Customers
C13959,27,10,576.41,5,5,3,553,Loyal Customers
C13960,100,5,1590.38,3,4,5,345,Loyal Customers
C13961,152,3,52.27,2,2,1,221,Hibernating Customers
C13962,435,3,541.81,1,2,3,123,Hibernating Customers
C13963,6,4,928.38,5,3,4,534,Hibernating Customers
C13964,433,1,1799.45,1,1,5,115,Hibernating Customers
C13965,99,3,75.29,3,2,1,321,Hibernating Customers
C13966,200,3,262.64,2,2,2,222,Hibernating Customers
C13967,27,5,223.3,5,4,2,542,Loyal Customers
C13968,508,3,1477.35,1,2,5,125,Hibernating Customers
C13969,159,8,1456.96,2,5,5,255,At Risk
C13970,16,9,1485.07,5,5,5,555,Champions
C13972,28,4,1699.67,5,3,5,535,Hibernating Customers
C13973,24,4,178.15,5,3,2,532,Hibernating Customers
C13974,143,2,50.85,3,1,1,311,Hibernating Customers
C13975,64,4,111.04,4,3,1,431,Hibernating Customers
C13976,136,8,435.71,3,5,3,353,Loyal Customers
C13977,221,3,227.03,2,2,2,222,Hibernating Customers
C13978,251,3,304.1,2,2,2,222,Hibernating Customers
C13979,516,2,40.83,1,1,1,111,Hibernating Customers
C13980,96,3,450.97,3,2,3,323,Hibernating Customers
C13981,61,7,1233.04,4,5,5,455,Champions
C13982,8,5,472,5,4,3,543,Loyal Customers
C13983,65,7,398.45,4,5,3,453,Loyal Customers
C13984,423,2,459.33,1,1,3,113,Hibernating Customers
C13985,122,8,632.69,3,5,3,353,Loyal Customers
C13986,153,9,4088.28,2,5,5,255,At Risk
C13987,110,2,766.95,3,1,4,314,Hibernating Customers
C13988,24,5,249,5,4,2,542,Loyal Customers
C13989,304,2,115.61,1,1,1,111,Hibernating Customers
C13990,35,3,189.43,5,2,2,522,New Customers
C13991,585,3,141.02,1,2,1,121,Hibernating Customers
C13992,95,4,295.76,3,3,2,332,Hibernating Customers
C13993,247,3,284,2,2,2,222,Hibernating Customers
C13994,81,7,1095.76,4,5,4,454,Champions
C13995,227,2,143.63,2,1,1,211,Hibernating Customers
C13996,59,6,1010.56,4,4,4,444,Champions
C13997,1,4,968.59,5,3,4,534,Hibernating Customers
C13998,67,5,677.45,4,4,4,444,Champions
C13999,222,3,988.76,2,2,4,224,Hibernating Customers
C14000,172,7,1292.22,2,5,5,255,At Risk
C14001,350,5,2470.61,1,4,5,145,At Risk
C14002,474,2,419.74,1,1,3,113,Hibernating Customers
C14003,148,1,3.61,3,1,1,311,Hibernating Customers
C14004,29,4,899.02,5,3,4,534,Hibernating Customers
C14005,153,7,971.1,2,5,4,254,At Risk
C14006,37,7,303.64,4,5,2,452,Loyal Customers
C14007,58,4,702.92,4,3,4,434,Hibernating Customers
C14008,248,8,752.99,2,5,4,254,At Risk
C14009,152,4,288.13,2,3,2,232,At Risk
C14010,244,3,274.49,2,2,2,222,Hibernating Customers
C14011,440,2,106.24,1,1,1,111,Hibernating Customers
C14012,15,4,370.45,5,3,3,533,Hibernating Customers
C14013,46,3,95.97,4,2,1,421,New Customers
C14014,88,5,905.85,3,4,4,344,Loyal Customers
C14015,280,4,195.22,1,3,2,132,At Risk
C14016,112,7,534.83,3,5,3,353,Loyal Customers
C14017,328,1,7.08,1,1,1,111,Hibernating Customers
C14018,5,6,554.1,5,4,3,543,Loyal Customers
C14019,14,7,1027.88,5,5,4,554,Champions
C14020,4,3,46.87,5,2,1,521,New Customers
C14021,4,7,826.79,5,5,4,554,Champions
C14022,231,3,359.24,2,2,2,222,Hibernating Customers
C14023,156,6,1431.9,2,4,5,245,At Risk
C14024,578,1,24.01,1,1,1,111,Hibernating Customers
C14025,310,5,685.87,1,4,4,144,At Risk
C14026,351,5,1120.55,1,4,4,144,At Risk
C14027,134,5,442.11,3,4,3,343,Loyal Customers
C14028,389,1,12.92,1,1,1,111,Hibernating Customers
C14029,87,4,86.19,3,3,1,331,Hibernating Customers
C14030,154,4,258.57,2,3,2,232,At Risk
C14031,402,2,289.74,1,1,2,112,Hibernating Customers
C14032,135,2,277.18,3,1,2,312,Hibernating Customers
C14033,92,11,1052.69,3,5,4,354,Loyal Customers
C14034,94,3,312.33,3,2,2,322,Hibernating Customers
C14035,60,4,299.93,4,3,2,432,Hibernating Customers
C14036,186,2,107.86,2,1,1,211,Hibernating Customers
C14037,1,3,123.65,5,2,1,521,New Customers
C14038,543,3,246.19,1,2,2,122,Hibernating Customers
C14039,173,6,3348.67,2,4,5,245,At Risk
C14040,246,2,191.87,2,1,2,212,Hibernating Customers
C14041,427,3,611.14,1,2,3,123,Hibernating Customers
C14042,144,8,921.41,3,5,4,354,Loyal Customers
C14043,681,1,648.78,1,1,4,114,Hibernating Customers
C14044,28,7,2013.75,5,5,5,555,Champions
C14045,220,4,698.68,2,3,4,234,At Risk
C14046,434,1,147.93,1,1,1,111,Hibernating Customers
C14047,32,2,149.68,5,1,1,511,New Customers
C14049,96,6,1388.76,3,4,5,345,Loyal Customers
C14050,29,6,2503.65,5,4,5,545,Champions
C14051,102,4,320.02,3,3,2,332,Hibernating Customers
C14052,50,4,310.67,4,3,2,432,Hibernating Customers
C14053,30,7,3427.28,5,5,5,555,Champions
C14054,308,2,684.03,1,1,4,114,Hibernating Customers
C14055,192,5,258.14,2,4,2,242,At Risk
C14056,324,1,8.49,1,1,1,111,Hibernating Customers
C14057,59,4,135.16,4,3,1,431,Hibernating Customers
C14058,81,1,46.84,4,1,1,411,New Customers
C14059,29,4,170.69,5,3,1,531,Hibernating Customers
C14060,278,4,1381.89,1,3,5,135,At Risk
C14061,297,3,105.95,1,2,1,121,Hibernating Customers
C14062,14,7,712.84,5,5,4,554,Champions
C14063,54,5,306.53,4,4,2,442,Loyal Customers
C14064,25,5,1574.52,5,4,5,545,Champions
C14065,401,3,1226.6,1,2,5,125,Hibernating Customers
C14066,113,5,1984.2,3,4,5,345,Loyal Customers
C14067,223,5,1192.46,2,4,5,245,At Risk
C14068,199,4,711.92,2,3,4,234,At Risk
C14069,382,4,876.12,1,3,4,134,At Risk
C14070,66,4,264.57,4,3,2,432,Hibernating Customers
C14071,1,6,1048.48,5,4,4,544,Champions
C14072,87,4,1038.75,3,3,4,334,Hibernating Customers
C14073,89,4,1017.44,3,3,4,334,Hibernating Customers
C14074,232,1,39.05,2,1,1,211,Hibernating Customers
C14075,252,2,162.65,2,1,1,211,Hibernating Customers
C14076,152,5,254.04,2,4,2,242,At Risk
C14077,184,4,77,2,3,1,231,At Risk
C14078,61,6,500.01,4,4,3,443,Loyal Customers
C14079,8,5,694.13,5,4,4,544,Champions
C14080,83,2,174.22,4,1,2,412,New Customers
C14081,136,2,225.86,3,1,2,312,Hibernating Customers
C14082,364,4,147.44,1,3,1,131,At Risk
C14083,191,3,86.38,2,2,1,221,Hibernating Customers
C14085,486,2,63.56,1,1,1,111,Hibernating Customers
C14086,53,8,3382.54,4,5,5,455,Champions
C14087,134,7,1356.92,3,5,5,355,Loyal Customers
C14088,275,5,679.42,1,4,4,144,At Risk
C14089,117,4,223.72,3,3,2,332,Hibernating Customers
C14090,60,10,1951.24,4,5,5,455,Champions
C14091,5,3,1721.94,5,2,5,525,New Customers
C14092,313,2,79.23,1,1,1,111,Hibernating Customers
C14093,222,2,32.62,2,1,1,211,Hibernating Customers
C14094,289,4,336.67,1,3,2,132,At Risk
C14095,5,2,1583.74,5,1,5,515,New Customers
C14096,118,5,680.93,3,4,4,344,Loyal Customers
C14097,439,2,14.41,1,1,1,111,Hibernating Customers
C14098,464,1,21.66,1,1,1,111,Hibernating Customers
C14099,297,3,407.96,1,2,3,123,Hibernating Customers
C14100,60,3,2213.88,4,2,5,425,New Customers
C14101,452,2,11.59,1,1,1,111,Hibernating Customers
C14102,250,5,1055.34,2,4,4,244,At Risk
C14103,77,3,726.15,4,2,4,424,New Customers
C14105,317,3,122.99,1,2,1,121,Hibernating Customers
C14106,7,4,572.01,5,3,3,533,Hibernating Customers
C14107,151,6,330.55,3,4,2,342,Loyal Customers
C14108,65,4,612.2,4,3,3,433,Hibernating Customers
C14109,86,3,245.82,3,2,2,322,Hibernating Customers
C14110,678,1,13.96,1,1,1,111,Hibernating Customers
C14111,6,7,512.1,5,5,3,553,Loyal Customers
C14112,25,4,248.64,5,3,2,532,Hibernating Customers
C14113,269,5,422.79,1,4,3,143,At Risk
C14114,20,8,1066.97,5,5,4,554,Champions
C14115,215,1,25.97,2,1,1,211,Hibernating Customers
C14116,206,5,647.83,2,4,4,244,At Risk
C14117,5,5,382.52,5,4,3,543,Loyal Customers
C14118,201,5,620.44,2,4,3,243,At Risk
C14119,15,2,74.19,5,1,1,511,New Customers
C14120,37,6,288.84,4,4,2,442,Loyal Customers
C14121,31,3,354.41,5,2,2,522,New Customers
C14122,180,4,198.78,2,3,2,232,At Risk
C14123,367,2,516.94,1,1,3,113,Hibernating Customers
C14124,305,7,760.31,1,5,4,154,At Risk
C14125,4,2,3397.15,5,1,5,515,New Customers
C14126,40,7,595.54,4,5,3,453,Loyal Customers
C14127,115,5,812.93,3,4,4,344,Loyal Customers
C14128,491,2,301.41,1,1,2,112,Hibernating Customers
C14129,59,5,2921.19,4,4,5,445,Champions
C14130,33,5,1024.36,5,4,4,544,Champions
C14131,13,7,1434.55,5,5,5,555,Champions
C14132,217,3,113.52,2,2,1,221,Hibernating Customers
C14133,13,7,371.12,5,5,3,553,Loyal Customers
C14134,114,5,158.94,3,4,1,341,Loyal Customers
C14135,5,9,1495.55,5,5,5,555,Champions
C14136,1,7,728.81,5,5,4,554,Champions
C14137,78,6,2304.89,4,4,5,445,Champions
C14138,68,6,275.41,4,4,2,442,Loyal Customers
C14139,116,5,143.08,3,4,1,341,Loyal Customers
C14140,168,1,11.76,2,1,1,211,Hibernating Customers
C14141,220,5,405.46,2,4,3,243,At Risk
C14142,12,8,732.1,5,5,4,554,Champions
C14143,40,2,582.36,4,1,3,413,New Customers
C14144,101,6,974.27,3,4,4,344,Loyal Customers
C14145,128,7,1051.31,3,5,4,354,Loyal Customers
C14146,15,5,669.91,5,4,4,544,Champions
C14147,659,2,495.28,1,1,3,113,Hibernating Customers
C14149,407,1,15.58,1,1,1,111,Hibernating Customers
C14150,187,9,3592.35,2,5,5,255,At Risk
C14151,32,4,512.79,5,3,3,533,Hibernating Customers
C14152,179,3,112.34,2,2,1,221,Hibernating Customers
C14153,78,4,237.33,4,3,2,432,Hibernating Customers
C14154,443,3,233.4,1,2,2,122,Hibernating Customers
C14155,379,4,1328.68,1,3,5,135,At Risk
C14156,696,1,459.03,1,1,3,113,Hibernating Customers
C14157,33,6,2053.63,5,4,5,545,Champions
C14158,60,7,1633.91,4,5,5,455,Champions
C14159,4,3,368.47,5,2,3,523,New Customers
C14160,351,2,35.38,1,1,1,111,Hibernating Customers
C14161,190,3,535.33,2,2,3,223,Hibernating Customers
C14162,83,1,162.37,4,1,1,411,New Customers
C14163,16,5,311.82,5,4,2,542,Loyal Customers
C14164,105,6,1421.35,3,4,5,345,Loyal Customers
C14165,390,1,92.67,1,1,1,111,Hibernating Customers
C14166,144,4,252.91,3,3,2,332,Hibernating Customers
C14167,112,5,559.73,3,4,3,343,Loyal Customers
C14168,29,2,399.49,5,1,3,513,New Customers
C14169,502,4,653.6,1,3,4,134,At Risk
C14170,562,1,103.45,1,1,1,111,Hibernating Customers
C14171,235,5,925.85,2,4,4,244,At Risk
C14172,386,5,381.58,1,4,3,143,At Risk
C14173,283,3,251.88,1,2,2,122,Hibernating Customers
C14174,106,8,1217.64,3,5,5,355,Loyal Customers
C14175,110,4,253.71,3,3,2,332,Hibernating Customers
C14176,579,2,451.59,1,1,3,113,Hibernating Customers
C14177,2,6,574.53,5,4,3,543,Loyal Customers
C14178,73,4,534.77,4,3,3,433,Hibernating Customers
C14179,32,5,1032.71,5,4,4,544,Champions
C14180,203,5,683.28,2,4,4,244,At Risk
C14181,91,4,122.01,3,3,1,331,Hibernating Customers
C14182,152,6,2340,2,4,5,245,At Risk
C14183,357,5,539.93,1,4,3,143,At Risk
C14184,139,3,665.19,3,2,4,324,Hibernating Customers
C14185,114,5,687.09,3,4,4,344,Loyal Customers
C14186,193,1,22.28,2,1,1,211,Hibernating Customers
C14187,106,5,569.78,3,4,3,343,Loyal Customers
C14188,137,6,250.03,3,4,2,342,Loyal Customers
C14189,352,1,33.96,1,1,1,111,Hibernating Customers
C14190,278,4,283.68,1,3,2,132,At Risk
C14191,70,4,224.54,4,3,2,432,Hibernating Customers
C14192,153,3,644.75,2,2,3,223,Hibernating Customers
C14193,106,4,884.82,3,3,4,334,Hibernating Customers
C14194,56,2,86.33,4,1,1,411,New Customers
C14195,139,2,410.94,3,1,3,313,Hibernating Customers
C14196,19,5,992.57,5,4,4,544,Champions
C14197,168,5,291.75,2,4,2,242,At Risk
C14198,50,4,111.69,4,3,1,431,Hibernating Customers
C14199,50,8,1259.19,4,5,5,455,Champions
C14200,91,8,1850.25,3,5,5,355,Loyal Customers
C14201,353,3,150.91,1,2,1,121,Hibernating Customers
C14202,170,3,462.55,2,2,3,223,Hibernating Customers
C14203,642,2,120.99,1,1,1,111,Hibernating Customers
C14204,244,3,632.67,2,2,3,223,Hibernating Customers
C14205,36,2,46.17,5,1,1,511,New Customers
C14206,86,4,374.41,3,3,3,333,Hibernating Customers
C14207,7,8,599.52,5,5,3,553,Loyal Customers
C14208,11,5,951.92,5,4,4,544,Champions
C14209,399,2,44.36,1,1,1,111,Hibernating Customers
C14210,38,6,1203.61,4,4,5,445,Champions
C14211,94,3,294.46,3,2,2,322,Hibernating Customers
C14212,52,6,1314.7,4,4,5,445,Champions
C14213,59,7,1201.38,4,5,5,455,Champions
C14214,87,4,858.73,3,3,4,334,Hibernating Customers
C14215,82,3,111.44,4,2,1,421,New Customers
C14216,76,2,236.09,4,1,2,412,New Customers
C14217,32,5,856.22,5,4,4,544,Champions
C14218,96,8,3624.55,3,5,5,355,Loyal Customers
C14219,339,5,765.03,1,4,4,144,At Risk
C14220,305,1,1180.14,1,1,5,115,Hibernating Customers
C14221,4,7,955.07,5,5,4,554,Champions
C14222,148,3,1300.81,3,2,5,325,Hibernating Customers
C14223,115,6,5460.66,3,4,5,345,Loyal Customers
C14224,20,5,492.16,5,4,3,543,Loyal Customers
C14225,27,7,661.5,5,5,4,554,Champions
C14226,27,2,394.79,5,1,3,513,New Customers
C14227,23,5,1218.13,5,4,5,545,Champions
C14228,28,12,3627.31,5,5,5,555,Champions
C14229,360,2,117.68,1,1,1,111,Hibernating Customers
C14230,316,2,582.02,1,1,3,113,Hibernating Customers
C14231,177,8,1068.34,2,5,4,254,At Risk
C14232,34,7,851.52,5,5,4,554,Champions
C14233,200,2,41.04,2,1,1,211,Hibernating Customers
C14234,98,7,664.6,3,5,4,354,Loyal Customers
C14235,444,3,98.18,1,2,1,121,Hibernating Customers
C14236,71,3,335.39,4,2,2,422,New Customers
C14237,263,3,140.25,2,2,1,221,Hibernating Customers
C14238,114,3,515.66,3,2,3,323,Hibernating Customers
C14239,46,4,799.55,4,3,4,434,Hibernating Customers
C14240,46,4,768.57,4,3,4,434,Hibernating Customers
C14241,137,5,476.29,3,4,3,343,Loyal Customers
C14242,253,3,41.06,2,2,1,221,Hibernating Customers
C14243,62,5,276.56,4,4,2,442,Loyal Customers
C14244,323,7,670.76,1,5,4,154,At Risk
C14245,156,3,151.55,2,2,1,221,Hibernating Customers
C14246,292,1,124.45,1,1,1,111,Hibernating Customers
C14247,280,2,167.19,1,1,1,111,Hibernating Customers
C14248,541,2,297,1,1,2,112,Hibernating Customers
C14249,173,3,628.94,2,2,3,223,Hibernating Customers
C14250,331,4,671.17,1,3,4,134,At Risk
C14251,42,4,461.56,4,3,3,433,Hibernating Customers
C14252,210,2,116.23,2,1,1,211,Hibernating Customers
C14253,134,4,186.27,3,3,2,332,Hibernating Customers
C14254,59,3,176.02,4,2,2,422,New Customers
C14255,178,7,629.68,2,5,3,253,At Risk
C14256,21,4,638.55,5,3,3,533,Hibernating Customers
C14257,233,6,1692.07,2,4,5,245,At Risk
C14258,106,6,1705.2,3,4,5,345,Loyal Customers
C14259,140,3,58.45,3,2,1,321,Hibernating Customers
C14260,1,6,846.21,5,4,4,544,Champions
C14261,67,8,2553.54,4,5,5,455,Champions
C14262,88,7,946.81,3,5,4,354,Loyal Customers
C14263,136,5,1141.49,3,4,5,345,Loyal Customers
C14264,10,7,815.17,5,5,4,554,Champions
C14265,407,2,510.76,1,1,3,113,Hibernating Customers
C14266,203,6,1501.45,2,4,5,245,At Risk
C14267,350,3,486.13,1,2,3,123,Hibernating Customers
C14268,176,8,1749.94,2,5,5,255,At Risk
C14269,552,1,966.97,1,1,4,114,Hibernating Customers
C14270,143,7,438.54,3,5,3,353,Loyal Customers
C14271,202,2,795.85,2,1,4,214,Hibernating Customers
C14272,10,6,314.18,5,4,2,542,Loyal Customers
C14273,71,2,282.32,4,1,2,412,New Customers
C14274,323,6,327.34,1,4,2,142,At Risk
C14275,16,6,284.7,5,4,2,542,Loyal Customers
C14276,84,6,1249.6,4,4,5,445,Champions
C14277,62,6,776.72,4,4,4,444,Champions
C14278,256,7,654.97,2,5,4,254,At Risk
C14279,385,2,177.59,1,1,2,112,Hibernating Customers
C14280,398,2,72.77,1,1,1,111,Hibernating Customers
C14281,6,5,1607.63,5,4,5,545,Champions
C14282,141,3,287.4,3,2,2,322,Hibernating Customers
C14283,205,4,349.24,2,3,2,232,At Risk
C14284,323,6,738.37,1,4,4,144,At Risk
C14285,99,3,292.09,3,2,2,322,Hibernating Customers
C14286,84,5,511.21,4,4,3,443,Loyal Customers
C14287,128,5,628.28,3,4,3,343,Loyal Customers
C14288,3,4,785.49,5,3,4,534,Hibernating Customers
C14289,214,6,321.94,2,4,2,242,At Risk
C14290,239,4,54.57,2,3,1,231,At Risk
C14291,716,1,33.62,1,1,1,111,Hibernating Customers
C14292,572,2,66.1,1,1,1,111,Hibernating Customers
C14293,83,6,205.58,4,4,2,442,Loyal Customers
C14294,330,3,86.8,1,2,1,121,Hibernating Customers
C14295,18,1,503.06,5,1,3,513,New Customers
C14296,614,1,754.15,1,1,4,114,Hibernating Customers
C14297,183,7,518.43,2,5,3,253,At Risk
C14298,16,6,295.42,5,4,2,542,Loyal Customers
C14299,91,4,219.41,3,3,2,332,Hibernating Customers
C14300,156,5,150.25,2,4,1,241,At Risk
C14301,328,2,114.57,1,1,1,111,Hibernating Customers
C14302,43,7,4163.19,4,5,5,455,Champions
C14303,21,2,3924.29,5,1,5,515,New Customers
C14304,142,2,552.49,3,1,3,313,Hibernating Customers
C14305,150,4,2729.46,3,3,5,335,Hibernating Customers
C14306,310,3,118.69,1,2,1,121,Hibernating Customers
C14307,83,4,613.92,4,3,3,433,Hibernating Customers
C14308,45,5,2377.69,4,4,5,445,Champions
C14309,4,6,905.52,5,4,4,544,Champions
C14310,80,7,687.82,4,5,4,454,Champions
C14311,307,6,927.97,1,4,4,144,At Risk
C14312,25,9,2932.02,5,5,5,555,Champions
C14313,191,3,167.53,2,2,1,221,Hibernating Customers
C14314,412,5,316.16,1,4,2,142,At Risk
C14315,418,2,240.3,1,1,2,112,Hibernating Customers
C14316,31,5,1402.18,5,4,5,545,Champions
C14317,143,4,303.57,3,3,2,332,Hibernating Customers
C14318,10,9,1613.56,5,5,5,555,Champions
C14319,18,3,1149.54,5,2,5,525,New Customers
C14320,470,4,1960.11,1,3,5,135,At Risk
C14321,210,6,395.07,2,4,3,243,At Risk
C14322,599,1,299.48,1,1,2,112,Hibernating Customers
C14323,342,5,1363.57,1,4,5,145,At Risk
C14324,25,5,496.65,5,4,3,543,Loyal Customers
C14325,165,5,606.77,2,4,3,243,At Risk
C14326,366,6,309.94,1,4,2,142,At Risk
C14327,21,4,880.42,5,3,4,534,Hibernating Customers
C14328,516,2,30.48,1,1,1,111,Hibernating Customers
C14329,7,6,1173.77,5,4,5,545,Champions
C14330,212,5,284.99,2,4,2,242,At Risk
C14331,132,4,276.34,3,3,2,332,Hibernating Customers
C14332,587,2,248.62,1,1,2,112,Hibernating Customers
C14333,18,1,10.82,5,1,1,511,New Customers
C14334,255,4,291.46,2,3,2,232,At Risk
C14335,179,3,837.67,2,2,4,224,Hibernating Customers
C14337,9,4,562.5,5,3,3,533,Hibernating Customers
C14338,599,2,277.19,1,1,2,112,Hibernating Customers
C14339,15,3,111.03,5,2,1,521,New Customers
C14340,51,7,934.57,4,5,4,454,Champions
C14341,54,3,732.1,4,2,4,424,New Customers
C14342,239,3,600.03,2,2,3,223,Hibernating Customers
C14343,17,2,54.95,5,1,1,511,New Customers
C14344,256,1,41.61,2,1,1,211,Hibernating Customers
C14345,226,3,162.78,2,2,1,221,Hibernating Customers
C14346,323,2,145.73,1,1,1,111,Hibernating Customers
C14348,88,5,1327.87,3,4,5,345,Loyal Customers
C14349,310,8,2341.39,1,5,5,155,At Risk
C14350,154,5,143.49,2,4,1,241,At Risk
C14351,460,4,672.59,1,3,4,134,At Risk
C14352,8,3,400.95,5,2,3,523,New Customers
C14353,295,3,173.61,1,2,2,122,Hibernating Customers
C14354,98,10,614.68,3,5,3,353,Loyal Customers
C14355,24,6,1231.83,5,4,5,545,Champions
C14356,135,4,1407.84,3,3,5,335,Hibernating Customers
C14357,317,5,1071.59,1,4,4,144,At Risk
C14358,76,3,338.82,4,2,2,422,New Customers
C14359,158,1,2037.4,2,1,5,215,Hibernating Customers
C14360,47,6,746.38,4,4,4,444,Champions
C14361,56,2,87.8,4,1,1,411,New Customers
C14362,63,3,215.33,4,2,2,422,New Customers
C14363,85,4,105.01,3,3,1,331,Hibernating Customers
C14364,42,5,2081.84,4,4,5,445,Champions
C14365,105,4,250.99,3,3,2,332,Hibernating Customers
C14366,147,8,1006.69,3,5,4,354,Loyal Customers
C14367,43,4,251.49,4,3,2,432,Hibernating Customers
C14368,223,4,167.11,2,3,1,231,At Risk
C14369,129,5,887.56,3,4,4,344,Loyal Customers
C14370,136,8,1231.81,3,5,5,355,Loyal Customers
C14371,4,6,844.24,5,4,4,544,Champions
C14372,266,3,677.37,1,2,4,124,Hibernating Customers
C14373,19,5,295.59,5,4,2,542,Loyal Customers
C14374,5,6,1850.69,5,4,5,545,Champions
C14376,18,4,717.84,5,3,4,534,Hibernating Customers
C14377,317,4,718.6,1,3,4,134,At Risk
C14378,71,6,4028.67,4,4,5,445,Champions
C14379,88,3,153.9,3,2,1,321,Hibernating Customers
C14380,5,5,639.14,5,4,3,543,Loyal Customers
C14381,222,3,814.49,2,2,4,224,Hibernating Customers
C14382,76,4,239.68,4,3,2,432,Hibernating Customers
C14383,37,4,184.56,4,3,2,432,Hibernating Customers
C14384,29,4,314.39,5,3,2,532,Hibernating Customers
C14385,315,3,115.64,1,2,1,121,Hibernating Customers
C14386,92,2,203,3,1,2,312,Hibernating Customers
C14387,260,3,323.03,2,2,2,222,Hibernating Customers
C14388,224,4,265.66,2,3,2,232,At Risk
C14389,171,4,146.2,2,3,1,231,At Risk
C14390,178,5,1517.43,2,4,5,245,At Risk
C14391,177,2,525.48,2,1,3,213,Hibernating Customers
C14392,94,3,31.12,3,2,1,321,Hibernating Customers
C14394,261,3,95.18,2,2,1,221,Hibernating Customers
C14395,54,3,1417.12,4,2,5,425,New Customers
C14396,256,3,176.31,2,2,2,222,Hibernating Customers
C14397,107,3,144.1,3,2,1,321,Hibernating Customers
C14398,690,2,124.12,1,1,1,111,Hibernating Customers
C14399,18,4,1130.45,5,3,4,534,Hibernating Customers
C14400,83,3,521.24,4,2,3,423,New Customers
C14401,217,2,229.43,2,1,2,212,Hibernating Customers
C14402,7,6,1407.55,5,4,5,545,Champions
C14403,22,6,820.06,5,4,4,544,Champions
C14404,349,1,26.16,1,1,1,111,Hibernating Customers
C14405,306,3,172.08,1,2,1,121,Hibernating Customers
C14406,308,6,488.87,1,4,3,143,At Risk
C14407,192,3,187.63,2,2,2,222,Hibernating Customers
C14408,159,5,1507.71,2,4,5,245,At Risk
C14409,100,6,2737.18,3,4,5,345,Loyal Customers
C14410,504,2,513.7,1,1,3,113,Hibernating Customers
C14411,121,3,619.57,3,2,3,323,Hibernating Customers
C14412,18,6,888.38,5,4,4,544,Champions
C14413,215,3,1060.04,2,2,4,224,Hibernating Customers
C14414,103,2,1066.84,3,1,4,314,Hibernating Customers
C14415,31,4,212.81,5,3,2,532,Hibernating Customers
C14416,132,3,434.55,3,2,3,323,Hibernating Customers
C14417,584,1,613.84,1,1,3,113,Hibernating Customers
C14418,168,5,1389.3,2,4,5,245,At Risk
C14419,246,3,182.26,2,2,2,222,Hibernating Customers
C14420,225,4,370.44,2,3,3,233,At Risk
C14421,409,2,781.11,1,1,4,114,Hibernating Customers
C14422,39,5,2668.61,4,4,5,445,Champions
C14423,79,3,146.34,4,2,1,421,New Customers
C14424,179,4,749.35,2,3,4,234,At Risk
C14425,319,4,294.45,1,3,2,132,At Risk
C14426,29,5,559.35,5,4,3,543,Loyal Customers
C14427,22,2,1439.7,5,1,5,515,New Customers
C14428,34,7,281.46,5,5,2,552,Loyal Customers
C14429,39,5,4764.88,4,4,5,445,Champions
C14430,365,3,191.06,1,2,2,122,Hibernating Customers
C14431,123,7,1620.3,3,5,5,355,Loyal Customers
C14432,117,2,1176.9,3,1,5,315,Hibernating Customers
C14433,110,6,694.91,3,4,4,344,Loyal Customers
C14434,308,3,548.34,1,2,3,123,Hibernating Customers
C14435,17,9,758.81,5,5,4,554,Champions
C14436,507,1,62.64,1,1,1,111,Hibernating Customers
C14437,15,2,72.81,5,1,1,511,New Customers
C14439,309,5,676.35,1,4,4,144,At Risk
C14440,290,4,1048.95,1,3,4,134,At Risk
C14441,78,2,100.18,4,1,1,411,New Customers
C14442,316,2,754.57,1,1,4,114,Hibernating Customers
C14443,109,6,237.12,3,4,2,342,Loyal Customers
C14444,305,5,826.97,1,4,4,144,At Risk
C14445,424,2,637.25,1,1,3,113,Hibernating Customers
C14446,1,7,2091.4,5,5,5,555,Champions
C14447,322,3,220.83,1,2,2,122,Hibernating Customers
C14448,293,2,6.58,1,1,1,111,Hibernating Customers
C14449,685,2,269.99,1,1,2,112,Hibernating Customers
C14450,265,2,271.87,2,1,2,212,Hibernating Customers
C14451,119,5,685.25,3,4,4,344,Loyal Customers
C14452,409,4,169.53,1,3,1,131,At Risk
C14453,270,4,305.02,1,3,2,132,At Risk
C14454,26,5,485.06,5,4,3,543,Loyal Customers
C14455,121,6,1932.3,3,4,5,345,Loyal Customers
C14456,188,5,238.74,2,4,2,242,At Risk
C14457,277,3,256.5,1,2,2,122,Hibernating Customers
C14458,223,4,494.55,2,3,3,233,At Risk
C14459,180,4,208.83,2,3,2,232,At Risk
C14460,386,5,3669.53,1,4,5,145,At Risk
C14461,15,1,26.31,5,1,1,511,New Customers
C14462,154,4,715.09,2,3,4,234,At Risk
C14463,267,4,346.91,1,3,2,132,At Risk
C14464,41,4,887.74,4,3,4,434,Hibernating Customers
C14465,521,2,22.83,1,1,1,111,Hibernating Customers
C14466,106,4,1037.63,3,3,4,334,Hibernating Customers
C14467,189,2,156.67,2,1,1,211,Hibernating Customers
C14468,132,3,1117.45,3,2,4,324,Hibernating Customers
C14469,317,3,99.53,1,2,1,121,Hibernating Customers
C14470,133,5,435.61,3,4,3,343,Loyal Customers
C14471,175,5,1866.08,2,4,5,245,At Risk
C14472,171,6,259.43,2,4,2,242,At Risk
C14473,13,5,1116.27,5,4,4,544,Champions
C14474,66,6,2454.17,4,4,5,445,Champions
C14475,680,1,378.9,1,1,3,113,Hibernating Customers
C14476,321,5,530.17,1,4,3,143,At Risk
C14477,128,5,972.56,3,4,4,344,Loyal Customers
C14478,7,7,479.75,5,5,3,553,Loyal Customers
C14479,149,4,786.95,3,3,4,334,Hibernating Customers
C14480,13,4,149.79,5,3,1,531,Hibernating Customers
C14481,115,5,1233,3,4,5,345,Loyal Customers
C14482,24,10,3090.82,5,5,5,555,Champions
C14483,35,3,347.6,5,2,2,522,New Customers
C14484,172,2,228.58,2,1,2,212,Hibernating Customers
C14485,83,7,1128.84,4,5,4,454,Champions
C14486,89,3,341.63,3,2,2,322,Hibernating Customers
C14487,6,8,974.98,5,5,4,554,Champions
C14488,37,4,121.9,4,3,1,431,Hibernating Customers
C14489,162,2,227.81,2,1,2,212,Hibernating Customers
C14490,13,4,2386.97,5,3,5,535,Hibernating Customers
C14491,54,8,3404.24,4,5,5,455,Champions
C14492,260,8,1783.26,2,5,5,255,At Risk
C14493,147,8,615.19,3,5,3,353,Loyal Customers
C14494,29,9,1987.34,5,5,5,555,Champions
C14495,200,1,2.95,2,1,1,211,Hibernating Customers
C14496,265,4,551,2,3,3,233,At Risk
C14497,263,3,133.97,2,2,1,221,Hibernating Customers
C14498,27,4,78.42,5,3,1,531,Hibernating Customers
C14499,26,6,1989.29,5,4,5,545,Champions
C14500,18,6,876.87,5,4,4,544,Champions
C14501,508,5,230.92,1,4,2,142,At Risk
C14502,532,1,47.86,1,1,1,111,Hibernating Customers
C14503,220,4,298.09,2,3,2,232,At Risk
C14504,87,3,940.59,3,2,4,324,Hibernating Customers
C14505,4,5,351.75,5,4,2,542,Loyal Customers
C14506,7,5,635.26,5,4,3,543,Loyal Customers
C14507,6,9,1520.47,5,5,5,555,Champions
C14508,125,5,120.08,3,4,1,341,Loyal Customers
C14509,207,1,37.52,2,1,1,211,Hibernating Customers
C14510,113,5,705.17,3,4,4,344,Loyal Customers
C14511,403,6,296.45,1,4,2,142,At Risk
C14512,8,5,415.14,5,4,3,543,Loyal Customers
C14513,245,1,15.7,2,1,1,211,Hibernating Customers
C14514,153,6,2832.46,2,4,5,245,At Risk
C14515,187,4,376.08,2,3,3,233,At Risk
C14516,241,8,1420.44,2,5,5,255,At Risk
C14517,22,5,723.68,5,4,4,544,Champions
C14518,94,2,79.47,3,1,1,311,Hibernating Customers
C14520,524,2,345.28,1,1,2,112,Hibernating Customers
C14521,46,7,1879.26,4,5,5,455,Champions
C14522,76,8,787.19,4,5,4,454,Champions
C14523,98,4,1133.65,3,3,4,334,Hibernating Customers
C14524,118,8,486.87,3,5,3,353,Loyal Customers
C14525,21,2,87.65,5,1,1,511,New Customers
C14526,13,6,561.74,5,4,3,543,Loyal Customers
C14527,185,6,1361.37,2,4,5,245,At Risk
C14528,305,3,382.34,1,2,3,123,Hibernating Customers
C14529,19,7,1287.71,5,5,5,555,Champions
C14530,26,6,1117.85,5,4,4,544,Champions
C14531,115,1,1020.78,3,1,4,314,Hibernating Customers
C14532,484,1,8.87,1,1,1,111,Hibernating Customers
C14533,154,6,1090.81,2,4,4,244,At Risk
C14534,344,4,1584.54,1,3,5,135,At Risk
C14535,363,2,310.16,1,1,2,112,Hibernating Customers
C14536,6,4,284.43,5,3,2,532,Hibernating Customers
C14537,6,5,224.61,5,4,2,542,Loyal Customers
C14538,137,6,228.8,3,4,2,342,Loyal Customers
C14539,94,4,143.78,3,3,1,331,Hibernating Customers
C14540,382,2,2035,1,1,5,115,Hibernating Customers
C14541,117,4,1492.59,3,3,5,335,Hibernating Customers
C14542,44,8,672.82,4,5,4,454,Champions
C14543,13,6,1249.39,5,4,5,545,Champions
C14544,78,4,88.64,4,3,1,431,Hibernating Customers
C14545,149,5,707.57,3,4,4,344,Loyal Customers
C14546,339,2,47.72,1,1,1,111,Hibernating Customers
C14547,89,2,419.13,3,1,3,313,Hibernating Customers
C14548,38,5,560.67,4,4,3,443,Loyal Customers
C14549,315,7,460.12,1,5,3,153,At Risk
C14550,161,6,148.82,2,4,1,241,At Risk
C14551,49,5,875.49,4,4,4,444,Champions
C14552,3,5,671.95,5,4,4,544,Champions
C14553,272,3,3112.27,1,2,5,125,Hibernating Customers
C14554,28,2,450.83,5,1,3,513,New Customers
C14555,137,8,168.47,3,5,1,351,Loyal Customers
C14556,292,3,282.29,1,2,2,122,Hibernating Customers
C14557,25,4,625.86,5,3,3,533,Hibernating Customers
C14558,105,6,421.14,3,4,3,343,Loyal Customers
C14559,1,8,911.91,5,5,4,554,Champions
C14560,74,3,232.6,4,2,2,422,New Customers
C14561,232,4,2167.48,2,3,5,235,At Risk
C14562,87,3,569.78,3,2,3,323,Hibernating Customers
C14563,176,5,986.64,2,4,4,244,At Risk
C14564,19,2,652.11,5,1,4,514,New Customers
C14565,113,3,355.61,3,2,2,322,Hibernating Customers
C14566,115,5,1310.75,3,4,5,345,Loyal Customers
C14567,262,5,1953.68,2,4,5,245,At Risk
C14568,113,4,108.55,3,3,1,331,Hibernating Customers
C14569,119,3,991.65,3,2,4,324,Hibernating Customers
C14570,64,7,868.19,4,5,4,454,Champions
C14571,13,6,330.85,5,4,2,542,Loyal Customers
C14572,11,4,211.51,5,3,2,532,Hibernating Customers
C14573,321,3,160.07,1,2,1,121,Hibernating Customers
C14574,32,4,252.32,5,3,2,532,Hibernating Customers
C14575,92,2,211.95,3,1,2,312,Hibernating Customers
C14576,88,11,1512.74,3,5,5,355,Loyal Customers
C14577,115,3,591.28,3,2,3,323,Hibernating Customers
C14578,2,9,1921.28,5,5,5,555,Champions
C14579,141,4,1469,3,3,5,335,Hibernating Customers
C14580,577,1,103.88,1,1,1,111,Hibernating Customers
C14581,37,4,447.77,4,3,3,433,Hibernating Customers
C14582,268,3,54.28,1,2,1,121,Hibernating Customers
C14583,67,6,1791.23,4,5,5,455,Champions
C14584,361,3,498.55,1,2,3,123,Hibernating Customers
C14585,155,6,4019.08,2,5,5,255,At Risk
C14586,160,2,53.98,2,1,1,211,Hibernating Customers
C14587,256,5,783.86,2,4,4,244,At Risk
C14588,178,4,518.14,2,3,3,233,At Risk
C14589,171,4,766.1,2,3,4,234,At Risk
C14590,96,6,431.1,3,5,3,353,Loyal Customers
C14591,165,3,329.85,2,2,2,222,Hibernating Customers
C14592,53,4,573.09,4,3,3,433,Hibernating Customers
C14593,40,3,187.85,4,2,2,422,New Customers
C14594,376,3,623.02,1,2,3,123,Hibernating Customers
C14595,47,4,485.71,4,3,3,433,Hibernating Customers
C14596,460,1,17.95,1,1,1,111,Hibernating Customers
C14597,10,3,134.88,5,2,1,521,New Customers
C14598,122,4,393.68,3,3,3,333,Hibernating Customers
C14599,7,6,417.59,5,5,3,553,Loyal Customers
C14600,198,3,175.29,2,2,2,222,Hibernating Customers
C14601,138,2,31.08,3,1,1,311,Hibernating Customers
C14602,151,2,643.3,3,1,3,313,Hibernating Customers
C14603,99,5,398.83,3,4,3,343,Loyal Customers
C14604,166,4,202.06,2,3,2,232,At Risk
C14605,296,3,146.6,1,2,1,121,Hibernating Customers
C14606,96,4,151.66,3,3,1,331,Hibernating Customers
C14607,269,3,133.19,1,2,1,121,Hibernating Customers
C14608,471,1,27.95,1,1,1,111,Hibernating Customers
C14609,219,2,106.25,2,1,1,211,Hibernating Customers
C14610,126,2,89.37,3,1,1,311,Hibernating Customers
C14611,25,8,730.74,5,5,4,554,Champions
C14612,337,2,559.95,1,1,3,113,Hibernating Customers
C14613,30,4,2917.88,5,3,5,535,Hibernating Customers
C14614,46,2,77.37,4,1,1,411,New Customers
C14615,27,5,250.39,5,4,2,542,Loyal Customers
C14616,20,5,720.38,5,4,4,544,Champions
C14617,441,4,118.42,1,3,1,131,At Risk
C14618,449,2,558.13,1,1,3,113,Hibernating Customers
C14619,8,4,154.04,5,3,1,531,Hibernating Customers
C14620,184,6,3312.86,2,5,5,255,At Risk
C14621,233,6,922.38,2,5,4,254,At Risk
C14622,647,2,144.43,1,1,1,111,Hibernating Customers
C14623,206,4,530.56,2,3,3,233,At Risk
C14624,136,5,383.07,3,4,3,343,Loyal Customers
C14625,142,2,79.3,3,1,1,311,Hibernating Customers
C14626,124,7,637.52,3,5,3,353,Loyal Customers
C14627,549,4,4523.83,1,3,5,135,At Risk
C14628,42,6,758.9,4,5,4,454,Champions
C14629,205,1,34.08,2,1,1,211,Hibernating Customers
C14630,328,3,481.76,1,2,3,123,Hibernating Customers
C14631,108,4,323.04,3,3,2,332,Hibernating Customers
C14632,93,2,144.27,3,1,1,311,Hibernating Customers
C14633,197,3,312.63,2,2,2,222,Hibernating Customers
C14634,183,2,456.98,2,1,3,213,Hibernating Customers
C14635,107,4,259.56,3,3,2,332,Hibernating Customers
C14636,10,4,510.34,5,3,3,533,Hibernating Customers
C14637,38,7,1409.66,4,5,5,455,Champions
C14638,207,1,144.34,2,1,1,211,Hibernating Customers
C14640,508,1,46.77,1,1,1,111,Hibernating Customers
C14641,74,3,2680.84,4,2,5,425,New Customers
C14642,16,6,600.73,5,5,3,553,Loyal Customers
C14643,283,3,335.52,1,2,2,122,Hibernating Customers
C14644,161,4,253.8,2,3,2,232,At Risk
C14645,288,1,470.48,1,1,3,113,Hibernating Customers
C14646,104,4,225.66,3,3,2,332,Hibernating Customers
C14647,176,5,1178.66,2,4,5,245,At Risk
C14648,26,6,691.38,5,5,4,554,Champions
C14649,83,6,1418.88,4,5,5,455,Champions
C14650,29,4,2084.7,5,3,5,535,Hibernating Customers
C14651,371,4,186.62,1,3,2,132,At Risk
C14652,88,6,1976.2,3,5,5,355,Loyal Customers
C14653,283,2,36.09,1,1,1,111,Hibernating Customers
C14654,14,9,789.72,5,5,4,554,Champions
C14655,248,7,648.94,2,5,4,254,At Risk
C14656,57,4,586.95,4,3,3,433,Hibernating Customers
C14657,114,5,2248.83,3,4,5,345,Loyal Customers
C14658,143,5,789.9,3,4,4,344,Loyal Customers
C14659,268,3,1928.78,1,2,5,125,Hibernating Customers
C14660,314,4,419.07,1,3,3,133,At Risk
C14661,103,7,3634.24,3,5,5,355,Loyal Customers
C14662,116,3,276.87,3,2,2,322,Hibernating Customers
C14663,201,4,497.95,2,3,3,233,At Risk
C14664,413,6,1840.11,1,5,5,155,At Risk
C14665,343,5,826.03,1,4,4,144,At Risk
C14666,12,3,98.07,5,2,1,521,New Customers
C14668,335,2,335.82,1,1,2,112,Hibernating Customers
C14669,80,6,1495.69,4,5,5,455,Champions
C14670,137,8,1699.09,3,5,5,355,Loyal Customers
C14671,315,3,283.73,1,2,2,122,Hibernating Customers
C14672,436,1,118.68,1,1,1,111,Hibernating Customers
C14673,21,3,209.63,5,2,2,522,New Customers
C14674,82,7,1415.46,4,5,5,455,Champions
C14675,59,12,2802.75,4,5,5,455,Champions
C14676,293,3,225.96,1,2,2,122,Hibernating Customers
C14677,201,6,2488.26,2,5,5,255,At Risk
C14678,70,4,165.35,4,3,1,431,Hibernating Customers
C14679,127,2,1135.57,3,1,5,315,Hibernating Customers
C14680,44,7,1340.1,4,5,5,455,Champions
C14681,128,8,1214.73,3,5,5,355,Loyal Customers
C14682,48,6,1437.96,4,5,5,455,Champions
C14683,150,8,1226.3,3,5,5,355,Loyal Customers
C14684,90,4,172.45,3,3,1,331,Hibernating Customers
C14685,2,3,81.29,5,2,1,521,New Customers
C14686,255,3,323.73,2,2,2,222,Hibernating Customers
C14687,71,7,400.28,4,5,3,453,Loyal Customers
C14688,166,3,1832.95,2,2,5,225,Hibernating Customers
C14689,287,4,683.76,1,3,4,134,At Risk
C14690,253,5,1199.26,2,4,5,245,At Risk
C14691,41,5,227.79,4,4,2,442,Loyal Customers
C14692,30,5,792.07,5,4,4,544,Champions
C14693,236,2,359.38,2,1,2,212,Hibernating Customers
C14694,73,6,2022,4,5,5,455,Champions
C14695,208,3,1041.44,2,2,4,224,Hibernating Customers
C14696,63,6,245.32,4,5,2,452,Loyal Customers
C14697,89,4,564.62,3,3,3,333,Hibernating Customers
C14698,356,2,111.53,1,1,1,111,Hibernating Customers
C14699,298,2,41.56,1,1,1,111,Hibernating Customers
C14700,260,3,1236.66,2,2,5,225,Hibernating Customers
C14701,155,4,781.78,2,3,4,234,At Risk
C14702,396,2,44.89,1,1,1,111,Hibernating Customers
C14703,12,7,380.88,5,5,3,553,Loyal Customers
C14704,387,2,133.24,1,1,1,111,Hibernating Customers
C14705,44,4,310.39,4,3,2,432,Hibernating Customers
C14707,87,3,32.31,3,2,1,321,Hibernating Customers
C14708,170,3,3406.09,2,2,5,225,Hibernating Customers
C14709,28,4,631.58,5,3,3,533,Hibernating Customers
C14710,295,5,1745.17,1,4,5,145,At Risk
C14711,24,5,2965.7,5,4,5,545,Champions
C14712,200,2,179.24,2,1,2,212,Hibernating Customers
C14713,50,6,1494.86,4,5,5,455,Champions
C14714,77,6,715.29,4,5,4,454,Champions
C14715,113,5,980.32,3,4,4,344,Loyal Customers
C14716,283,2,149.91,1,1,1,111,Hibernating Customers
C14717,181,5,388.05,2,4,3,243,At Risk
C14718,64,5,374.88,4,4,3,443,Loyal Customers
C14719,209,9,904.9,2,5,4,254,At Risk
C14720,32,2,245,5,1,2,512,New Customers
C14721,98,5,1435.23,3,4,5,345,Loyal Customers
C14722,40,6,302.86,4,5,2,452,Loyal Customers
C14723,11,11,1687.6,5,5,5,555,Champions
C14724,19,5,1669.46,5,4,5,545,Champions
C14725,360,5,199.89,1,4,2,142,At Risk
C14726,115,2,88.75,3,1,1,311,Hibernating Customers
C14727,50,6,647.06,4,5,4,454,Champions
C14728,83,4,853.1,4,3,4,434,Hibernating Customers
C14729,82,8,337.96,4,5,2,452,Loyal Customers
C14730,481,1,34.41,1,1,1,111,Hibernating Customers
C14731,586,2,593.28,1,1,3,113,Hibernating Customers
C14732,47,5,721.54,4,4,4,444,Champions
C14733,129,7,407.2,3,5,3,353,Loyal Customers
C14734,463,5,241.92,1,4,2,142,At Risk
C14735,11,6,1132.53,5,5,4,554,Champions
C14736,243,5,1040.48,2,4,4,244,At Risk
C14737,207,3,266.84,2,2,2,222,Hibernating Customers
C14738,515,1,169.82,1,1,1,111,Hibernating Customers
C14739,425,3,98.95,1,2,1,121,Hibernating Customers
C14741,120,5,985.07,3,4,4,344,Loyal Customers
C14742,77,3,93.63,4,2,1,421,New Customers
C14743,23,4,96.71,5,3,1,531,Hibernating Customers
C14744,102,6,470.19,3,5,3,353,Loyal Customers
C14745,330,3,975.38,1,2,4,124,Hibernating Customers
C14746,80,6,487.58,4,5,3,453,Loyal Customers
C14747,165,5,1280.71,2,4,5,245,At Risk
C14748,85,5,537.4,3,4,3,343,Loyal Customers
C14749,142,5,162.68,3,4,1,341,Loyal Customers
C14750,373,4,1058.76,1,3,4,134,At Risk
C14751,144,3,222.72,3,2,2,322,Hibernating Customers
C14752,53,9,563.91,4,5,3,453,Loyal Customers
C14753,297,4,491.81,1,3,3,133,At Risk
C14754,57,4,632.78,4,3,3,433,Hibernating Customers
C14755,144,1,1857.48,3,1,5,315,Hibernating Customers
C14756,208,4,397.84,2,3,3,233,At Risk
C14757,7,7,947.79,5,5,4,554,Champions
C14758,55,6,1670.62,4,5,5,455,Champions
C14759,176,5,1134.22,2,4,4,244,At Risk
C14760,19,9,1949.08,5,5,5,555,Champions
C14761,53,4,96.05,4,3,1,431,Hibernating Customers
C14762,110,2,228.25,3,1,2,312,Hibernating Customers
C14763,29,6,2443.71,5,5,5,555,Champions
C14764,237,4,505.45,2,3,3,233,At Risk
C14765,154,3,99.1,2,2,1,221,Hibernating Customers
C14766,16,4,993.47,5,3,4,534,Hibernating Customers
C14767,163,3,553.84,2,2,3,223,Hibernating Customers
C14768,152,5,2087.69,2,4,5,245,At Risk
C14769,21,5,770.67,5,4,4,544,Champions
C14770,6,4,474.89,5,3,3,533,Hibernating Customers
C14771,534,1,108.81,1,1,1,111,Hibernating Customers
C14772,676,2,1608.58,1,1,5,115,Hibernating Customers
C14773,180,4,280.43,2,3,2,232,At Risk
C14774,25,3,290.17,5,2,2,522,New Customers
C14775,258,4,204.75,2,3,2,232,At Risk
C14776,14,3,395.77,5,2,3,523,New Customers
C14777,386,3,169.29,1,2,1,121,Hibernating Customers
C14778,38,5,480.38,4,4,3,443,Loyal Customers
C14779,400,3,552.17,1,2,3,123,Hibernating Customers
C14780,116,11,2764.86,3,5,5,355,Loyal Customers
C14781,43,3,217.85,4,2,2,422,New Customers
C14782,281,7,856.9,1,5,4,154,At Risk
C14783,591,2,183.75,1,1,2,112,Hibernating Customers
C14784,137,8,990.45,3,5,4,354,Loyal Customers
C14785,365,5,254.69,1,4,2,142,At Risk
C14786,451,4,1050.89,1,3,4,134,At Risk
C14787,134,5,570.82,3,4,3,343,Loyal Customers
C14788,721,1,13.46,1,1,1,111,Hibernating Customers
C14789,144,3,72.42,3,2,1,321,Hibernating Customers
C14790,13,6,770.24,5,5,4,554,Champions
C14791,46,3,280.15,4,2,2,422,New Customers
C14792,387,3,260.15,1,2,2,122,Hibernating Customers
C14793,23,6,972.67,5,5,4,554,Champions
C14795,24,7,637.64,5,5,3,553,Loyal Customers
C14796,102,4,327.83,3,3,2,332,Hibernating Customers
C14797,8,6,1113.71,5,5,4,554,Champions
C14798,103,9,351.74,3,5,2,352,Loyal Customers
C14799,94,6,510.99,3,5,3,353,Loyal Customers
C14800,7,5,386.28,5,4,3,543,Loyal Customers
C14801,128,6,634.49,3,5,3,353,Loyal Customers
C14802,391,3,592.03,1,2,3,123,Hibernating Customers
C14803,104,5,463.16,3,4,3,343,Loyal Customers
C14804,11,6,1836.64,5,5,5,555,Champions
C14805,16,8,913.14,5,5,4,554,Champions
C14806,29,7,1422.06,5,5,5,555,Champions
C14807,174,3,68.61,2,2,1,221,Hibernating Customers
C14808,55,2,233.57,4,1,2,412,New Customers
C14809,457,3,310.74,1,2,2,122,Hibernating Customers
C14810,42,3,279.77,4,2,2,422,New Customers
C14811,311,4,590.59,1,3,3,133,At Risk
C14812,186,4,263.01,2,3,2,232,At Risk
C14813,69,3,104.04,4,2,1,421,New Customers
C14814,65,4,2106.75,4,3,5,435,Hibernating Customers
C14815,44,6,969.49,4,5,4,454,Champions
C14816,102,4,1683.69,3,3,5,335,Hibernating Customers
C14817,184,3,552.71,2,2,3,223,Hibernating Customers
C14818,57,4,896.58,4,3,4,434,Hibernating Customers
C14819,226,2,13.15,2,1,1,211,Hibernating Customers
C14820,49,5,586.5,4,4,3,443,Loyal Customers
C14821,61,3,105.73,4,2,1,421,New Customers
C14822,91,2,163.4,3,1,1,311,Hibernating Customers
C14823,79,6,246.34,4,5,2,452,Loyal Customers
C14824,97,4,170.57,3,3,1,331,Hibernating Customers
C14825,7,7,608.77,5,5,3,553,Loyal Customers
C14826,21,6,1534.43,5,5,5,555,Champions
C14827,488,2,249.53,1,1,2,112,Hibernating Customers
C14828,149,3,186.92,3,2,2,322,Hibernating Customers
C14829,6,4,284.2,5,3,2,532,Hibernating Customers
C14830,41,3,515.95,4,2,3,423,New Customers
C14831,64,4,1393.02,4,3,5,435,Hibernating Customers
C14833,176,6,1535.38,2,5,5,255,At Risk
C14834,62,6,686.54,4,5,4,454,Champions
C14835,8,7,324.2,5,5,2,552,Loyal Customers
C14836,34,4,1400.62,5,3,5,535,Hibernating Customers
C14837,81,6,269.55,4,5,2,452,Loyal Customers
C14838,99,7,1416.9,3,5,5,355,Loyal Customers
C14839,89,6,752.96,3,5,4,354,Loyal Customers
C14840,127,4,586.96,3,3,3,333,Hibernating Customers
C14841,2,6,643.49,5,5,3,553,Loyal Customers
C14842,85,3,260.58,3,2,2,322,Hibernating Customers
C14843,108,2,132.2,3,1,1,311,Hibernating Customers
C14844,101,3,458.17,3,2,3,323,Hibernating Customers
C14845,25,2,117.21,5,1,1,511,New Customers
C14846,14,7,433.83,5,5,3,553,Loyal Customers
C14847,248,3,614.05,2,2,3,223,Hibernating Customers
C14848,91,4,514.4,3,3,3,333,Hibernating Customers
C14849,3,7,229.06,5,5,2,552,Loyal Customers
C14850,40,3,107.03,4,2,1,421,New Customers
C14851,53,2,106.96,4,1,1,411,New Customers
C14852,60,4,588.46,4,3,3,433,Hibernating Customers
C14853,66,6,1825.92,4,5,5,455,Champions
C14854,106,8,1176.26,3,5,5,355,Loyal Customers
C14855,150,1,6.09,3,1,1,311,Hibernating Customers
C14856,416,4,183.63,1,3,2,132,At Risk
C14857,310,5,273.15,1,4,2,142,At Risk
C14858,100,7,807.43,3,5,4,354,Loyal Customers
C14859,140,5,95.07,3,4,1,341,Loyal Customers
C14860,220,3,558.45,2,2,3,223,Hibernating Customers
C14861,478,4,195.42,1,3,2,132,At Risk
C14862,107,6,827.06,3,5,4,354,Loyal Customers
C14863,320,6,768.13,1,5,4,154,At Risk
C14864,27,6,556.32,5,5,3,553,Loyal Customers
C14865,21,8,2558.4,5,5,5,555,Champions
C14866,76,5,475.2,4,4,3,443,Loyal Customers
C14867,259,3,239.04,2,2,2,222,Hibernating Customers
C14868,8,4,354.64,5,3,2,532,Hibernating Customers
C14869,204,5,283.17,2,4,2,242,At Risk
C14870,4,3,25.05,5,2,1,521,New Customers
C14872,381,3,601.78,1,2,3,123,Hibernating Customers
C14873,125,9,1926.94,3,5,5,355,Loyal Customers
C14874,37,3,223.73,4,2,2,422,New Customers
C14875,16,6,965.05,5,5,4,554,Champions
C14876,3,8,2415.56,5,5,5,555,Champions
C14878,15,7,1629.2,5,5,5,555,Champions
C14879,15,6,549.46,5,5,3,553,Loyal Customers
C14880,72,3,130.11,4,2,1,421,New Customers
C14881,36,5,622.46,5,4,3,543,Loyal Customers
C14882,149,4,459.49,3,3,3,333,Hibernating Customers
C14883,23,3,70.2,5,2,1,521,New Customers
C14884,574,1,40.05,1,1,1,111,Hibernating Customers
C14885,197,3,261.08,2,2,2,222,Hibernating Customers
C14886,7,4,118.56,5,3,1,531,Hibernating Customers
C14887,172,8,1347.52,2,5,5,255,At Risk
C14888,111,3,191.83,3,2,2,322,Hibernating Customers
C14889,2,9,675.69,5,5,4,554,Champions
C14890,49,3,72.83,4,2,1,421,New Customers
C14891,78,5,618.99,4,4,3,443,Loyal Customers
C14892,4,2,404.31,5,1,3,513,New Customers
C14893,24,6,918.23,5,5,4,554,Champions
C14895,14,6,1712.26,5,5,5,555,Champions
C14896,214,2,289.74,2,1,2,212,Hibernating Customers
C14897,84,8,992.52,4,5,4,454,Champions
C14898,238,4,156.46,2,3,1,231,At Risk
C14899,227,7,1148.59,2,5,5,255,At Risk
C14900,11,4,899.96,5,3,4,534,Hibernating Customers
C14901,234,5,1258.73,2,4,5,245,At Risk
C14902,657,1,106.93,1,1,1,111,Hibernating Customers
C14903,532,1,18.15,1,1,1,111,Hibernating Customers
C14904,40,6,239.62,4,5,2,452,Loyal Customers
C14905,171,5,148.73,2,4,1,241,At Risk
C14906,11,6,1374.12,5,5,5,555,Champions
C14907,180,3,1323.94,2,2,5,225,Hibernating Customers
C14908,240,5,260.29,2,4,2,242,At Risk
C14909,174,5,1381.36,2,4,5,245,At Risk
C14910,346,5,723.96,1,4,4,144,At Risk
C14911,26,6,692.5,5,5,4,554,Champions
C14912,139,3,91.79,3,2,1,321,Hibernating Customers
C14913,187,6,1787.76,2,5,5,255,At Risk
C14914,188,2,358.82,2,1,2,212,Hibernating Customers
C14915,26,7,398.96,5,5,3,553,Loyal Customers
C14916,50,8,901.48,4,5,4,454,Champions
C14917,26,8,2124.68,5,5,5,555,Champions
C14918,67,3,49.83,4,2,1,421,New Customers
C14919,10,5,1320.75,5,4,5,545,Champions
C14920,39,8,1589.92,4,5,5,455,Champions
C14921,343,2,401.47,1,1,3,113,Hibernating Customers
C14922,127,4,915.22,3,3,4,334,Hibernating Customers
C14923,185,3,88.32,2,2,1,221,Hibernating Customers
C14924,249,2,208.82,2,1,2,212,Hibernating Customers
C14925,19,9,1808.7,5,5,5,555,Champions
C14926,130,3,409.9,3,2,3,323,Hibernating Customers
C14927,15,5,1090.11,5,4,4,544,Champions
C14928,71,7,495.09,4,5,3,453,Loyal Customers
C14929,67,5,2824.25,4,4,5,445,Champions
C14930,22,7,2038.68,5,5,5,555,Champions
C14931,14,6,520.45,5,5,3,553,Loyal Customers
C14932,88,3,264.07,3,2,2,322,Hibernating Customers
C14933,202,5,790.09,2,4,4,244,At Risk
C14934,291,5,1284.17,1,4,5,145,At Risk
C14935,159,5,201.22,2,4,2,242,At Risk
C14936,176,2,484.95,2,1,3,213,Hibernating Customers
C14937,86,5,481.8,3,4,3,343,Loyal Customers
C14938,50,5,1394.18,4,4,5,445,Champions
C14939,150,9,1068.14,3,5,4,354,Loyal Customers
C14940,245,3,307.93,2,2,2,222,Hibernating Customers
C14941,78,2,31.6,4,1,1,411,New Customers
C14942,101,9,1040.12,3,5,4,354,Loyal Customers
C14943,9,5,688.22,5,4,4,544,Champions
C14944,100,10,825.46,3,5,4,354,Loyal Customers
C14945,46,7,364.75,4,5,2,452,Loyal Customers
C14946,105,5,1060.81,3,4,4,344,Loyal Customers
C14947,24,4,637,5,3,3,533,Hibernating Customers
C14948,255,6,140.48,2,5,1,251,At Risk
C14949,469,3,276.47,1,2,2,122,Hibernating Customers
C14950,402,3,437.08,1,2,3,123,Hibernating Customers
C14951,316,4,83.23,1,3,1,131,At Risk
C14952,358,2,557.49,1,1,3,113,Hibernating Customers
C14953,149,7,766.2,3,5,4,354,Loyal Customers
C14954,27,7,289.31,5,5,2,552,Loyal Customers
C14955,260,3,737.8,2,2,4,224,Hibernating Customers
C14956,417,1,38.2,1,1,1,111,Hibernating Customers
C14957,9,5,237.15,5,4,2,542,Loyal Customers
C14958,4,6,1263.57,5,5,5,555,Champions
C14959,63,6,2508.91,4,5,5,455,Champions
C14960,470,4,628.99,1,3,3,133,At Risk
C14961,682,1,1478.42,1,1,5,115,Hibernating Customers
C14962,167,3,1566.33,2,2,5,225,Hibernating Customers
C14963,54,3,226.64,4,2,2,422,New Customers
C14964,119,8,548.13,3,5,3,353,Loyal Customers
C14965,293,4,1612.75,1,3,5,135,At Risk
C14966,20,3,128.2,5,2,1,521,New Customers
C14967,29,3,142.77,5,2,1,521,New Customers
C14968,1,4,155.33,5,3,1,531,Hibernating Customers
C14969,211,7,172.17,2,5,1,251,At Risk
C14970,82,6,2184.45,4,5,5,455,Champions
C14971,70,7,598.21,4,5,3,453,Loyal Customers
C14972,622,1,13.52,1,1,1,111,Hibernating Customers
C14973,366,3,848.04,1,2,4,124,Hibernating Customers
C14974,67,3,1160.34,4,2,5,425,New Customers
C14975,12,3,159.32,5,2,1,521,New Customers
C14976,16,8,207.27,5,5,2,552,Loyal Customers
C14977,238,1,128.81,2,1,1,211,Hibernating Customers
C14978,35,2,387.74,5,1,3,513,New Customers
C14979,65,6,954.65,4,5,4,454,Champions
C14980,150,4,605.19,3,3,3,333,Hibernating Customers
C14981,305,1,403.92,1,1,3,113,Hibernating Customers
C14983,232,5,372.08,2,4,3,243,At Risk
C14984,314,1,40.2,1,1,1,111,Hibernating Customers
C14986,545,2,177.56,1,1,2,112,Hibernating Customers
C14987,31,5,1229.43,5,4,5,545,Champions
C14988,30,6,752.01,5,5,4,554,Champions
C14989,319,2,51.93,1,1,1,111,Hibernating Customers
C14990,59,5,621.93,4,4,3,443,Loyal Customers
C14991,125,2,120.05,3,1,1,311,Hibernating Customers
C14992,200,8,619.16,2,5,3,253,At Risk
C14993,396,2,149.48,1,1,1,111,Hibernating Customers
C14994,2,8,543.77,5,5,3,553,Loyal Customers
C14995,26,5,791.73,5,4,4,544,Champions
C14996,207,4,1354.62,2,3,5,235,At Risk
C14997,82,5,1187.11,4,4,5,445,Champions
C14998,100,3,818.92,3,2,4,324,Hibernating Customers
C14999,20,4,1225.61,5,3,5,535,Hibernating Customers
C15000,154,5,2059.59,2,4,5,245,At Risk
C15001,84,4,492.09,4,3,3,433,Hibernating Customers
C15002,68,4,425.13,4,3,3,433,Hibernating Customers
C15003,155,5,919.97,2,4,4,244,At Risk
C15004,574,4,76.08,1,3,1,131,At Risk
C15005,8,3,339.67,5,2,2,522,New Customers
C15006,50,2,34.02,4,1,1,411,New Customers
C15007,11,3,533.75,5,2,3,523,New Customers
C15008,25,7,2980.2,5,5,5,555,Champions
C15009,115,4,1110.48,3,3,4,334,Hibernating Customers
C15010,136,1,13.14,3,1,1,311,Hibernating Customers
C15011,99,5,184.35,3,4,2,342,Loyal Customers
C15012,32,3,801.58,5,2,4,524,New Customers
C15013,626,2,348.02,1,1,2,112,Hibernating Customers
C15014,429,3,176.08,1,2,2,122,Hibernating Customers
C15015,130,3,174.16,3,2,2,322,Hibernating Customers
C15016,83,7,1771.48,4,5,5,455,Champions
C15017,69,5,146.18,4,4,1,441,Loyal Customers
C15018,381,2,68.6,1,1,1,111,Hibernating Customers
C15019,264,4,305,2,3,2,232,At Risk
C15020,155,3,526.19,2,2,3,223,Hibernating Customers
C15021,47,3,1425.85,4,2,5,425,New Customers
C15022,355,2,38.54,1,1,1,111,Hibernating Customers
C15023,134,1,105.96,3,1,1,311,Hibernating Customers
C15024,11,10,2488.28,5,5,5,555,Champions
C15025,82,3,31.66,4,2,1,421,New Customers
C15026,400,3,55.49,1,2,1,121,Hibernating Customers
C15027,29,5,212.81,5,4,2,542,Loyal Customers
C15028,73,3,1509.63,4,2,5,425,New Customers
C15029,175,5,1364.44,2,4,5,245,At Risk
C15030,338,3,172.94,1,2,1,121,Hibernating Customers
C15031,142,5,436.71,3,4,3,343,Loyal Customers
C15032,4,4,464.58,5,3,3,533,Hibernating Customers
C15033,27,1,22.7,5,1,1,511,New Customers
C15034,387,2,81.81,1,1,1,111,Hibernating Customers
C15035,464,1,12.56,1,1,1,111,Hibernating Customers
C15036,34,4,308.62,5,3,2,532,Hibernating Customers
C15037,233,7,973.4,2,5,4,254,At Risk
C15038,69,2,161.98,4,1,1,411,New Customers
C15039,86,4,615.06,3,3,3,333,Hibernating Customers
C15040,469,2,148.26,1,1,1,111,Hibernating Customers
C15041,14,4,471.79,5,3,3,533,Hibernating Customers
C15042,111,4,727,3,3,4,334,Hibernating Customers
C15043,155,8,2549.75,2,5,5,255,At Risk
C15044,146,1,847.35,3,1,4,314,Hibernating Customers
C15045,181,5,63.47,2,4,1,241,At Risk
C15046,309,1,117.62,1,1,1,111,Hibernating Customers
C15047,139,5,2657.39,3,4,5,345,Loyal Customers
C15048,100,4,1041.85,3,3,4,334,Hibernating Customers
C15049,77,5,1265.01,4,4,5,445,Champions
C15050,165,2,139.77,2,1,1,211,Hibernating Customers
C15051,40,8,952.67,4,5,4,454,Champions
C15052,159,3,630.75,2,2,3,223,Hibernating Customers
C15053,83,4,373.85,4,3,3,433,Hibernating Customers
C15054,25,7,585.81,5,5,3,553,Loyal Customers
C15055,21,7,1819.53,5,5,5,555,Champions
C15056,219,3,326.73,2,2,2,222,Hibernating Customers
C15057,67,5,670.85,4,4,4,444,Champions
C15058,2,5,1061.8,5,4,4,544,Champions
C15059,364,4,1427.92,1,3,5,135,At Risk
C15060,307,2,227.02,1,1,2,112,Hibernating Customers
C15061,19,4,1597.31,5,3,5,535,Hibernating Customers
C15062,87,6,323.38,3,5,2,352,Loyal Customers
C15063,31,8,2868.05,5,5,5,555,Champions
C15064,41,5,1172.25,4,4,5,445,Champions
C15065,206,5,1148.55,2,4,5,245,At Risk
C15066,12,4,127.66,5,3,1,531,Hibernating Customers
C15067,207,3,1327.16,2,2,5,225,Hibernating Customers
C15068,197,4,2823.02,2,3,5,235,At Risk
C15069,87,5,252.49,3,4,2,342,Loyal Customers
C15070,65,3,236.69,4,2,2,422,New Customers
C15071,630,1,590.54,1,1,3,113,Hibernating Customers
C15072,170,5,314.84,2,4,2,242,At Risk
C15073,230,5,348.14,2,4,2,242,At Risk
C15074,399,4,1414.23,1,3,5,135,At Risk
C15075,405,2,35.19,1,1,1,111,Hibernating Customers
C15076,62,3,364.14,4,2,2,422,New Customers
C15077,197,7,1033.3,2,5,4,254,At Risk
C15078,148,4,569,3,3,3,333,Hibernating Customers
C15079,102,5,643.42,3,4,3,343,Loyal Customers
C15080,56,7,1316.61,4,5,5,455,Champions
C15081,86,4,523.17,3,3,3,333,Hibernating Customers
C15082,24,3,68.22,5,2,1,521,New Customers
C15083,47,6,1434.08,4,5,5,455,Champions
C15084,288,4,301.32,1,3,2,132,At Risk
C15085,4,6,1931.36,5,5,5,555,Champions
C15086,9,5,264.15,5,4,2,542,Loyal Customers
C15087,211,6,2048.03,2,5,5,255,At Risk
C15088,75,9,864.8,4,5,4,454,Champions
C15089,3,9,1811.47,5,5,5,555,Champions
C15090,117,2,204.16,3,1,2,312,Hibernating Customers
C15091,41,8,1971.03,4,5,5,455,Champions
C15092,47,4,194.38,4,3,2,432,Hibernating Customers
C15093,81,5,719.92,4,4,4,444,Champions
C15094,32,3,376.87,5,2,3,523,New Customers
C15095,299,3,268.22,1,2,2,122,Hibernating Customers
C15096,54,6,2934.91,4,5,5,455,Champions
C15097,35,5,108.96,5,4,1,541,Loyal Customers
C15098,144,2,43.9,3,1,1,311,Hibernating Customers
C15099,247,4,233.48,2,3,2,232,At Risk
C15100,556,2,45.58,1,1,1,111,Hibernating Customers
C15101,151,7,874.29,3,5,4,354,Loyal Customers
C15102,186,3,236.24,2,2,2,222,Hibernating Customers
C15103,282,2,41.78,1,1,1,111,Hibernating Customers
C15104,63,4,354.75,4,3,2,432,Hibernating Customers
C15105,53,4,816.49,4,3,4,434,Hibernating Customers
C15106,63,1,607.65,4,1,3,413,New Customers
C15107,352,2,409.96,1,1,3,113,Hibernating Customers
C15108,110,5,975.08,3,4,4,344,Loyal Customers
C15109,166,7,3514.47,2,5,5,255,At Risk
C15110,198,3,396.09,2,2,3,223,Hibernating Customers
C15111,105,3,67.19,3,2,1,321,Hibernating Customers
C15112,94,5,944.76,3,4,4,344,Loyal Customers
C15113,157,7,1713.95,2,5,5,255,At Risk
C15114,177,2,246.25,2,1,2,212,Hibernating Customers
C15115,720,1,82.86,1,1,1,111,Hibernating Customers
C15116,51,4,549.09,4,3,3,433,Hibernating Customers
C15117,3,3,124.8,5,2,1,521,New Customers
C15118,443,1,91.65,1,1,1,111,Hibernating Customers
C15119,395,3,172.67,1,2,1,121,Hibernating Customers
C15120,145,3,282.99,3,2,2,322,Hibernating Customers
C15121,25,4,1357.55,5,3,5,535,Hibernating Customers
C15122,139,4,209.89,3,3,2,332,Hibernating Customers
C15123,722,2,529.01,1,1,3,113,Hibernating Customers
C15124,210,3,654.63,2,2,4,224,Hibernating Customers
C15125,42,5,1278.92,4,4,5,445,Champions
C15126,75,4,1183.2,4,3,5,435,Hibernating Customers
C15127,167,8,291.25,2,5,2,252,At Risk
C15128,90,1,12.93,3,1,1,311,Hibernating Customers
C15129,98,3,333.98,3,2,2,322,Hibernating Customers
C15130,21,3,728.79,5,2,4,524,New Customers
C15131,14,6,517.92,5,5,3,553,Loyal Customers
C15132,280,6,2466.55,1,5,5,155,At Risk
C15133,335,3,463.98,1,2,3,123,Hibernating Customers
C15134,206,4,1904.55,2,3,5,235,At Risk
C15135,108,2,264.32,3,1,2,312,Hibernating Customers
C15136,150,5,723.45,3,4,4,344,Loyal Customers
C15137,86,8,3458.64,3,5,5,355,Loyal Customers
C15138,84,4,207.09,4,3,2,432,Hibernating Customers
C15139,118,9,1115.85,3,5,4,354,Loyal Customers
C15140,329,2,69.79,1,1,1,111,Hibernating Customers
C15141,32,7,399.07,5,5,3,553,Loyal Customers
C15142,33,4,311.84,5,3,2,532,Hibernating Customers
C15143,214,6,414.65,2,5,3,253,At Risk
C15144,64,5,944.56,4,4,4,444,Champions
C15145,37,5,473.82,4,4,3,443,Loyal Customers
C15146,267,3,390.94,1,2,3,123,Hibernating Customers
C15147,169,6,609.32,2,5,3,253,At Risk
C15148,290,1,246.55,1,1,2,112,Hibernating Customers
C15149,19,7,439,5,5,3,553,Loyal Customers
C15150,245,6,731.29,2,5,4,254,At Risk
C15151,40,5,476.09,4,4,3,443,Loyal Customers
C15152,102,2,45.67,3,1,1,311,Hibernating Customers
C15153,23,9,1080.58,5,5,4,554,Champions
C15154,418,4,973.38,1,3,4,134,At Risk
C15155,414,3,255.56,1,2,2,122,Hibernating Customers
C15156,116,4,319.7,3,3,2,332,Hibernating Customers
C15157,382,4,262.3,1,3,2,132,At Risk
C15158,16,11,840.71,5,5,4,554,Champions
C15159,277,4,599.45,1,3,3,133,At Risk
C15160,583,1,142.74,1,1,1,111,Hibernating Customers
C15161,182,9,1879.78,2,5,5,255,At Risk
C15162,192,5,236.53,2,4,2,242,At Risk
C15163,149,5,332.15,3,4,2,342,Loyal Customers
C15164,259,3,82.14,2,2,1,221,Hibernating Customers
C15165,60,3,269.11,4,2,2,422,New Customers
C15166,20,7,941.87,5,5,4,554,Champions
C15167,92,8,2119.18,3,5,5,355,Loyal Customers
C15168,2,1,91.55,5,1,1,511,New Customers
C15169,105,5,1211.59,3,4,5,345,Loyal Customers
C15170,356,3,270.67,1,2,2,122,Hibernating Customers
C15171,3,6,1250.21,5,5,5,555,Champions
C15172,18,4,218.22,5,3,2,532,Hibernating Customers
C15173,107,4,1062.45,3,3,4,334,Hibernating Customers
C15174,422,2,114.77,1,1,1,111,Hibernating Customers
C15175,59,5,587.01,4,4,3,443,Loyal Customers
C15176,44,7,1103.57,4,5,4,454,Champions
C15177,333,4,1302.33,1,3,5,135,At Risk
C15178,197,6,401.46,2,5,3,253,At Risk
C15179,419,5,611.46,1,4,3,143,At Risk
C15180,217,6,754.86,2,5,4,254,At Risk
C15181,163,4,159.78,2,3,1,231,At Risk
C15182,319,5,581.89,1,4,3,143,At Risk
C15183,158,2,196.68,2,1,2,212,Hibernating Customers
C15184,167,5,136.83,2,4,1,241,At Risk
C15185,219,5,2047.28,2,4,5,245,At Risk
C15186,225,3,288.57,2,2,2,222,Hibernating Customers
C15187,33,3,192.16,5,2,2,522,New Customers
C15188,49,10,1639.51,4,5,5,455,Champions
C15189,30,5,603.68,5,4,3,543,Loyal Customers
C15190,12,9,2376.05,5,5,5,555,Champions
C15191,66,6,802.34,4,5,4,454,Champions
C15192,441,5,487.33,1,4,3,143,At Risk
C15193,3,7,615.86,5,5,3,553,Loyal Customers
C15194,103,4,2628.17,3,3,5,335,Hibernating Customers
C15195,20,4,193.46,5,3,2,532,Hibernating Customers
C15196,139,3,535.18,3,2,3,323,Hibernating Customers
C15197,134,3,211.91,3,2,2,322,Hibernating Customers
C15198,204,2,143.56,2,1,1,211,Hibernating Customers
C15199,162,2,29.34,2,1,1,211,Hibernating Customers
C15200,92,5,619.28,3,4,3,343,Loyal Customers
C15201,187,6,179.19,2,5,2,252,At Risk
C15202,70,10,1555.56,4,5,5,455,Champions
C15203,11,9,4121.9,5,5,5,555,Champions
C15204,102,1,37.97,3,1,1,311,Hibernating Customers
C15205,362,6,1797.19,1,5,5,155,At Risk
C15206,100,3,407.27,3,2,3,323,Hibernating Customers
C15207,5,7,534.21,5,5,3,553,Loyal Customers
C15208,12,7,950.2,5,5,4,554,Champions
C15209,666,2,213.98,1,1,2,112,Hibernating Customers
C15210,139,2,53.38,3,1,1,311,Hibernating Customers
C15211,90,3,428.8,3,2,3,323,Hibernating Customers
C15212,156,4,529.56,2,3,3,233,At Risk
C15213,57,3,52.21,4,2,1,421,New Customers
C15214,274,3,154.18,1,2,1,121,Hibernating Customers
C15215,16,4,336.75,5,3,2,532,Hibernating Customers
C15216,285,2,603.49,1,1,3,113,Hibernating Customers
C15217,61,6,1265.42,4,5,5,455,Champions
C15218,75,3,131.85,4,2,1,421,New Customers
C15219,187,3,1013.43,2,2,4,224,Hibernating Customers
C15220,25,3,1713.31,5,2,5,525,New Customers
C15221,42,2,41.63,4,1,1,411,New Customers
C15222,28,6,225.34,5,5,2,552,Loyal Customers
C15223,91,4,330.52,3,3,2,332,Hibernating Customers
C15224,453,1,1500.3,1,1,5,115,Hibernating Customers
C15225,644,2,14.29,1,1,1,111,Hibernating Customers
C15226,134,4,2231.91,3,3,5,335,Hibernating Customers
C15227,289,1,1.24,1,1,1,111,Hibernating Customers
C15228,153,3,87.32,2,2,1,221,Hibernating Customers
C15229,23,7,239.52,5,5,2,552,Loyal Customers
C15230,4,5,451.29,5,4,3,543,Loyal Customers
C15231,153,6,439,2,5,3,253,At Risk
C15232,106,6,263.73,3,5,2,352,Loyal Customers
C15233,91,4,277.94,3,3,2,332,Hibernating Customers
C15234,38,7,462.06,4,5,3,453,Loyal Customers
C15235,64,3,266.55,4,2,2,422,New Customers
C15236,1,6,903.3,5,5,4,554,Champions
C15237,21,7,552.29,5,5,3,553,Loyal Customers
C15238,118,4,337.54,3,3,2,332,Hibernating Customers
C15239,117,6,173.05,3,5,1,351,Loyal Customers
C15240,97,5,693.94,3,4,4,344,Loyal Customers
C15241,157,3,500.27,2,2,3,223,Hibernating Customers
C15242,173,4,183.84,2,3,2,232,At Risk
C15243,295,5,339.76,1,4,2,142,At Risk
C15244,120,4,190.75,3,3,2,332,Hibernating Customers
C15245,115,2,262.87,3,1,2,312,Hibernating Customers
C15246,41,4,983.44,4,3,4,434,Hibernating Customers
C15247,120,7,338.47,3,5,2,352,Loyal Customers
C15248,3,9,658.76,5,5,4,554,Champions
C15249,90,8,1051.97,3,5,4,354,Loyal Customers
C15250,79,2,134.4,4,1,1,411,New Customers
C15251,225,5,317.5,2,4,2,242,At Risk
C15252,294,3,310.51,1,2,2,122,Hibernating Customers
C15253,46,5,757.16,4,4,4,444,Champions
C15254,108,5,6509.95,3,4,5,345,Loyal Customers
C15255,92,6,542.58,3,5,3,353,Loyal Customers
C15256,163,3,308.85,2,2,2,222,Hibernating Customers
C15257,53,6,248.32,4,5,2,452,Loyal Customers
C15258,54,4,81.91,4,3,1,431,Hibernating Customers
C15259,247,2,171.06,2,1,1,211,Hibernating Customers
C15260,46,4,2585.18,4,3,5,435,Hibernating Customers
C15261,91,5,527.28,3,4,3,343,Loyal Customers
C15262,152,5,746.83,2,4,4,244,At Risk
C15263,170,4,407.69,2,3,3,233,At Risk
C15264,560,4,163.32,1,3,1,131,At Risk
C15265,84,8,431.23,4,5,3,453,Loyal Customers
C15266,160,3,280.14,2,2,2,222,Hibernating Customers
C15267,487,2,748.04,1,1,4,114,Hibernating Customers
C15268,112,6,1305.05,3,5,5,355,Loyal Customers
C15269,57,6,460.56,4,5,3,453,Loyal Customers
C15270,57,3,953.31,4,2,4,424,New Customers
C15271,60,4,345.47,4,3,2,432,Hibernating Customers
C15272,141,5,1631.14,3,4,5,345,Loyal Customers
C15273,47,6,1301.34,4,5,5,455,Champions
C15274,437,3,197.89,1,2,2,122,Hibernating Customers
C15275,118,8,831,3,5,4,354,Loyal Customers
C15276,143,3,62.95,3,2,1,321,Hibernating Customers
C15277,75,3,159.61,4,2,1,421,New Customers
C15278,30,4,945.56,5,3,4,534,Hibernating Customers
C15279,181,7,1181.7,2,5,5,255,At Risk
C15280,67,8,300.03,4,5,2,452,Loyal Customers
C15281,409,3,1460.53,1,2,5,125,Hibernating Customers
C15282,425,1,22.94,1,1,1,111,Hibernating Customers
C15283,29,5,733.51,5,4,4,544,Champions
C15284,198,2,340.04,2,1,2,212,Hibernating Customers
C15285,609,5,993.83,1,4,4,144,At Risk
C15286,169,2,76.71,2,1,1,211,Hibernating Customers
C15287,15,7,715,5,5,4,554,Champions
C15288,360,2,722.55,1,1,4,114,Hibernating Customers
C15289,20,7,2410.89,5,5,5,555,Champions
C15290,22,5,159.81,5,4,1,541,Loyal Customers
C15291,82,5,729.84,4,4,4,444,Champions
C15292,292,3,600.91,1,2,3,123,Hibernating Customers
C15293,176,5,189.28,2,4,2,242,At Risk
C15294,180,3,226.44,2,2,2,222,Hibernating Customers
C15295,171,5,789.59,2,4,4,244,At Risk
C15296,199,2,65.7,2,1,1,211,Hibernating Customers
C15297,44,5,120.23,4,4,1,441,Loyal Customers
C15298,268,5,286.13,1,4,2,142,At Risk
C15299,41,6,162.8,4,5,1,451,Loyal Customers
C15300,51,6,802.74,4,5,4,454,Champions
C15301,6,8,379.15,5,5,3,553,Loyal Customers
C15302,183,7,655.35,2,5,4,254,At Risk
C15303,172,4,1145.39,2,3,5,235,At Risk
C15304,444,2,230.37,1,1,2,112,Hibernating Customers
C15305,137,5,388.51,3,4,3,343,Loyal Customers
C15306,69,3,396.39,4,2,3,423,New Customers
C15307,121,5,1431.29,3,4,5,345,Loyal Customers
C15308,148,7,2096.11,3,5,5,355,Loyal Customers
C15309,387,3,32.22,1,2,1,121,Hibernating Customers
C15310,178,8,960.11,2,5,4,254,At Risk
C15311,116,9,2099.62,3,5,5,355,Loyal Customers
C15312,371,2,282.97,1,1,2,112,Hibernating Customers
C15313,540,1,404.7,1,1,3,113,Hibernating Customers
C15314,70,4,186.52,4,3,2,432,Hibernating Customers
C15315,335,7,382.72,1,5,3,153,At Risk
C15316,95,6,2680.32,3,5,5,355,Loyal Customers
C15317,68,4,1109.48,4,3,4,434,Hibernating Customers
C15318,82,5,835.33,4,4,4,444,Champions
C15319,81,8,1216.24,4,5,5,455,Champions
C15320,92,3,554.58,3,2,3,323,Hibernating Customers
C15321,304,4,210.37,1,3,2,132,At Risk
C15322,187,5,421.99,2,4,3,243,At Risk
C15323,372,4,699.3,1,3,4,134,At Risk
C15324,111,5,868.98,3,4,4,344,Loyal Customers
C15325,701,1,28.96,1,1,1,111,Hibernating Customers
C15326,31,7,2103.1,5,5,5,555,Champions
C15327,156,6,336.12,2,5,2,252,At Risk
C15328,93,4,606.82,3,3,3,333,Hibernating Customers
C15329,188,4,331.68,2,3,2,232,At Risk
C15330,136,4,854.79,3,3,4,334,Hibernating Customers
C15331,504,2,307.47,1,1,2,112,Hibernating Customers
C15332,521,1,666.85,1,1,4,114,Hibernating Customers
C15333,198,3,474.55,2,2,3,223,Hibernating Customers
C15334,36,5,680.12,5,4,4,544,Champions
C15335,182,6,1354.79,2,5,5,255,At Risk
C15336,166,4,704.15,2,3,4,234,At Risk
C15337,611,1,147.25,1,1,1,111,Hibernating Customers
C15338,70,3,825.05,4,2,4,424,New Customers
C15339,241,3,1840.41,2,2,5,225,Hibernating Customers
C15340,38,3,1105.77,4,2,4,424,New Customers
C15341,205,2,58.85,2,1,1,211,Hibernating Customers
C15342,144,2,115.7,3,1,1,311,Hibernating Customers
C15343,107,4,625.23,3,3,3,333,Hibernating Customers
C15344,64,3,65.37,4,2,1,421,New Customers
C15345,163,4,255.71,2,3,2,232,At Risk
C15346,72,2,112.16,4,1,1,411,New Customers
C15347,39,6,552.12,4,5,3,453,Loyal Customers
C15348,496,2,162.18,1,1,1,111,Hibernating Customers
C15349,391,4,387.32,1,3,3,133,At Risk
C15350,43,6,1012.27,4,5,4,454,Champions
C15351,217,5,455.37,2,4,3,243,At Risk
C15352,9,4,1707.77,5,3,5,535,Hibernating Customers
C15353,115,7,1743.04,3,5,5,355,Loyal Customers
C15354,368,2,1281.85,1,1,5,115,Hibernating Customers
C15355,28,4,516.25,5,3,3,533,Hibernating Customers
C15356,231,7,466.72,2,5,3,253,At Risk
C15357,621,1,472.34,1,1,3,113,Hibernating Customers
C15358,29,4,3964.45,5,3,5,535,Hibernating Customers
C15359,119,3,712.6,3,2,4,324,Hibernating Customers
C15360,25,4,151.64,5,3,1,531,Hibernating Customers
C15361,220,2,5.72,2,1,1,211,Hibernating Customers
C15362,320,4,244.54,1,3,2,132,At Risk
C15363,70,4,287.36,4,3,2,432,Hibernating Customers
C15364,73,3,246.91,4,2,2,422,New Customers
C15365,30,3,1957.82,5,2,5,525,New Customers
C15366,253,5,292.96,2,4,2,242,At Risk
C15367,33,6,1903.02,5,5,5,555,Champions
C15368,127,4,1009.66,3,3,4,334,Hibernating Customers
C15369,140,3,828.96,3,2,4,324,Hibernating Customers
C15370,3,8,799.81,5,5,4,554,Champions
C15371,147,2,611.88,3,1,3,313,Hibernating Customers
C15372,64,3,313.27,4,2,2,422,New Customers
C15373,167,7,349.29,2,5,2,252,At Risk
C15374,136,5,309.27,3,4,2,342,Loyal Customers
C15375,28,4,987.99,5,3,4,534,Hibernating Customers
C15376,267,6,651.89,1,5,4,154,At Risk
C15377,402,1,529.73,1,1,3,113,Hibernating Customers
C15378,116,8,775.67,3,5,4,354,Loyal Customers
C15379,28,3,11375.58,5,2,5,525,New Customers
C15380,358,5,1487.93,1,4,5,145,At Risk
C15381,84,1,54.03,4,1,1,411,New Customers
C15382,72,2,174.32,4,1,2,412,New Customers
C15383,50,4,523.29,4,3,3,433,Hibernating Customers
C15384,131,2,26.67,3,1,1,311,Hibernating Customers
C15385,45,4,382.95,4,3,3,433,Hibernating Customers
C15386,66,2,120.04,4,1,1,411,New Customers
C15387,121,8,2936.98,3,5,5,355,Loyal Customers
C15388,176,4,450.32,2,3,3,233,At Risk
C15389,32,3,485.89,5,2,3,523,New Customers
C15390,39,7,533.3,4,5,3,453,Loyal Customers
C15391,194,1,41.07,2,1,1,211,Hibernating Customers
C15392,68,10,1608.71,4,5,5,455,Champions
C15393,81,6,463.11,4,5,3,453,Loyal Customers
C15394,27,1,821.74,5,1,4,514,New Customers
C15395,35,2,22.11,5,1,1,511,New Customers
C15396,73,3,61.88,4,2,1,421,New Customers
C15397,55,3,428.84,4,2,3,423,New Customers
C15398,161,3,345.36,2,2,2,222,Hibernating Customers
C15399,3,6,1048.85,5,5,4,554,Champions
C15400,24,5,1023.89,5,4,4,544,Champions
C15401,304,2,348.46,1,1,2,112,Hibernating Customers
C15402,3,4,544.69,5,3,3,533,Hibernating Customers
C15403,154,3,343.9,2,2,2,222,Hibernating Customers
C15404,43,7,4316.67,4,5,5,455,Champions
C15405,42,1,246.08,4,1,2,412,New Customers
C15406,267,5,999.84,1,4,4,144,At Risk
C15407,436,2,200.16,1,1,2,112,Hibernating Customers
C15408,338,9,1066.54,1,5,4,154,At Risk
C15409,11,7,219.73,5,5,2,552,Loyal Customers
C15410,421,2,196.95,1,1,2,112,Hibernating Customers
C15411,237,5,737.17,2,4,4,244,At Risk
C15412,174,2,477.14,2,1,3,213,Hibernating Customers
C15413,15,8,2726.07,5,5,5,555,Champions
C15414,2,3,395.58,5,2,3,523,New Customers
C15415,183,8,916.84,2,5,4,254,At Risk
C15416,122,5,383,3,4,3,343,Loyal Customers
C15417,81,2,43.4,4,1,1,411,New Customers
C15418,214,1,1349.02,2,1,5,215,Hibernating Customers
C15419,145,4,1291.07,3,3,5,335,Hibernating Customers
C15420,150,5,758.99,3,4,4,344,Loyal Customers
C15421,2,6,394.48,5,5,3,553,Loyal Customers
C15422,290,2,626.79,1,1,3,113,Hibernating Customers
C15423,23,11,1198.12,5,5,5,555,Champions
C15424,189,4,773.38,2,3,4,234,At Risk
C15425,373,3,708.68,1,2,4,124,Hibernating Customers
C15426,53,1,4.25,4,1,1,411,New Customers
C15427,18,6,1055.97,5,5,4,554,Champions
C15428,111,3,363.27,3,2,2,322,Hibernating Customers
C15429,49,7,268.34,4,5,2,452,Loyal Customers
C15430,103,6,2540.74,3,5,5,355,Loyal Customers
C15431,6,4,1316.83,5,3,5,535,Hibernating Customers
C15432,118,5,1963.66,3,4,5,345,Loyal Customers
C15433,195,4,1371.43,2,3,5,235,At Risk
C15434,85,4,135.51,3,3,1,331,Hibernating Customers
C15435,22,8,1150.82,5,5,5,555,Champions
C15436,334,2,341.91,1,1,2,112,Hibernating Customers
C15437,13,6,1926.04,5,5,5,555,Champions
C15438,634,1,168.4,1,1,1,111,Hibernating Customers
C15439,96,6,1417.68,3,5,5,355,Loyal Customers
C15440,483,2,54.08,1,1,1,111,Hibernating Customers
C15441,72,4,1422.55,4,3,5,435,Hibernating Customers
C15442,217,5,1699.46,2,4,5,245,At Risk
C15443,73,7,274.42,4,5,2,452,Loyal Customers
C15444,131,6,1261.37,3,5,5,355,Loyal Customers
C15445,156,4,196.89,2,3,2,232,At Risk
C15446,234,5,1334.1,2,4,5,245,At Risk
C15447,5,7,1210.66,5,5,5,555,Champions
C15448,78,6,878.59,4,5,4,454,Champions
C15449,191,2,443.68,2,1,3,213,Hibernating Customers
C15450,163,4,720.83,2,3,4,234,At Risk
C15451,153,3,547.93,2,2,3,223,Hibernating Customers
C15452,4,9,1264.91,5,5,5,555,Champions
C15453,244,4,1329.29,2,3,5,235,At Risk
C15454,60,8,1048.39,4,5,4,454,Champions
C15455,61,7,1451.41,4,5,5,455,Champions
C15456,306,1,22.38,1,1,1,111,Hibernating Customers
C15457,319,1,157.9,1,1,1,111,Hibernating Customers
C15458,102,4,3115.91,3,3,5,335,Hibernating Customers
C15459,570,2,30.95,1,1,1,111,Hibernating Customers
C15460,627,2,98.55,1,1,1,111,Hibernating Customers
C15461,24,3,204.92,5,2,2,522,New Customers
C15462,174,7,1646.05,2,5,5,255,At Risk
C15463,131,5,757.21,3,4,4,344,Loyal Customers
C15464,86,1,53.17,3,1,1,311,Hibernating Customers
C15465,55,7,1403.69,4,5,5,455,Champions
C15466,693,1,85.73,1,1,1,111,Hibernating Customers
C15467,19,4,384.61,5,3,3,533,Hibernating Customers
C15468,278,6,3100.25,1,5,5,155,At Risk
C15469,420,4,766.04,1,3,4,134,At Risk
C15470,170,3,524.41,2,2,3,223,Hibernating Customers
C15471,4,5,1509.77,5,4,5,545,Champions
C15472,40,2,57.07,4,1,1,411,New Customers
C15473,152,7,1561.89,2,5,5,255,At Risk
C15474,203,3,347.01,2,2,2,222,Hibernating Customers
C15475,12,5,2156.92,5,4,5,545,Champions
C15476,41,6,1282.05,4,5,5,455,Champions
C15477,68,4,384.15,4,3,3,433,Hibernating Customers
C15478,519,1,110.46,1,1,1,111,Hibernating Customers
C15479,44,7,1740.44,4,5,5,455,Champions
C15480,6,6,697.3,5,5,4,554,Champions
C15481,291,3,139.91,1,2,1,121,Hibernating Customers
C15482,15,3,2593.01,5,2,5,525,New Customers
C15483,255,4,725.12,2,3,4,234,At Risk
C15484,74,3,89.04,4,2,1,421,New Customers
C15485,16,2,258.05,5,1,2,512,New Customers
C15486,2,6,633.87,5,5,3,553,Loyal Customers
C15487,52,7,715.85,4,5,4,454,Champions
C15488,108,4,1256.63,3,3,5,335,Hibernating Customers
C15489,97,4,325.14,3,3,2,332,Hibernating Customers
C15490,237,5,1195.57,2,4,5,245,At Risk
C15491,34,5,375.32,5,4,3,543,Loyal Customers
C15492,44,6,1400.02,4,5,5,455,Champions
C15493,234,2,267.44,2,1,2,212,Hibernating Customers
C15494,30,6,896.83,5,5,4,554,Champions
C15495,138,3,715.17,3,2,4,324,Hibernating Customers
C15496,326,2,49.8,1,1,1,111,Hibernating Customers
C15497,40,7,1805.07,4,5,5,455,Champions
C15498,175,3,256.6,2,2,2,222,Hibernating Customers
C15499,76,8,939.56,4,5,4,454,Champions
C15501,2,3,3648.71,5,2,5,525,New Customers
C15502,608,3,137.79,1,2,1,121,Hibernating Customers
C15503,328,1,5.84,1,1,1,111,Hibernating Customers
C15504,248,4,307.12,2,3,2,232,At Risk
C15505,72,3,565.27,4,2,3,423,New Customers
C15506,44,5,372.49,4,4,3,443,Loyal Customers
C15507,260,8,1922.46,2,5,5,255,At Risk
C15508,351,2,69.95,1,1,1,111,Hibernating Customers
C15509,93,3,217.87,3,2,2,322,Hibernating Customers
C15510,190,5,1016.24,2,4,4,244,At Risk
C15511,91,7,465.35,3,5,3,353,Loyal Customers
C15512,152,4,284.12,2,3,2,232,At Risk
C15513,59,1,21.28,4,1,1,411,New Customers
C15514,196,2,52.62,2,1,1,211,Hibernating Customers
C15515,5,4,398.9,5,3,3,533,Hibernating Customers
C15516,153,4,737.88,2,3,4,234,At Risk
C15517,30,3,498.87,5,2,3,523,New Customers
C15518,560,3,741.69,1,2,4,124,Hibernating Customers
C15519,374,5,685.86,1,4,4,144,At Risk
C15520,59,6,1458.02,4,5,5,455,Champions
C15521,443,2,107.09,1,1,1,111,Hibernating Customers
C15522,177,4,3423.32,2,3,5,235,At Risk
C15523,135,4,318.51,3,3,2,332,Hibernating Customers
C15524,131,7,2919.29,3,5,5,355,Loyal Customers
C15525,6,3,3279.76,5,2,5,525,New Customers
C15526,218,6,1604.39,2,5,5,255,At Risk
C15527,45,3,184.35,4,2,2,422,New Customers
C15528,73,4,782.15,4,3,4,434,Hibernating Customers
C15529,78,11,1687.33,4,5,5,455,Champions
C15530,263,5,183.22,2,4,2,242,At Risk
C15531,127,5,457.01,3,4,3,343,Loyal Customers
C15533,17,2,1242.28,5,1,5,515,New Customers
C15534,171,3,573.1,2,2,3,223,Hibernating Customers
C15535,24,4,339.61,5,3,2,532,Hibernating Customers
C15536,338,3,113.75,1,2,1,121,Hibernating Customers
C15537,71,4,521.75,4,3,3,433,Hibernating Customers
C15538,568,2,507.05,1,1,3,113,Hibernating Customers
C15539,149,11,2656.38,3,5,5,355,Loyal Customers
C15540,196,4,1095.3,2,3,4,234,At Risk
C15541,417,5,358.19,1,4,2,142,At Risk
C15542,158,4,140,2,3,1,231,At Risk
C15543,7,7,271.72,5,5,2,552,Loyal Customers
C15544,108,3,435.94,3,2,3,323,Hibernating Customers
C15545,196,3,335.79,2,2,2,222,Hibernating Customers
C15546,143,8,1228.46,3,5,5,355,Loyal Customers
C15547,123,3,189.74,3,2,2,322,Hibernating Customers
C15548,146,2,150.05,3,1,1,311,Hibernating Customers
C15549,32,2,694.69,5,1,4,514,New Customers
C15550,53,3,56.53,4,2,1,421,New Customers
C15551,493,3,385.65,1,2,3,123,Hibernating Customers
C15552,282,2,3709.37,1,1,5,115,Hibernating Customers
C15553,124,2,219.19,3,1,2,312,Hibernating Customers
C15554,133,6,1932.13,3,5,5,355,Loyal Customers
C15555,19,7,828.74,5,5,4,554,Champions
C15556,291,2,51.83,1,1,1,111,Hibernating Customers
C15557,19,6,569.3,5,5,3,553,Loyal Customers
C15558,9,7,928.36,5,5,4,554,Champions
C15559,157,4,437.38,2,3,3,233,At Risk
C15560,52,10,2700.16,4,5,5,455,Champions
C15561,67,2,202.34,4,1,2,412,New Customers
C15562,250,6,591.78,2,5,3,253,At Risk
C15563,279,5,389.51,1,4,3,143,At Risk
C15564,29,2,162.69,5,1,1,511,New Customers
C15565,58,11,696.42,4,5,4,454,Champions
C15566,220,4,3344.86,2,3,5,235,At Risk
C15567,27,5,711.67,5,4,4,544,Champions
C15568,174,5,1358.32,2,4,5,245,At Risk
C15569,96,4,486.7,3,3,3,333,Hibernating Customers
C15570,248,1,94.08,2,1,1,211,Hibernating Customers
C15571,124,4,1391.07,3,3,5,335,Hibernating Customers
C15573,106,5,491.99,3,4,3,343,Loyal Customers
C15574,628,2,163.42,1,1,1,111,Hibernating Customers
C15575,4,9,276.25,5,5,2,552,Loyal Customers
C15576,17,1,20.7,5,1,1,511,New Customers
C15577,42,8,481.45,4,5,3,453,Loyal Customers
C15578,46,7,989.34,4,5,4,454,Champions
C15579,523,2,40.29,1,1,1,111,Hibernating Customers
C15580,79,5,1186.32,4,4,5,445,Champions
C15581,38,4,1542.02,4,3,5,435,Hibernating Customers
C15582,37,5,529.48,4,4,3,443,Loyal Customers
C15583,43,3,3021.09,4,2,5,425,New Customers
C15584,227,2,63.22,2,1,1,211,Hibernating Customers
C15585,23,9,2989.89,5,5,5,555,Champions
C15586,24,7,385.29,5,5,3,553,Loyal Customers
C15587,119,8,795.13,3,5,4,354,Loyal Customers
C15588,21,10,4853.25,5,5,5,555,Champions
C15589,191,1,106.44,2,1,1,211,Hibernating Customers
C15590,59,5,462.04,4,4,3,443,Loyal Customers
C15591,54,5,2073.86,4,4,5,445,Champions
C15592,159,6,1554.2,2,5,5,255,At Risk
C15593,73,6,593.34,4,5,3,453,Loyal Customers
C15594,137,7,323.97,3,5,2,352,Loyal Customers
C15595,244,2,147,2,1,1,211,Hibernating Customers
C15596,2,5,278.03,5,4,2,542,Loyal Customers
C15597,2,2,3129.08,5,1,5,515,New Customers
C15598,464,1,2.85,1,1,1,111,Hibernating Customers
C15599,175,9,552,2,5,3,253,At Risk
C15600,230,4,408.11,2,3,3,233,At Risk
C15601,650,1,315.09,1,1,2,112,Hibernating Customers
C15602,113,8,1092.25,3,5,4,354,Loyal Customers
C15603,119,3,864.96,3,2,4,324,Hibernating Customers
C15604,45,6,1735.36,4,5,5,455,Champions
C15605,705,1,118.47,1,1,1,111,Hibernating Customers
C15606,227,5,570.72,2,4,3,243,At Risk
C15607,44,7,605.4,4,5,3,453,Loyal Customers
C15608,327,2,177.28,1,1,2,112,Hibernating Customers
C15609,173,4,688.19,2,3,4,234,At Risk
C15611,218,7,985.54,2,5,4,254,At Risk
C15612,116,3,305.44,3,2,2,322,Hibernating Customers
C15613,132,4,279.29,3,3,2,332,Hibernating Customers
C15614,8,4,75.35,5,3,1,531,Hibernating Customers
C15615,80,5,554.94,4,4,3,443,Loyal Customers
C15616,15,7,1611.4,5,5,5,555,Champions
C15617,150,5,1060.74,3,4,4,344,Loyal Customers
C15618,330,6,2150.04,1,5,5,155,At Risk
C15619,39,7,1732.19,4,5,5,455,Champions
C15620,119,3,180.07,3,2,2,322,Hibernating Customers
C15621,170,4,1691.79,2,3,5,235,At Risk
C15622,29,6,1087.78,5,5,4,554,Champions
C15623,689,1,491.1,1,1,3,113,Hibernating Customers
C15624,85,4,91.06,3,3,1,331,Hibernating Customers
C15625,133,6,601.84,3,5,3,353,Loyal Customers
C15626,24,5,1229.84,5,4,5,545,Champions
C15627,313,1,49.98,1,1,1,111,Hibernating Customers
C15628,283,3,711.03,1,2,4,124,Hibernating Customers
C15629,14,5,650.29,5,4,4,544,Champions
C15630,283,5,901.96,1,4,4,144,At Risk
C15631,195,3,180.45,2,2,2,222,Hibernating Customers
C15632,148,3,274.83,3,2,2,322,Hibernating Customers
C15633,2,6,2857.23,5,5,5,555,Champions
C15634,20,3,50.26,5,2,1,521,New Customers
C15635,81,5,2576.2,4,4,5,445,Champions
C15636,431,3,366.96,1,2,2,122,Hibernating Customers
C15637,164,6,742.51,2,5,4,254,At Risk
C15638,142,4,429.25,3,3,3,333,Hibernating Customers
C15639,51,4,1437.35,4,3,5,435,Hibernating Customers
C15640,11,3,441.7,5,2,3,523,New Customers
C15641,35,5,1048.79,5,4,4,544,Champions
C15642,265,3,692.36,2,2,4,224,Hibernating Customers
C15643,320,5,1296.6,1,4,5,145,At Risk
C15644,102,7,7244.07,3,5,5,355,Loyal Customers
C15645,311,4,902.38,1,3,4,134,At Risk
C15646,71,5,270.24,4,4,2,442,Loyal Customers
C15647,136,4,633.64,3,3,3,333,Hibernating Customers
C15648,15,4,732.2,5,3,4,534,Hibernating Customers
C15649,162,7,1328.8,2,5,5,255,At Risk
C15650,208,3,296.72,2,2,2,222,Hibernating Customers
C15651,174,5,2212.98,2,4,5,245,At Risk
C15652,12,6,589.99,5,5,3,553,Loyal Customers
C15653,363,1,3.96,1,1,1,111,Hibernating Customers
C15654,117,2,339.33,3,1,2,312,Hibernating Customers
C15655,395,2,308.91,1,1,2,112,Hibernating Customers
C15656,73,8,3546.75,4,5,5,455,Champions
C15657,337,3,713.48,1,2,4,124,Hibernating Customers
C15658,10,2,183.56,5,1,2,512,New Customers
C15659,26,5,185.33,5,4,2,542,Loyal Customers
C15660,30,7,1696.04,5,5,5,555,Champions
C15661,60,6,1715.87,4,5,5,455,Champions
C15662,341,4,246.41,1,3,2,132,At Risk
C15663,628,3,457.96,1,2,3,123,Hibernating Customers
C15664,141,7,538.02,3,5,3,353,Loyal Customers
C15665,725,1,64.28,1,1,1,111,Hibernating Customers
C15666,53,3,51.33,4,2,1,421,New Customers
C15667,91,4,745.77,3,3,4,334,Hibernating Customers
C15668,64,10,1870.55,4,5,5,455,Champions
C15669,4,5,2298.49,5,4,5,545,Champions
C15670,154,3,37.25,2,2,1,221,Hibernating Customers
C15671,388,2,243.39,1,1,2,112,Hibernating Customers
C15672,154,8,527.58,2,5,3,253,At Risk
C15673,76,5,781.28,4,4,4,444,Champions
C15674,15,5,201.74,5,4,2,542,Loyal Customers
C15675,75,4,261.84,4,3,2,432,Hibernating Customers
C15676,598,2,165.63,1,1,1,111,Hibernating Customers
C15677,127,7,2351.09,3,5,5,355,Loyal Customers
C15678,127,3,359.74,3,2,2,322,Hibernating Customers
C15679,207,8,693.81,2,5,4,254,At Risk
C15680,6,3,528.42,5,2,3,523,New Customers
C15681,23,5,2458.82,5,4,5,545,Champions
C15682,33,3,380.39,5,2,3,523,New Customers
C15683,206,3,185.77,2,2,2,222,Hibernating Customers
C15684,47,6,791.39,4,5,4,454,Champions
C15685,91,4,140.92,3,3,1,331,Hibernating Customers
C15686,98,6,482.93,3,5,3,353,Loyal Customers
C15687,195,3,149.22,2,2,1,221,Hibernating Customers
C15688,45,6,1418.9,4,5,5,455,Champions
C15689,46,2,143.96,4,1,1,411,New Customers
C15690,87,9,1969.99,3,5,5,355,Loyal Customers
C15691,37,6,778.09,4,5,4,454,Champions
C15692,1,9,663.47,5,5,4,554,Champions
C15693,87,6,677.15,3,5,4,354,Loyal Customers
C15694,44,7,849.33,4,5,4,454,Champions
C15695,147,5,1693.03,3,4,5,345,Loyal Customers
C15696,166,8,1115.16,2,5,4,254,At Risk
C15697,252,2,18,2,1,1,211,Hibernating Customers
C15698,145,7,1432.35,3,5,5,355,Loyal Customers
C15699,397,7,570.15,1,5,3,153,At Risk
C15700,105,10,1409.8,3,5,5,355,Loyal Customers
C15701,36,3,288.99,5,2,2,522,New Customers
C15702,305,4,49,1,3,1,131,At Risk
C15703,69,5,838.79,4,4,4,444,Champions
C15704,106,7,1057.85,3,5,4,354,Loyal Customers
C15705,27,4,1379.06,5,3,5,535,Hibernating Customers
C15706,22,3,989.15,5,2,4,524,New Customers
C15707,94,2,109.99,3,1,1,311,Hibernating Customers
C15708,35,8,1252.19,5,5,5,555,Champions
C15709,288,5,108.11,1,4,1,141,At Risk
C15710,21,8,597.48,5,5,3,553,Loyal Customers
C15711,106,1,245.99,3,1,2,312,Hibernating Customers
C15712,283,2,157.28,1,1,1,111,Hibernating Customers
C15713,53,4,307.7,4,3,2,432,Hibernating Customers
C15714,199,4,464.08,2,3,3,233,At Risk
C15715,11,7,1015.7,5,5,4,554,Champions
C15716,235,2,181.81,2,1,2,212,Hibernating Customers
C15717,222,5,302.8,2,4,2,242,At Risk
C15718,129,7,741.39,3,5,4,354,Loyal Customers
C15719,219,2,33.7,2,1,1,211,Hibernating Customers
C15720,113,4,297.14,3,3,2,332,Hibernating Customers
C15721,102,8,1521.34,3,5,5,355,Loyal Customers
C15722,476,2,60.52,1,1,1,111,Hibernating Customers
C15723,243,4,178.56,2,3,2,232,At Risk
C15724,58,4,1722.05,4,3,5,435,Hibernating Customers
C15725,87,6,558.55,3,5,3,353,Loyal Customers
C15726,7,5,664.1,5,4,4,544,Champions
C15727,117,5,617.02,3,4,3,343,Loyal Customers
C15728,121,3,77.38,3,2,1,321,Hibernating Customers
C15729,211,4,1662.47,2,3,5,235,At Risk
C15730,16,4,572.32,5,3,3,533,Hibernating Customers
C15731,6,6,766.1,5,5,4,554,Champions
C15732,217,3,159.06,2,2,1,221,Hibernating Customers
C15733,148,2,611.82,3,1,3,313,Hibernating Customers
C15734,28,6,338.61,5,5,2,552,Loyal Customers
C15735,132,4,1372.1,3,3,5,335,Hibernating Customers
C15736,77,6,1385.66,4,5,5,455,Champions
C15737,33,6,1260.11,5,5,5,555,Champions
C15738,93,9,3395.09,3,5,5,355,Loyal Customers
C15739,66,5,475,4,4,3,443,Loyal Customers
C15740,218,5,1166.18,2,4,5,245,At Risk
C15741,316,2,380.43,1,1,3,113,Hibernating Customers
C15742,282,2,375.57,1,1,3,113,Hibernating Customers
C15743,395,6,545.39,1,5,3,153,At Risk
C15744,69,5,306.62,4,4,2,442,Loyal Customers
C15745,125,5,2691.53,3,4,5,345,Loyal Customers
C15746,547,1,8.22,1,1,1,111,Hibernating Customers
C15747,81,4,2644.41,4,3,5,435,Hibernating Customers
C15748,506,1,77.43,1,1,1,111,Hibernating Customers
C15750,12,5,881.89,5,4,4,544,Champions
C15751,458,2,67.26,1,1,1,111,Hibernating Customers
C15752,12,8,5011.05,5,5,5,555,Champions
C15753,58,4,222.67,4,3,2,432,Hibernating Customers
C15754,31,3,126.47,5,2,1,521,New Customers
C15755,48,8,688.92,4,5,4,454,Champions
C15756,29,5,996.86,5,4,4,544,Champions
C15757,52,4,1236.78,4,3,5,435,Hibernating Customers
C15758,189,3,379.9,2,2,3,223,Hibernating Customers
C15759,185,7,472.06,2,5,3,253,At Risk
C15760,209,4,469,2,3,3,233,At Risk
C15761,144,4,792.18,3,3,4,334,Hibernating Customers
C15763,640,3,378.18,1,2,3,123,Hibernating Customers
C15764,442,5,729.75,1,4,4,144,At Risk
C15765,131,8,630.93,3,5,3,353,Loyal Customers
C15766,107,4,1055.39,3,3,4,334,Hibernating Customers
C15767,379,6,1380.35,1,5,5,155,At Risk
C15768,92,7,483.79,3,5,3,353,Loyal Customers
C15769,272,6,1289.86,1,5,5,155,At Risk
C15770,127,2,414.74,3,1,3,313,Hibernating Customers
C15771,161,3,565.88,2,2,3,223,Hibernating Customers
C15772,23,8,413.68,5,5,3,553,Loyal Customers
C15773,17,7,1046.48,5,5,4,554,Champions
C15774,56,4,150.9,4,3,1,431,Hibernating Customers
C15775,40,6,298.99,4,5,2,452,Loyal Customers
C15776,48,5,413.49,4,4,3,443,Loyal Customers
C15777,154,7,1463.05,2,5,5,255,At Risk
C15778,56,5,2855.41,4,4,5,445,Champions
C15779,71,7,948.51,4,5,4,454,Champions
C15780,479,2,102.3,1,1,1,111,Hibernating Customers
C15781,222,6,613.04,2,5,3,253,At Risk
C15782,205,5,217.98,2,4,2,242,At Risk
C15783,166,6,783.88,2,5,4,254,At Risk
C15784,374,3,758.42,1,2,4,124,Hibernating Customers
C15785,90,4,569.97,3,3,3,333,Hibernating Customers
C15786,215,4,1972.54,2,3,5,235,At Risk
C15787,64,3,255.31,4,2,2,422,New Customers
C15788,357,5,559.8,1,4,3,143,At Risk
C15789,24,6,3114.71,5,5,5,555,Champions
C15790,4,5,1510.91,5,4,5,545,Champions
C15791,45,5,2044.43,4,4,5,445,Champions
C15792,673,1,61.3,1,1,1,111,Hibernating Customers
C15793,431,1,1596.26,1,1,5,115,Hibernating Customers
C15794,10,8,955.39,5,5,4,554,Champions
C15795,161,2,207.08,2,1,2,212,Hibernating Customers
C15796,41,5,185.39,4,4,2,442,Loyal Customers
C15797,146,7,1205.08,3,5,5,355,Loyal Customers
C15798,111,5,1795.13,3,4,5,345,Loyal Customers
C15799,30,2,89.95,5,1,1,511,New Customers
C15800,198,4,1981.18,2,3,5,235,At Risk
C15801,120,5,460.49,3,4,3,343,Loyal Customers
C15802,210,4,313.68,2,3,2,232,At Risk
C15803,307,1,28.47,1,1,1,111,Hibernating Customers
C15804,87,2,34.46,3,1,1,311,Hibernating Customers
C15805,219,3,497.44,2,2,3,223,Hibernating Customers
C15806,72,8,1989.78,4,5,5,455,Champions
C15807,59,4,681.69,4,3,4,434,Hibernating Customers
C15808,447,3,225.8,1,2,2,122,Hibernating Customers
C15809,193,1,2.21,2,1,1,211,Hibernating Customers
C15810,20,6,1604.83,5,5,5,555,Champions
C15811,190,6,437.52,2,5,3,253,At Risk
C15812,120,3,612.76,3,2,3,323,Hibernating Customers
C15813,127,3,280.02,3,2,2,322,Hibernating Customers
C15815,171,2,651.29,2,1,4,214,Hibernating Customers
C15816,30,4,434.58,5,3,3,533,Hibernating Customers
C15817,192,3,163.51,2,2,1,221,Hibernating Customers
C15818,14,10,1510.63,5,5,5,555,Champions
C15819,123,6,781.98,3,5,4,354,Loyal Customers
C15820,181,4,4818.15,2,3,5,235,At Risk
C15821,122,6,470.34,3,5,3,353,Loyal Customers
C15822,205,1,197.35,2,1,2,212,Hibernating Customers
C15823,16,4,753.73,5,3,4,534,Hibernating Customers
C15824,101,3,493.54,3,2,3,323,Hibernating Customers
C15825,5,6,323.81,5,5,2,552,Loyal Customers
C15826,542,1,27.54,1,1,1,111,Hibernating Customers
C15827,274,7,1384.57,1,5,5,155,At Risk
C15828,44,5,389.22,4,4,3,443,Loyal Customers
C15829,147,4,112.09,3,3,1,331,Hibernating Customers
C15830,86,6,5455.07,3,5,5,355,Loyal Customers
C15831,63,5,278.42,4,4,2,442,Loyal Customers
C15832,50,5,2047.97,4,4,5,445,Champions
C15833,98,4,1329.3,3,3,5,335,Hibernating Customers
C15834,36,8,654.13,5,5,4,554,Champions
C15835,36,7,638.54,5,5,3,553,Loyal Customers
C15836,702,2,1261,1,1,5,115,Hibernating Customers
C15837,166,5,442.24,2,4,3,243,At Risk
C15838,57,3,85.41,4,2,1,421,New Customers
C15839,57,5,1251.35,4,4,5,445,Champions
C15840,13,4,218.44,5,3,2,532,Hibernating Customers
C15841,516,3,108.91,1,2,1,121,Hibernating Customers
C15842,112,4,1170.23,3,3,5,335,Hibernating Customers
C15843,486,1,5.11,1,1,1,111,Hibernating Customers
C15844,453,3,152.94,1,2,1,121,Hibernating Customers
C15845,266,5,1903.56,1,4,5,145,At Risk
C15846,75,5,487.98,4,4,3,443,Loyal Customers
C15847,44,5,162.55,4,4,1,441,Loyal Customers
C15848,146,3,119.99,3,2,1,321,Hibernating Customers
C15849,298,3,78.47,1,2,1,121,Hibernating Customers
C15850,433,3,184.78,1,2,2,122,Hibernating Customers
C15851,380,3,365.59,1,2,2,122,Hibernating Customers
C15852,319,2,25.93,1,1,1,111,Hibernating Customers
C15853,191,3,447.34,2,2,3,223,Hibernating Customers
C15854,287,5,380.77,1,4,3,143,At Risk
C15855,7,8,411.15,5,5,3,553,Loyal Customers
C15856,244,5,649.12,2,4,4,244,At Risk
C15857,43,2,541.84,4,1,3,413,New Customers
C15858,162,3,156.92,2,2,1,221,Hibernating Customers
C15859,41,4,696.3,4,3,4,434,Hibernating Customers
C15860,339,3,783.78,1,2,4,124,Hibernating Customers
C15861,106,3,82.02,3,2,1,321,Hibernating Customers
C15862,145,1,408.2,3,1,3,313,Hibernating Customers
C15863,329,1,7.81,1,1,1,111,Hibernating Customers
C15864,233,4,290.25,2,3,2,232,At Risk
C15865,103,3,39.9,3,2,1,321,Hibernating Customers
C15866,137,3,111.99,3,2,1,321,Hibernating Customers
C15867,63,6,877.92,4,5,4,454,Champions
C15868,161,11,621.64,2,5,3,253,At Risk
C15869,131,4,187.33,3,3,2,332,Hibernating Customers
C15870,51,5,678.51,4,4,4,444,Champions
C15871,28,3,82.45,5,2,1,521,New Customers
C15872,179,3,176.44,2,2,2,222,Hibernating Customers
C15873,12,6,3846.95,5,5,5,555,Champions
C15874,240,6,2149.17,2,5,5,255,At Risk
C15875,20,3,276.78,5,2,2,522,New Customers
C15876,28,3,258.21,5,2,2,522,New Customers
C15877,77,7,746.14,4,5,4,454,Champions
C15878,17,5,494.45,5,4,3,543,Loyal Customers
C15879,444,3,724.29,1,2,4,124,Hibernating Customers
C15880,85,3,314.44,3,2,2,322,Hibernating Customers
C15881,196,1,8.84,2,1,1,211,Hibernating Customers
C15882,80,5,4918.74,4,4,5,445,Champions
C15883,277,2,29.94,1,1,1,111,Hibernating Customers
C15884,110,3,754.24,3,2,4,324,Hibernating Customers
C15885,41,4,342.38,4,3,2,432,Hibernating Customers
C15886,63,6,459.58,4,5,3,453,Loyal Customers
C15887,108,4,1611.24,3,3,5,335,Hibernating Customers
C15888,80,4,454.76,4,3,3,433,Hibernating Customers
C15889,58,4,527.82,4,3,3,433,Hibernating Customers
C15890,154,4,350.12,2,3,2,232,At Risk
C15891,25,7,736.47,5,5,4,554,Champions
C15892,63,6,285.01,4,5,2,452,Loyal Customers
C15893,31,3,1226.45,5,2,5,525,New Customers
C15894,67,5,124.06,4,4,1,441,Loyal Customers
C15895,118,6,1012.63,3,5,4,354,Loyal Customers
C15896,76,4,198.81,4,3,2,432,Hibernating Customers
C15897,109,6,1067.67,3,5,4,354,Loyal Customers
C15898,61,5,131.18,4,4,1,441,Loyal Customers
C15899,486,2,144.9,1,1,1,111,Hibernating Customers
C15900,585,1,6.69,1,1,1,111,Hibernating Customers
C15901,16,8,777.84,5,5,4,554,Champions
C15902,92,7,665.84,3,5,4,354,Loyal Customers
C15903,70,2,398.56,4,1,3,413,New Customers
C15904,278,7,1486.07,1,5,5,155,At Risk
C15905,34,6,1316.55,5,5,5,555,Champions
C15906,16,10,1285.53,5,5,5,555,Champions
C15907,178,5,226.16,2,4,2,242,At Risk
C15908,35,2,43.13,5,1,1,511,New Customers
C15909,447,7,501.91,1,5,3,153,At Risk
C15910,88,4,204.55,3,3,2,332,Hibernating Customers
C15911,46,4,197.87,4,3,2,432,Hibernating Customers
C15912,122,6,773.47,3,5,4,354,Loyal Customers
C15913,76,4,93.6,4,3,1,431,Hibernating Customers
C15914,26,5,235.32,5,4,2,542,Loyal Customers
C15915,484,1,35.66,1,1,1,111,Hibernating Customers
C15916,124,2,19.46,3,1,1,311,Hibernating Customers
C15917,38,7,1029.95,4,5,4,454,Champions
C15918,322,5,869.14,1,4,4,144,At Risk
C15919,164,3,334.98,2,2,2,222,Hibernating Customers
C15920,6,3,242.05,5,2,2,522,New Customers
C15921,177,6,3036.55,2,5,5,255,At Risk
C15922,10,6,818.54,5,5,4,554,Champions
C15923,27,5,454.75,5,4,3,543,Loyal Customers
C15924,207,4,1001.88,2,3,4,234,At Risk
C15925,38,2,725.38,4,1,4,414,New Customers
C15926,167,4,359.95,2,3,2,232,At Risk
C15927,81,3,1856.38,4,2,5,425,New Customers
C15928,352,2,260.46,1,1,2,112,Hibernating Customers
C15929,130,4,823.56,3,3,4,334,Hibernating Customers
C15930,83,4,127.08,4,3,1,431,Hibernating Customers
C15931,30,3,535.17,5,2,3,523,New Customers
C15932,21,5,174.68,5,4,2,542,Loyal Customers
C15933,219,3,427.32,2,2,3,223,Hibernating Customers
C15934,311,4,250.98,1,3,2,132,At Risk
C15935,436,4,830.1,1,3,4,134,At Risk
C15936,37,2,80.59,4,1,1,411,New Customers
C15937,606,1,275.49,1,1,2,112,Hibernating Customers
C15938,46,9,1134.75,4,5,4,454,Champions
C15939,109,2,64.73,3,1,1,311,Hibernating Customers
C15940,70,1,6.87,4,1,1,411,New Customers
C15941,117,4,1142.93,3,3,5,335,Hibernating Customers
C15942,77,3,197.2,4,2,2,422,New Customers
C15943,86,8,994.35,3,5,4,354,Loyal Customers
C15944,170,8,1632.96,2,5,5,255,At Risk
C15945,325,2,84.37,1,1,1,111,Hibernating Customers
C15946,375,4,1084.79,1,3,4,134,At Risk
C15947,30,10,836.14,5,5,4,554,Champions
C15948,161,2,159.07,2,1,1,211,Hibernating Customers
C15949,212,4,1717.8,2,3,5,235,At Risk
C15950,22,6,777.32,5,5,4,554,Champions
C15951,53,9,1061.88,4,5,4,454,Champions
C15952,177,3,1011.2,2,2,4,224,Hibernating Customers
C15953,29,4,654.95,5,3,4,534,Hibernating Customers
C15954,323,1,68.37,1,1,1,111,Hibernating Customers
C15955,43,4,552.69,4,3,3,433,Hibernating Customers
C15956,249,5,251.07,2,4,2,242,At Risk
C15957,586,2,272,1,1,2,112,Hibernating Customers
C15958,222,3,189.78,2,2,2,222,Hibernating Customers
C15959,13,7,1008.71,5,5,4,554,Champions
C15960,201,2,110.92,2,1,1,211,Hibernating Customers
C15961,25,5,859.43,5,4,4,544,Champions
C15962,46,6,1134.76,4,5,5,455,Champions
C15963,119,3,308.78,3,2,2,322,Hibernating Customers
C15964,132,5,517.17,3,4,3,343,Loyal Customers
C15965,39,4,733.21,4,3,4,434,Hibernating Customers
C15966,313,5,1786.5,1,4,5,145,At Risk
C15967,106,3,387.94,3,2,3,323,Hibernating Customers
C15968,261,5,1476.57,2,4,5,245,At Risk
C15969,200,7,1474.47,2,5,5,255,At Risk
C15970,173,6,2398.02,2,5,5,255,At Risk
C15971,142,3,203.05,3,2,2,322,Hibernating Customers
C15972,353,4,632.64,1,3,3,133,At Risk
C15973,117,6,660.96,3,5,4,354,Loyal Customers
C15974,383,5,132.26,1,4,1,141,At Risk
C15975,262,2,79.23,2,1,1,211,Hibernating Customers
C15976,190,4,171.34,2,3,1,231,At Risk
C15977,40,6,1181.49,4,5,5,455,Champions
C15978,210,3,164.29,2,2,1,221,Hibernating Customers
C15979,204,2,177.84,2,1,2,212,Hibernating Customers
C15980,252,2,53.5,2,1,1,211,Hibernating Customers
C15981,273,2,3387.93,1,1,5,115,Hibernating Customers
C15982,1,3,39.55,5,2,1,521,New Customers
C15983,229,8,437.01,2,5,3,253,At Risk
C15984,18,5,556.78,5,4,3,543,Loyal Customers
C15985,169,6,1522.98,2,5,5,255,At Risk
C15986,168,7,298.21,2,5,2,252,At Risk
C15987,262,6,556.94,2,5,3,253,At Risk
C15988,133,9,2516.03,3,5,5,355,Loyal Customers
C15989,142,5,269.99,3,4,2,342,Loyal Customers
C15990,221,5,388.62,2,4,3,243,At Risk
C15991,9,3,98.74,5,2,1,521,New Customers
C15992,1,4,539.38,5,3,3,533,Hibernating Customers
C15993,490,3,177.4,1,2,2,122,Hibernating Customers
C15994,462,2,117.09,1,1,1,111,Hibernating Customers
C15995,285,3,77.6,1,2,1,121,Hibernating Customers
C15996,297,4,1449.39,1,3,5,135,At Risk
C15997,26,6,681.25,5,5,4,554,Champions
C15998,156,1,43.29,2,1,1,211,Hibernating Customers
C15999,10,7,1247.91,5,5,5,555,Champions
C16000,324,3,515.22,1,2,3,123,Hibernating Customers
C16001,80,3,137.15,4,2,1,421,New Customers
C16002,656,2,593.37,1,1,3,113,Hibernating Customers
C16003,20,3,121,5,2,1,521,New Customers
C16004,496,6,943.7,1,5,4,154,At Risk
C16005,189,4,468.49,2,3,3,233,At Risk
C16006,171,4,333.22,2,3,2,232,At Risk
C16007,2,6,315.24,5,5,2,552,Loyal Customers
C16008,8,3,698.92,5,2,4,524,New Customers
C16009,104,7,4282.93,3,5,5,355,Loyal Customers
C16010,87,5,1135.71,3,4,5,345,Loyal Customers
C16011,271,3,239.62,1,2,2,122,Hibernating Customers
C16012,331,3,150.63,1,2,1,121,Hibernating Customers
C16013,489,2,130.27,1,1,1,111,Hibernating Customers
C16014,242,2,73.82,2,1,1,211,Hibernating Customers
C16015,51,4,212.07,4,3,2,432,Hibernating Customers
C16016,92,4,473.36,3,3,3,333,Hibernating Customers
C16017,249,4,395.18,2,3,3,233,At Risk
C16018,137,6,2543.13,3,5,5,355,Loyal Customers
C16019,8,7,595.51,5,5,3,553,Loyal Customers
C16020,34,3,98.05,5,2,1,521,New Customers
C16021,70,4,523.84,4,3,3,433,Hibernating Customers
C16022,110,4,1983.97,3,3,5,335,Hibernating Customers
C16023,145,4,994.51,3,3,4,334,Hibernating Customers
C16024,421,2,86.16,1,1,1,111,Hibernating Customers
C16025,118,2,311.69,3,1,2,312,Hibernating Customers
C16026,1,7,1205.82,5,5,5,555,Champions
C16027,570,2,374.52,1,1,3,113,Hibernating Customers
C16028,21,9,1506.38,5,5,5,555,Champions
C16029,351,2,102.28,1,1,1,111,Hibernating Customers
C16030,81,7,590.93,4,5,3,453,Loyal Customers
C16031,108,6,1573.38,3,5,5,355,Loyal Customers
C16032,107,4,107.24,3,3,1,331,Hibernating Customers
C16033,26,8,1537.16,5,5,5,555,Champions
C16034,120,8,4040.62,3,5,5,355,Loyal Customers
C16035,117,7,1133.33,3,5,4,354,Loyal Customers
C16036,342,4,670.22,1,3,4,134,At Risk
C16037,342,3,1132.01,1,2,4,124,Hibernating Customers
C16038,42,9,1256.49,4,5,5,455,Champions
C16039,27,5,897.95,5,4,4,544,Champions
C16040,24,5,977.07,5,4,4,544,Champions
C16041,218,3,449.62,2,2,3,223,Hibernating Customers
C16042,119,5,857.63,3,4,4,344,Loyal Customers
C16043,212,3,619.44,2,2,3,223,Hibernating Customers
C16044,170,5,2257.27,2,4,5,245,At Risk
C16045,428,2,76.56,1,1,1,111,Hibernating Customers
C16046,134,3,631.53,3,2,3,323,Hibernating Customers
C16047,398,5,786.86,1,4,4,144,At Risk
C16048,11,7,955.24,5,5,4,554,Champions
C16049,43,4,1078.27,4,3,4,434,Hibernating Customers
C16050,178,5,733.24,2,4,4,244,At Risk
C16051,171,3,67,2,2,1,221,Hibernating Customers
C16052,2,4,321.38,5,3,2,532,Hibernating Customers
C16053,70,6,285.99,4,5,2,452,Loyal Customers
C16054,2,4,921.34,5,3,4,534,Hibernating Customers
C16055,136,5,819.66,3,4,4,344,Loyal Customers
C16056,269,6,1213.63,1,5,5,155,At Risk
C16057,141,4,179.31,3,3,2,332,Hibernating Customers
C16058,69,5,351.68,4,4,2,442,Loyal Customers
C16059,131,9,1649.11,3,5,5,355,Loyal Customers
C16060,39,7,2524.59,4,5,5,455,Champions
C16061,78,3,1288.31,4,2,5,425,New Customers
C16062,509,2,172.7,1,1,1,111,Hibernating Customers
C16063,105,4,478.7,3,3,3,333,Hibernating Customers
C16064,198,4,129.05,2,3,1,231,At Risk
C16065,106,7,824.91,3,5,4,354,Loyal Customers
C16066,72,6,1582.98,4,5,5,455,Champions
C16067,134,3,67.4,3,2,1,321,Hibernating Customers
C16068,273,5,1540.44,1,4,5,145,At Risk
C16069,23,1,17.58,5,1,1,511,New Customers
C16070,499,1,14.84,1,1,1,111,Hibernating Customers
C16071,87,5,816.24,3,4,4,344,Loyal Customers
C16072,729,1,5.95,1,1,1,111,Hibernating Customers
C16073,281,8,1194.28,1,5,5,155,At Risk
C16074,2,3,615.23,5,2,3,523,New Customers
C16075,91,4,852.21,3,3,4,334,Hibernating Customers
C16076,579,2,21.59,1,1,1,111,Hibernating Customers
C16077,236,5,69.38,2,4,1,241,At Risk
C16078,13,6,1387.16,5,5,5,555,Champions
C16079,155,6,980.89,2,5,4,254,At Risk
C16080,139,2,2289.17,3,1,5,315,Hibernating Customers
C16081,92,3,788.44,3,2,4,324,Hibernating Customers
C16082,189,6,903.54,2,5,4,254,At Risk
C16083,50,5,468.51,4,4,3,443,Loyal Customers
C16084,33,1,256.06,5,1,2,512,New Customers
C16085,169,4,3404.77,2,3,5,235,At Risk
C16086,165,4,433.89,2,3,3,233,At Risk
C16087,158,1,180.21,2,1,2,212,Hibernating Customers
C16088,428,2,419.12,1,1,3,113,Hibernating Customers
C16089,94,7,499.8,3,5,3,353,Loyal Customers
C16090,41,6,2178.6,4,5,5,455,Champions
C16091,370,3,279.17,1,2,2,122,Hibernating Customers
C16092,3,5,1337.42,5,4,5,545,Champions
C16093,112,4,749.65,3,3,4,334,Hibernating Customers
C16094,275,4,444.45,1,3,3,133,At Risk
C16095,111,4,353.45,3,3,2,332,Hibernating Customers
C16096,161,6,342.73,2,5,2,252,At Risk
C16097,4,5,863.01,5,4,4,544,Champions
C16098,184,3,426.91,2,2,3,223,Hibernating Customers
C16099,122,7,1227.06,3,5,5,355,Loyal Customers
C16100,228,5,1007.4,2,4,4,244,At Risk
C16101,105,3,199.57,3,2,2,322,Hibernating Customers
C16102,66,6,723.64,4,5,4,454,Champions
C16103,31,7,1133.54,5,5,4,554,Champions
C16104,42,5,339.01,4,4,2,442,Loyal Customers
C16105,168,4,892.9,2,3,4,234,At Risk
C16106,251,6,764,2,5,4,254,At Risk
C16107,17,4,1403.16,5,3,5,535,Hibernating Customers
C16108,205,2,12.67,2,1,1,211,Hibernating Customers
C16109,365,3,478.96,1,2,3,123,Hibernating Customers
C16110,523,2,851.33,1,1,4,114,Hibernating Customers
C16111,97,2,75.34,3,1,1,311,Hibernating Customers
C16112,79,3,612.09,4,2,3,423,New Customers
C16113,290,4,77.16,1,3,1,131,At Risk
C16114,22,6,939.34,5,5,4,554,Champions
C16115,24,4,231.88,5,3,2,532,Hibernating Customers
C16116,43,6,988.24,4,5,4,454,Champions
C16117,260,4,207.56,2,3,2,232,At Risk
C16118,419,4,320.01,1,3,2,132,At Risk
C16120,26,7,1239.17,5,5,5,555,Champions
C16121,55,7,1149.86,4,5,5,455,Champions
C16122,36,3,248.89,5,2,2,522,New Customers
C16123,256,5,274.06,2,4,2,242,At Risk
C16124,36,6,504.31,5,5,3,553,Loyal Customers
C16125,64,5,1710.53,4,4,5,445,Champions
C16126,164,8,2165.53,2,5,5,255,At Risk
C16127,77,5,308.78,4,4,2,442,Loyal Customers
C16128,418,1,25.56,1,1,1,111,Hibernating Customers
C16129,331,2,251.13,1,1,2,112,Hibernating Customers
C16130,159,7,1249.73,2,5,5,255,At Risk
C16131,48,5,1422.82,4,4,5,445,Champions
C16132,87,4,50.04,3,3,1,331,Hibernating Customers
C16133,489,4,326.53,1,3,2,132,At Risk
C16134,511,1,16.14,1,1,1,111,Hibernating Customers
C16135,103,3,1120.23,3,2,4,324,Hibernating Customers
C16136,37,7,487.16,4,5,3,453,Loyal Customers
C16137,162,3,545.95,2,2,3,223,Hibernating Customers
C16138,241,2,33.27,2,1,1,211,Hibernating Customers
C16139,66,6,1410.72,4,5,5,455,Champions
C16140,328,4,290.52,1,3,2,132,At Risk
C16141,153,7,645.06,2,5,3,253,At Risk
C16142,228,5,1011.96,2,4,4,244,At Risk
C16143,324,1,11.26,1,1,1,111,Hibernating Customers
C16144,48,11,1639.19,4,5,5,455,Champions
C16146,335,3,646.17,1,2,3,123,Hibernating Customers
C16147,476,2,73.47,1,1,1,111,Hibernating Customers
C16148,154,3,630.83,2,2,3,223,Hibernating Customers
C16149,176,2,272.78,2,1,2,212,Hibernating Customers
C16150,21,5,187.17,5,4,2,542,Loyal Customers
C16151,136,3,162.83,3,2,1,321,Hibernating Customers
C16152,215,5,125.19,2,4,1,241,At Risk
C16153,77,7,786.7,4,5,4,454,Champions
C16154,2,6,1734.25,5,5,5,555,Champions
C16155,191,5,210.27,2,4,2,242,At Risk
C16156,56,4,308.28,4,3,2,432,Hibernating Customers
C16157,36,5,1179.93,5,4,5,545,Champions
C16158,5,6,692.54,5,5,4,554,Champions
C16159,165,4,671.64,2,3,4,234,At Risk
C16160,389,5,588.53,1,4,3,143,At Risk
C16161,73,2,692.26,4,1,4,414,New Customers
C16162,125,2,301.92,3,1,2,312,Hibernating Customers
C16163,143,4,1184.16,3,3,5,335,Hibernating Customers
C16164,59,6,955.96,4,5,4,454,Champions
C16165,112,3,140.37,3,2,1,321,Hibernating Customers
C16166,34,3,129.91,5,2,1,521,New Customers
C16167,253,4,273.35,2,3,2,232,At Risk
C16168,202,4,910.25,2,3,4,234,At Risk
C16169,64,3,44.35,4,2,1,421,New Customers
C16170,12,7,706.2,5,5,4,554,Champions
C16171,323,5,233.68,1,4,2,142,At Risk
C16172,9,6,761.55,5,5,4,554,Champions
C16173,3,2,146.59,5,1,1,511,New Customers
C16174,91,5,2514.02,3,4,5,345,Loyal Customers
C16175,52,7,2002.86,4,5,5,455,Champions
C16176,104,4,235.91,3,3,2,332,Hibernating Customers
C16177,67,5,1097.06,4,4,4,444,Champions
C16178,198,1,61.36,2,1,1,211,Hibernating Customers
C16179,518,4,294.01,1,3,2,132,At Risk
C16180,329,3,129.97,1,2,1,121,Hibernating Customers
C16181,245,2,691.63,2,1,4,214,Hibernating Customers
C16182,81,3,1374.7,4,2,5,425,New Customers
C16183,343,2,9.11,1,1,1,111,Hibernating Customers
C16184,282,5,617.84,1,4,3,143,At Risk
C16185,356,6,755.65,1,5,4,154,At Risk
C16186,135,1,23.08,3,1,1,311,Hibernating Customers
C16187,74,4,934.56,4,3,4,434,Hibernating Customers
C16188,86,3,655.54,3,2,4,324,Hibernating Customers
C16189,162,4,1166.34,2,3,5,235,At Risk
C16190,151,8,926.2,3,5,4,354,Loyal Customers
C16191,152,2,65.32,2,1,1,211,Hibernating Customers
C16192,34,3,267.02,5,2,2,522,New Customers
C16193,70,6,1007.04,4,5,4,454,Champions
C16194,189,3,472.06,2,2,3,223,Hibernating Customers
C16195,169,5,1193.22,2,4,5,245,At Risk
C16196,114,7,1377.15,3,5,5,355,Loyal Customers
C16197,61,5,268.95,4,4,2,442,Loyal Customers
C16198,23,3,103.88,5,2,1,521,New Customers
C16199,145,3,205.57,3,2,2,322,Hibernating Customers
C16200,53,9,1006.23,4,5,4,454,Champions
C16201,363,4,1086.98,1,3,4,134,At Risk
C16202,60,2,630.71,4,1,3,413,New Customers
C16203,50,3,959.12,4,2,4,424,New Customers
C16204,217,4,925.84,2,3,4,234,At Risk
C16205,334,4,830.02,1,3,4,134,At Risk
C16206,507,3,51.46,1,2,1,121,Hibernating Customers
C16207,79,7,932.55,4,5,4,454,Champions
C16208,85,5,882.31,3,4,4,344,Loyal Customers
C16209,11,5,389.72,5,4,3,543,Loyal Customers
C16210,213,2,157.37,2,1,1,211,Hibernating Customers
C16211,577,1,596.53,1,1,3,113,Hibernating Customers
C16212,46,7,2326.05,4,5,5,455,Champions
C16213,506,3,1004.09,1,2,4,124,Hibernating Customers
C16214,364,1,30.07,1,1,1,111,Hibernating Customers
C16215,287,3,129.64,1,2,1,121,Hibernating Customers
C16216,36,3,46.95,5,2,1,521,New Customers
C16217,154,7,1077.19,2,5,4,254,At Risk
C16218,131,4,887.84,3,3,4,334,Hibernating Customers
C16219,77,5,371.92,4,4,3,443,Loyal Customers
C16220,41,3,18.43,4,2,1,421,New Customers
C16221,103,4,764.84,3,3,4,334,Hibernating Customers
C16222,160,6,741.68,2,5,4,254,At Risk
C16223,136,1,237.86,3,1,2,312,Hibernating Customers
C16225,350,2,50.11,1,1,1,111,Hibernating Customers
C16226,174,4,195.43,2,3,2,232,At Risk
C16227,172,6,254.06,2,5,2,252,At Risk
C16228,256,4,1057.57,2,3,4,234,At Risk
C16229,115,8,1060.89,3,5,4,354,Loyal Customers
C16230,73,7,775.73,4,5,4,454,Champions
C16231,85,6,1032.87,3,5,4,354,Loyal Customers
C16232,59,5,1027.82,4,4,4,444,Champions
C16233,279,5,2052.14,1,4,5,145,At Risk
C16234,348,3,2166.5,1,2,5,125,Hibernating Customers
C16235,347,3,351.5,1,2,2,122,Hibernating Customers
C16236,39,5,105.35,4,4,1,441,Loyal Customers
C16237,491,1,299.36,1,1,2,112,Hibernating Customers
C16238,9,7,2291.8,5,5,5,555,Champions
C16239,160,3,381.93,2,2,3,223,Hibernating Customers
C16240,33,6,460.68,5,5,3,553,Loyal Customers
C16241,215,4,171.46,2,3,1,231,At Risk
C16242,56,6,290.79,4,5,2,452,Loyal Customers
C16243,34,3,868.25,5,2,4,524,New Customers
C16244,294,3,600.86,1,2,3,123,Hibernating Customers
C16245,105,3,231.33,3,2,2,322,Hibernating Customers
C16246,510,2,296.1,1,1,2,112,Hibernating Customers
C16247,12,6,927.15,5,5,4,554,Champions
C16248,309,2,286.78,1,1,2,112,Hibernating Customers
C16249,192,5,527.24,2,4,3,243,At Risk
C16250,64,5,787.76,4,4,4,444,Champions
C16251,3,5,1520.62,5,4,5,545,Champions
C16252,400,4,1288.47,1,3,5,135,At Risk
C16253,127,1,63.14,3,1,1,311,Hibernating Customers
C16254,256,2,408.1,2,1,3,213,Hibernating Customers
C16255,76,6,1191.85,4,5,5,455,Champions
C16256,97,10,745.93,3,5,4,354,Loyal Customers
C16257,5,6,1225.55,5,5,5,555,Champions
C16258,684,2,181.91,1,1,2,112,Hibernating Customers
C16259,171,5,531.16,2,4,3,243,At Risk
C16260,333,3,369.01,1,2,3,123,Hibernating Customers
C16261,167,6,847.98,2,5,4,254,At Risk
C16262,43,2,281.87,4,1,2,412,New Customers
C16263,86,4,758.01,3,3,4,334,Hibernating Customers
C16264,4,4,537.03,5,3,3,533,Hibernating Customers
C16265,54,7,628.61,4,5,3,453,Loyal Customers
C16266,112,3,243.98,3,2,2,322,Hibernating Customers
C16267,226,1,59.41,2,1,1,211,Hibernating Customers
C16268,180,6,2045.9,2,5,5,255,At Risk
C16269,110,5,534.81,3,4,3,343,Loyal Customers
C16270,70,3,524.35,4,2,3,423,New Customers
C16271,369,1,250.46,1,1,2,112,Hibernating Customers
C16272,179,3,334.72,2,2,2,222,Hibernating Customers
C16273,272,2,104.05,1,1,1,111,Hibernating Customers
C16274,222,7,931.27,2,5,4,254,At Risk
C16275,16,2,46.3,5,1,1,511,New Customers
C16276,94,11,3328.54,3,5,5,355,Loyal Customers
C16277,93,4,1632.71,3,3,5,335,Hibernating Customers
C16278,29,5,86.06,5,4,1,541,Loyal Customers
C16279,287,2,47.95,1,1,1,111,Hibernating Customers
C16280,392,3,50.59,1,2,1,121,Hibernating Customers
C16281,121,4,341.16,3,3,2,332,Hibernating Customers
C16282,186,3,187.15,2,2,2,222,Hibernating Customers
C16283,34,7,1515.69,5,5,5,555,Champions
C16284,45,3,91.46,4,2,1,421,New Customers
C16285,23,3,664.77,5,2,4,524,New Customers
C16286,138,2,254.07,3,1,2,312,Hibernating Customers
C16287,137,6,719.25,3,5,4,354,Loyal Customers
C16288,304,2,103.23,1,1,1,111,Hibernating Customers
C16289,2,4,1396.22,5,3,5,535,Hibernating Customers
C16290,144,3,519.8,3,2,3,323,Hibernating Customers
C16291,259,2,82.36,2,1,1,211,Hibernating Customers
C16292,81,5,548.17,4,4,3,443,Loyal Customers
C16293,3,6,2191.31,5,5,5,555,Champions
C16294,262,4,357.24,2,3,2,232,At Risk
C16295,58,5,1178.78,4,4,5,445,Champions
C16296,39,2,1297.78,4,1,5,415,New Customers
C16297,75,6,792.44,4,5,4,454,Champions
C16298,425,4,486.59,1,3,3,133,At Risk
C16299,17,6,353.03,5,5,2,552,Loyal Customers
C16300,275,3,76.97,1,2,1,121,Hibernating Customers
C16301,342,3,585.23,1,2,3,123,Hibernating Customers
C16302,74,4,1659.28,4,3,5,435,Hibernating Customers
C16303,20,4,878.31,5,3,4,534,Hibernating Customers
C16304,77,4,1424.84,4,3,5,435,Hibernating Customers
C16305,215,7,1165.75,2,5,5,255,At Risk
C16306,50,4,524.39,4,3,3,433,Hibernating Customers
C16307,237,1,670.93,2,1,4,214,Hibernating Customers
C16308,30,4,331.52,5,3,2,532,Hibernating Customers
C16309,315,6,611.51,1,5,3,153,At Risk
C16310,332,4,292.56,1,3,2,132,At Risk
C16311,22,3,656.87,5,2,4,524,New Customers
C16312,42,5,1278.82,4,4,5,445,Champions
C16313,19,4,311.91,5,3,2,532,Hibernating Customers
C16314,45,3,70.83,4,2,1,421,New Customers
C16315,359,3,624.78,1,2,3,123,Hibernating Customers
C16316,215,4,1233.61,2,3,5,235,At Risk
C16317,34,4,625.53,5,3,3,533,Hibernating Customers
C16318,41,4,1240.74,4,3,5,435,Hibernating Customers
C16319,585,2,143.87,1,1,1,111,Hibernating Customers
C16320,25,6,1036.94,5,5,4,554,Champions
C16321,88,4,117.8,3,3,1,331,Hibernating Customers
C16322,26,5,780.17,5,4,4,544,Champions
C16323,378,3,54.02,1,2,1,121,Hibernating Customers
C16324,192,5,277.05,2,4,2,242,At Risk
C16326,598,1,163.19,1,1,1,111,Hibernating Customers
C16327,58,8,1064.55,4,5,4,454,Champions
C16328,467,3,197.86,1,2,2,122,Hibernating Customers
C16329,37,4,3991.8,4,3,5,435,Hibernating Customers
C16330,125,1,46.58,3,1,1,311,Hibernating Customers
C16331,25,7,564.46,5,5,3,553,Loyal Customers
C16332,360,3,132.12,1,2,1,121,Hibernating Customers
C16333,517,2,459.96,1,1,3,113,Hibernating Customers
C16334,308,1,205.65,1,1,2,112,Hibernating Customers
C16335,44,8,470.92,4,5,3,453,Loyal Customers
C16336,207,3,1721.43,2,2,5,225,Hibernating Customers
C16337,109,6,455.08,3,5,3,353,Loyal Customers
C16338,81,4,194.07,4,3,2,432,Hibernating Customers
C16339,238,6,901.82,2,5,4,254,At Risk
C16340,177,4,126.27,2,3,1,231,At Risk
C16341,239,3,724.63,2,2,4,224,Hibernating Customers
C16342,166,4,797.37,2,3,4,234,At Risk
C16343,95,2,112.26,3,1,1,311,Hibernating Customers
C16344,62,9,3596.08,4,5,5,455,Champions
C16345,73,7,1249.89,4,5,5,455,Champions
C16346,17,4,640.27,5,3,3,533,Hibernating Customers
C16347,270,5,850.55,1,4,4,144,At Risk
C16348,93,4,485.47,3,3,3,333,Hibernating Customers
C16349,7,5,383.19,5,4,3,543,Loyal Customers
C16350,79,5,1565.36,4,4,5,445,Champions
C16351,286,3,558.96,1,2,3,123,Hibernating Customers
C16352,115,2,157.86,3,1,1,311,Hibernating Customers
C16353,271,7,1143.86,1,5,5,155,At Risk
C16354,18,6,401.78,5,5,3,553,Loyal Customers
C16355,70,3,3311.5,4,2,5,425,New Customers
C16356,119,8,1148.83,3,5,5,355,Loyal Customers
C16357,141,5,945.18,3,4,4,344,Loyal Customers
C16358,11,4,230.92,5,3,2,532,Hibernating Customers
C16359,167,8,393.35,2,5,3,253,At Risk
C16360,133,9,1352,3,5,5,355,Loyal Customers
C16361,159,5,209.97,2,4,2,242,At Risk
C16362,236,5,1087.53,2,4,4,244,At Risk
C16363,361,2,291.78,1,1,2,112,Hibernating Customers
C16364,127,4,526.43,3,3,3,333,Hibernating Customers
C16365,11,4,426.17,5,3,3,533,Hibernating Customers
C16367,412,4,422.93,1,3,3,133,At Risk
C16368,205,4,459.39,2,3,3,233,At Risk
C16369,134,6,477.86,3,5,3,353,Loyal Customers
C16370,196,5,294.99,2,4,2,242,At Risk
C16371,89,4,1119.91,3,3,4,334,Hibernating Customers
C16372,212,3,117.68,2,2,1,221,Hibernating Customers
C16373,6,4,324.42,5,3,2,532,Hibernating Customers
C16374,313,6,486.84,1,5,3,153,At Risk
C16375,40,7,5027.96,4,5,5,455,Champions
C16376,12,6,310.21,5,5,2,552,Loyal Customers
C16377,61,4,2023.84,4,3,5,435,Hibernating Customers
C16378,100,5,776.96,3,4,4,344,Loyal Customers
C16379,159,5,905.49,2,4,4,244,At Risk
C16380,369,3,201.25,1,2,2,122,Hibernating Customers
C16381,105,4,229.43,3,3,2,332,Hibernating Customers
C16382,95,10,6973.06,3,5,5,355,Loyal Customers
C16383,180,3,264.73,2,2,2,222,Hibernating Customers
C16384,132,2,478.71,3,1,3,313,Hibernating Customers
C16385,9,4,722.98,5,3,4,534,Hibernating Customers
C16386,42,5,697.78,4,4,4,444,Champions
C16387,121,5,1336.95,3,4,5,345,Loyal Customers
C16388,179,2,121.61,2,1,1,211,Hibernating Customers
C16389,246,6,903.8,2,5,4,254,At Risk
C16390,37,3,250.66,4,2,2,422,New Customers
C16391,142,4,1069.2,3,3,4,334,Hibernating Customers
C16393,341,2,158.22,1,1,1,111,Hibernating Customers
C16394,195,3,106.08,2,2,1,221,Hibernating Customers
C16395,61,3,276.04,4,2,2,422,New Customers
C16396,56,6,1010.92,4,5,4,454,Champions
C16397,245,2,463.37,2,1,3,213,Hibernating Customers
C16398,45,4,575.26,4,3,3,433,Hibernating Customers
C16399,480,1,74.77,1,1,1,111,Hibernating Customers
C16400,280,2,2691.99,1,1,5,115,Hibernating Customers
C16401,145,9,775.45,3,5,4,354,Loyal Customers
C16402,68,5,1026.87,4,4,4,444,Champions
C16403,56,5,335.6,4,4,2,442,Loyal Customers
C16404,96,5,188.43,3,4,2,342,Loyal Customers
C16405,22,7,237.89,5,5,2,552,Loyal Customers
C16406,60,6,267.25,4,5,2,452,Loyal Customers
C16407,125,5,2409.66,3,4,5,345,Loyal Customers
C16408,76,4,191.14,4,3,2,432,Hibernating Customers
C16409,7,8,1022.24,5,5,4,554,Champions
C16410,45,3,379.5,4,2,3,423,New Customers
C16411,18,6,704.43,5,5,4,554,Champions
C16412,35,6,561.87,5,5,3,553,Loyal Customers
C16413,96,9,2969.83,3,5,5,355,Loyal Customers
C16414,83,4,202.33,4,3,2,432,Hibernating Customers
C16415,233,3,369.69,2,2,3,223,Hibernating Customers
C16416,195,8,643.05,2,5,3,253,At Risk
C16417,64,5,322.46,4,4,2,442,Loyal Customers
C16418,285,1,13.17,1,1,1,111,Hibernating Customers
C16419,453,3,400.85,1,2,3,123,Hibernating Customers
C16420,328,6,1131.01,1,5,4,154,At Risk
C16421,606,2,1569.39,1,1,5,115,Hibernating Customers
C16422,159,2,25.37,2,1,1,211,Hibernating Customers
C16423,191,3,351.21,2,2,2,222,Hibernating Customers
C16424,94,3,208.39,3,2,2,322,Hibernating Customers
C16425,332,2,62.64,1,1,1,111,Hibernating Customers
C16426,81,4,110.17,4,3,1,431,Hibernating Customers
C16427,366,3,464.57,1,2,3,123,Hibernating Customers
C16428,398,3,132.7,1,2,1,121,Hibernating Customers
C16429,199,4,390.91,2,3,3,233,At Risk
C16430,98,5,1453.13,3,4,5,345,Loyal Customers
C16431,160,4,689.55,2,3,4,234,At Risk
C16432,407,4,4237.74,1,3,5,135,At Risk
C16433,329,1,58.54,1,1,1,111,Hibernating Customers
C16434,64,3,1334.33,4,2,5,425,New Customers
C16435,453,2,56.43,1,1,1,111,Hibernating Customers
C16436,146,6,1703.58,3,5,5,355,Loyal Customers
C16437,132,7,1277.38,3,5,5,355,Loyal Customers
C16438,421,2,226.81,1,1,2,112,Hibernating Customers
C16439,28,5,661.3,5,4,4,544,Champions
C16440,157,1,31.6,2,1,1,211,Hibernating Customers
C16441,18,8,1514.67,5,5,5,555,Champions
C16442,66,1,489.12,4,1,3,413,New Customers
C16443,2,7,170.14,5,5,1,551,Loyal Customers
C16444,20,6,750.74,5,5,4,554,Champions
C16445,142,5,447.6,3,4,3,343,Loyal Customers
C16446,54,6,315.64,4,5,2,452,Loyal Customers
C16447,123,7,2639.44,3,5,5,355,Loyal Customers
C16448,144,4,1077.28,3,3,4,334,Hibernating Customers
C16449,120,4,354.4,3,3,2,332,Hibernating Customers
C16450,336,5,869.96,1,4,4,144,At Risk
C16451,258,5,461.71,2,4,3,243,At Risk
C16452,130,5,1128.44,3,4,4,344,Loyal Customers
C16453,45,4,2670.67,4,3,5,435,Hibernating Customers
C16454,35,5,170.52,5,4,1,541,Loyal Customers
C16455,475,1,3.39,1,1,1,111,Hibernating Customers
C16456,94,4,95.02,3,3,1,331,Hibernating Customers
C16457,171,5,199.44,2,4,2,242,At Risk
C16458,44,4,79.65,4,3,1,431,Hibernating Customers
C16459,151,3,267.6,3,2,2,322,Hibernating Customers
C16460,5,4,399.55,5,3,3,533,Hibernating Customers
C16461,62,5,778.4,4,4,4,444,Champions
C16464,124,5,905.1,3,4,4,344,Loyal Customers
C16465,563,2,65.37,1,1,1,111,Hibernating Customers
C16466,571,3,864.45,1,2,4,124,Hibernating Customers
C16467,5,6,316.6,5,5,2,552,Loyal Customers
C16468,2,6,822.36,5,5,4,554,Champions
C16469,62,3,307.86,4,2,2,422,New Customers
C16470,180,8,744.7,2,5,4,254,At Risk
C16471,68,7,1717.03,4,5,5,455,Champions
C16472,2,2,59.71,5,1,1,511,New Customers
C16473,541,5,403.35,1,4,3,143,At Risk
C16474,75,7,1190,4,5,5,455,Champions
C16475,38,2,248.23,4,1,2,412,New Customers
C16476,99,6,231.23,3,5,2,352,Loyal Customers
C16477,119,4,206.47,3,3,2,332,Hibernating Customers
C16478,83,4,760.83,4,3,4,434,Hibernating Customers
C16479,167,5,934.68,2,4,4,244,At Risk
C16481,10,3,335.19,5,2,2,522,New Customers
C16482,526,3,178.08,1,2,2,122,Hibernating Customers
C16483,36,1,411.99,5,1,3,513,New Customers
C16484,359,3,36.23,1,2,1,121,Hibernating Customers
C16485,11,7,1230.14,5,5,5,555,Champions
C16486,105,5,869.96,3,4,4,344,Loyal Customers
C16487,109,5,306.93,3,4,2,342,Loyal Customers
C16488,33,4,668.01,5,3,4,534,Hibernating Customers
C16489,192,3,820.59,2,2,4,224,Hibernating Customers
C16490,8,3,39.73,5,2,1,521,New Customers
C16491,55,4,1042.25,4,3,4,434,Hibernating Customers
C16492,147,2,201,3,1,2,312,Hibernating Customers
C16493,435,3,463.54,1,2,3,123,Hibernating Customers
C16494,52,2,198.71,4,1,2,412,New Customers
C16495,75,4,592.93,4,3,3,433,Hibernating Customers
C16496,8,7,2436.7,5,5,5,555,Champions
C16497,83,5,792.73,4,4,4,444,Champions
C16498,417,2,71.19,1,1,1,111,Hibernating Customers
C16499,97,9,1166.57,3,5,5,355,Loyal Customers
C16500,34,7,781.78,5,5,4,554,Champions
C16501,50,5,808.72,4,4,4,444,Champions
C16502,5,3,40.5,5,2,1,521,New Customers
C16503,333,1,268.49,1,1,2,112,Hibernating Customers
C16504,78,2,83.3,4,1,1,411,New Customers
C16505,670,1,143.8,1,1,1,111,Hibernating Customers
C16506,92,4,3655.56,3,3,5,335,Hibernating Customers
C16507,361,4,148.45,1,3,1,131,At Risk
C16508,118,2,81.4,3,1,1,311,Hibernating Customers
C16509,60,7,356.09,4,5,2,452,Loyal Customers
C16510,348,3,2203.12,1,2,5,125,Hibernating Customers
C16511,266,4,62.56,1,3,1,131,At Risk
C16512,17,2,229.73,5,1,2,512,New Customers
C16513,19,4,326.19,5,3,2,532,Hibernating Customers
C16514,42,6,1529.47,4,5,5,455,Champions
C16515,355,2,2623.68,1,1,5,115,Hibernating Customers
C16516,78,5,90,4,4,1,441,Loyal Customers
C16517,641,1,6.07,1,1,1,111,Hibernating Customers
C16518,258,3,323.52,2,2,2,222,Hibernating Customers
C16519,46,4,285.7,4,3,2,432,Hibernating Customers
C16520,533,2,522.99,1,1,3,113,Hibernating Customers
C16521,23,6,949.66,5,5,4,554,Champions
C16522,103,4,203.11,3,3,2,332,Hibernating Customers
C16523,144,6,1455.2,3,5,5,355,Loyal Customers
C16524,94,7,2044.58,3,5,5,355,Loyal Customers
C16525,172,4,803.44,2,3,4,234,At Risk
C16526,305,2,2761.84,1,1,5,115,Hibernating Customers
C16527,573,3,117.27,1,2,1,121,Hibernating Customers
C16528,250,2,987.22,2,1,4,214,Hibernating Customers
C16529,601,2,499.57,1,1,3,113,Hibernating Customers
C16530,4,5,2287.24,5,4,5,545,Champions
C16531,159,3,1123.61,2,2,4,224,Hibernating Customers
C16532,480,3,267.9,1,2,2,122,Hibernating Customers
C16533,96,4,765.55,3,3,4,334,Hibernating Customers
C16534,2,6,573.44,5,5,3,553,Loyal Customers
C16535,22,3,93.3,5,2,1,521,New Customers
C16536,62,2,116.83,4,1,1,411,New Customers
C16537,112,3,243.46,3,2,2,322,Hibernating Customers
C16538,305,5,2348.97,1,4,5,145,At Risk
C16539,242,7,1094.19,2,5,4,254,At Risk
C16540,20,7,1418.87,5,5,5,555,Champions
C16541,123,4,121.6,3,3,1,331,Hibernating Customers
C16542,330,3,153.04,1,2,1,121,Hibernating Customers
C16543,213,4,1191.09,2,3,5,235,At Risk
C16544,94,7,2066.59,3,5,5,355,Loyal Customers
C16545,220,2,37.85,2,1,1,211,Hibernating Customers
C16546,21,5,4424.6,5,4,5,545,Champions
C16547,99,2,35.1,3,1,1,311,Hibernating Customers
C16548,44,4,468.54,4,3,3,433,Hibernating Customers
C16549,331,3,750.16,1,2,4,124,Hibernating Customers
C16550,423,2,832.87,1,1,4,114,Hibernating Customers
C16551,426,3,199.56,1,2,2,122,Hibernating Customers
C16552,168,3,912.19,2,2,4,224,Hibernating Customers
C16553,8,9,2117.42,5,5,5,555,Champions
C16554,26,6,1758.98,5,5,5,555,Champions
C16555,248,2,1081.01,2,1,4,214,Hibernating Customers
C16556,73,2,183.12,4,1,2,412,New Customers
C16557,152,4,183.71,2,3,2,232,At Risk
C16558,98,5,1186.34,3,4,5,345,Loyal Customers
C16559,133,5,720.05,3,4,4,344,Loyal Customers
C16560,241,2,62.49,2,1,1,211,Hibernating Customers
C16561,374,2,66.77,1,1,1,111,Hibernating Customers
C16563,22,8,1708.51,5,5,5,555,Champions
C16564,140,3,962.76,3,2,4,324,Hibernating Customers
C16565,45,4,107.75,4,3,1,431,Hibernating Customers
C16566,15,7,1559.83,5,5,5,555,Champions
C16567,112,2,420.28,3,1,3,313,Hibernating Customers
C16568,521,2,365.64,1,1,2,112,Hibernating Customers
C16569,51,5,519.72,4,4,3,443,Loyal Customers
C16570,46,3,1084.58,4,2,4,424,New Customers
C16571,3,7,668.51,5,5,4,554,Champions
C16572,21,1,79,5,1,1,511,New Customers
C16573,49,2,250.44,4,1,2,412,New Customers
C16574,183,4,592.15,2,3,3,233,At Risk
C16575,405,3,177.08,1,2,2,122,Hibernating Customers
C16576,159,2,441.17,2,1,3,213,Hibernating Customers
C16577,276,7,1596.96,1,5,5,155,At Risk
C16578,137,4,166.3,3,3,1,331,Hibernating Customers
C16579,78,4,65.32,4,3,1,431,Hibernating Customers
C16580,225,4,139.89,2,3,1,231,At Risk
C16581,330,5,766.94,1,4,4,144,At Risk
C16582,168,5,448.03,2,4,3,243,At Risk
C16583,26,5,339.16,5,4,2,542,Loyal Customers
C16584,121,5,840.62,3,4,4,344,Loyal Customers
C16585,170,1,5.3,2,1,1,211,Hibernating Customers
C16586,161,3,362.63,2,2,2,222,Hibernating Customers
C16587,259,6,358.68,2,5,2,252,At Risk
C16588,158,7,263.12,2,5,2,252,At Risk
C16589,180,7,1325.38,2,5,5,255,At Risk
C16590,28,5,348.95,5,4,2,542,Loyal Customers
C16591,404,2,30.75,1,1,1,111,Hibernating Customers
C16592,46,3,424.18,4,2,3,423,New Customers
C16593,180,11,1837.01,2,5,5,255,At Risk
C16594,458,3,6415.32,1,2,5,125,Hibernating Customers
C16595,323,2,265.42,1,1,2,112,Hibernating Customers
C16596,409,3,636.46,1,2,3,123,Hibernating Customers
C16597,256,2,75.05,2,1,1,211,Hibernating Customers
C16598,15,8,434.92,5,5,3,553,Loyal Customers
C16599,281,2,209.38,1,1,2,112,Hibernating Customers
C16600,154,4,3025.72,2,3,5,235,At Risk
C16601,7,4,543.23,5,3,3,533,Hibernating Customers
C16602,267,3,142.37,1,2,1,121,Hibernating Customers
C16603,151,5,831.96,3,4,4,344,Loyal Customers
C16604,26,3,276.4,5,2,2,522,New Customers
C16605,168,4,183.49,2,3,2,232,At Risk
C16606,34,4,124.45,5,3,1,531,Hibernating Customers
C16607,52,3,205.28,4,2,2,422,New Customers
C16608,109,5,1688,3,4,5,345,Loyal Customers
C16609,99,8,662.58,3,5,4,354,Loyal Customers
C16610,59,5,2135.81,4,4,5,445,Champions
C16611,131,3,418.87,3,2,3,323,Hibernating Customers
C16612,617,2,390.67,1,1,3,113,Hibernating Customers
C16613,92,3,422.35,3,2,3,323,Hibernating Customers
C16614,65,9,369.68,4,5,3,453,Loyal Customers
C16615,260,3,1684.86,2,2,5,225,Hibernating Customers
C16616,161,4,164.14,2,3,1,231,At Risk
C16617,2,5,1359.41,5,4,5,545,Champions
C16618,4,6,274.16,5,5,2,552,Loyal Customers
C16619,49,5,1629.45,4,4,5,445,Champions
C16620,83,3,683.39,4,2,4,424,New Customers
C16621,246,5,413.32,2,4,3,243,At Risk
C16622,108,5,1453.41,3,4,5,345,Loyal Customers
C16623,83,4,864.55,4,3,4,434,Hibernating Customers
C16624,62,2,253.34,4,1,2,412,New Customers
C16625,237,3,123.07,2,2,1,221,Hibernating Customers
C16626,124,4,543.98,3,3,3,333,Hibernating Customers
C16627,24,4,259.68,5,3,2,532,Hibernating Customers
C16628,111,8,3450.34,3,5,5,355,Loyal Customers
C16629,13,6,884.4,5,5,4,554,Champions
C16630,308,2,39.83,1,1,1,111,Hibernating Customers
C16631,195,2,183.1,2,1,2,212,Hibernating Customers
C16632,103,3,237.8,3,2,2,322,Hibernating Customers
C16633,86,2,1299.65,3,1,5,315,Hibernating Customers
C16634,366,3,1057.63,1,2,4,124,Hibernating Customers
C16635,121,4,247.6,3,3,2,332,Hibernating Customers
C16636,277,6,1814.4,1,5,5,155,At Risk
C16637,118,3,569.22,3,2,3,323,Hibernating Customers
C16638,98,5,1424.17,3,4,5,345,Loyal Customers
C16639,39,6,438.99,4,5,3,453,Loyal Customers
C16640,440,2,220,1,1,2,112,Hibernating Customers
C16641,14,4,219.86,5,3,2,532,Hibernating Customers
C16642,412,5,203.5,1,4,2,142,At Risk
C16643,59,6,1010.67,4,5,4,454,Champions
C16644,252,4,1250.19,2,3,5,235,At Risk
C16645,43,8,1440.81,4,5,5,455,Champions
C16646,119,7,1125.28,3,5,4,354,Loyal Customers
C16647,233,3,195.22,2,2,2,222,Hibernating Customers
C16648,298,1,61.58,1,1,1,111,Hibernating Customers
C16649,99,4,111.5,3,3,1,331,Hibernating Customers
C16650,448,3,233.04,1,2,2,122,Hibernating Customers
C16651,63,6,314.71,4,5,2,452,Loyal Customers
C16652,78,6,1211.36,4,5,5,455,Champions
C16653,177,2,89.08,2,1,1,211,Hibernating Customers
C16654,94,8,1175.88,3,5,5,355,Loyal Customers
C16655,63,10,13885.1,4,5,5,455,Champions
C16656,138,3,195.68,3,2,2,322,Hibernating Customers
C16657,3,5,963.33,5,4,4,544,Champions
C16658,79,5,924.96,4,4,4,444,Champions
C16659,132,5,867.56,3,4,4,344,Loyal Customers
C16660,265,3,1021.28,2,2,4,224,Hibernating Customers
C16661,114,5,353.78,3,4,2,342,Loyal Customers
C16662,121,3,436.97,3,2,3,323,Hibernating Customers
C16663,193,4,403.23,2,3,3,233,At Risk
C16664,309,2,278.52,1,1,2,112,Hibernating Customers
C16665,73,6,707.32,4,5,4,454,Champions
C16666,372,2,32.98,1,1,1,111,Hibernating Customers
C16667,43,6,1261.12,4,5,5,455,Champions
C16668,135,9,1644.47,3,5,5,355,Loyal Customers
C16669,174,3,414.04,2,2,3,223,Hibernating Customers
C16670,58,5,695.29,4,4,4,444,Champions
C16671,124,7,1488.5,3,5,5,355,Loyal Customers
C16672,166,3,209.11,2,2,2,222,Hibernating Customers
C16673,146,4,274.3,3,3,2,332,Hibernating Customers
C16674,76,6,1353.62,4,5,5,455,Champions
C16675,118,1,64.89,3,1,1,311,Hibernating Customers
C16676,175,3,975.55,2,2,4,224,Hibernating Customers
C16677,63,4,41.15,4,3,1,431,Hibernating Customers
C16678,71,7,667.11,4,5,4,454,Champions
C16679,111,3,109.16,3,2,1,321,Hibernating Customers
C16680,131,3,92.78,3,2,1,321,Hibernating Customers
C16681,64,5,575.32,4,4,3,443,Loyal Customers
C16682,274,3,1039.81,1,2,4,124,Hibernating Customers
C16683,57,9,1904.53,4,5,5,455,Champions
C16684,608,3,758.44,1,2,4,124,Hibernating Customers
C16685,79,7,318.88,4,5,2,452,Loyal Customers
C16686,6,6,582.52,5,5,3,553,Loyal Customers
C16687,72,5,441.16,4,4,3,443,Loyal Customers
C16688,223,1,410.44,2,1,3,213,Hibernating Customers
C16689,461,2,33.56,1,1,1,111,Hibernating Customers
C16690,131,2,203.82,3,1,2,312,Hibernating Customers
C16691,243,3,105.01,2,2,1,221,Hibernating Customers
C16692,17,3,1331.57,5,2,5,525,New Customers
C16693,186,4,1007.75,2,3,4,234,At Risk
C16694,177,5,777.02,2,4,4,244,At Risk
C16695,157,3,73.69,2,2,1,221,Hibernating Customers
C16696,206,4,183.21,2,3,2,232,At Risk
C16697,13,7,1056.48,5,5,4,554,Champions
C16698,83,4,607.43,4,3,3,433,Hibernating Customers
C16699,191,3,141.89,2,2,1,221,Hibernating Customers
C16700,308,5,153.83,1,4,1,141,At Risk
C16701,71,6,2237.51,4,5,5,455,Champions
C16702,112,6,117.11,3,5,1,351,Loyal Customers
C16703,123,7,925.32,3,5,4,354,Loyal Customers
C16704,1,13,1976.21,5,5,5,555,Champions
C16705,336,2,344.8,1,1,2,112,Hibernating Customers
C16706,581,2,410.99,1,1,3,113,Hibernating Customers
C16707,166,8,747.07,2,5,4,254,At Risk
C16708,106,4,661.87,3,3,4,334,Hibernating Customers
C16709,39,6,702.94,4,5,4,454,Champions
C16710,87,6,732.81,3,5,4,354,Loyal Customers
C16711,284,5,549.3,1,4,3,143,At Risk
C16712,33,3,622.49,5,2,3,523,New Customers
C16713,7,8,449.51,5,5,3,553,Loyal Customers
C16714,51,4,547.78,4,3,3,433,Hibernating Customers
C16715,275,2,119.32,1,1,1,111,Hibernating Customers
C16716,88,6,1214.11,3,5,5,355,Loyal Customers
C16717,26,3,385.35,5,2,3,523,New Customers
C16718,35,4,941.87,5,3,4,534,Hibernating Customers
C16719,163,4,144.92,2,3,1,231,At Risk
C16720,172,4,1148.6,2,3,5,235,At Risk
C16721,68,2,549.54,4,1,3,413,New Customers
C16722,39,3,128.99,4,2,1,421,New Customers
C16723,36,5,655.35,5,4,4,544,Champions
C16724,51,7,959.05,4,5,4,454,Champions
C16725,56,3,308.42,4,2,2,422,New Customers
C16726,54,2,425.53,4,1,3,413,New Customers
C16727,466,2,99.94,1,1,1,111,Hibernating Customers
C16728,86,3,1129.13,3,2,4,324,Hibernating Customers
C16729,316,1,10.94,1,1,1,111,Hibernating Customers
C16730,29,1,35.83,5,1,1,511,New Customers
C16731,211,8,2833.51,2,5,5,255,At Risk
C16732,98,10,1330.36,3,5,5,355,Loyal Customers
C16733,209,7,481.85,2,5,3,253,At Risk
C16734,189,3,143.3,2,2,1,221,Hibernating Customers
C16735,12,4,45.19,5,3,1,531,Hibernating Customers
C16736,340,2,167.92,1,1,1,111,Hibernating Customers
C16737,660,2,27.34,1,1,1,111,Hibernating Customers
C16738,67,2,469.31,4,1,3,413,New Customers
C16739,394,4,415.45,1,3,3,133,At Risk
C16740,577,3,742.46,1,2,4,124,Hibernating Customers
C16741,12,4,349.18,5,3,2,532,Hibernating Customers
C16742,230,3,280.42,2,2,2,222,Hibernating Customers
C16743,120,2,58.11,3,1,1,311,Hibernating Customers
C16744,275,4,237.16,1,3,2,132,At Risk
C16745,74,4,1322.2,4,3,5,435,Hibernating Customers
C16746,236,2,143.51,2,1,1,211,Hibernating Customers
C16747,142,6,1271.96,3,5,5,355,Loyal Customers
C16748,401,7,191.88,1,5,2,152,At Risk
C16749,183,6,1140.98,2,5,5,255,At Risk
C16750,353,2,269.98,1,1,2,112,Hibernating Customers
C16751,108,4,426.6,3,3,3,333,Hibernating Customers
C16752,79,6,313.59,4,5,2,452,Loyal Customers
C16753,447,1,49.21,1,1,1,111,Hibernating Customers
C16754,251,2,18.67,2,1,1,211,Hibernating Customers
C16755,267,7,1748.12,1,5,5,155,At Risk
C16756,6,2,2196.16,5,1,5,515,New Customers
C16757,138,3,541.38,3,2,3,323,Hibernating Customers
C16758,83,4,421.34,4,3,3,433,Hibernating Customers
C16759,109,2,170.46,3,1,1,311,Hibernating Customers
C16760,366,1,46.23,1,1,1,111,Hibernating Customers
C16761,154,6,739.38,2,5,4,254,At Risk
C16762,93,4,2097.48,3,3,5,335,Hibernating Customers
C16763,120,8,589.86,3,5,3,353,Loyal Customers
C16764,62,6,446.25,4,5,3,453,Loyal Customers
C16765,256,1,21.69,2,1,1,211,Hibernating Customers
C16766,118,6,1458.01,3,5,5,355,Loyal Customers
C16767,53,6,378.79,4,5,3,453,Loyal Customers
C16768,391,4,186.43,1,3,2,132,At Risk
C16769,285,2,1624.69,1,1,5,115,Hibernating Customers
C16770,98,5,377.25,3,4,3,343,Loyal Customers
C16771,73,6,2260.31,4,5,5,455,Champions
C16772,26,5,357.46,5,4,2,542,Loyal Customers
C16773,69,6,334.25,4,5,2,452,Loyal Customers
C16774,402,3,600.42,1,2,3,123,Hibernating Customers
C16775,32,7,680.49,5,5,4,554,Champions
C16776,83,3,469.28,4,2,3,423,New Customers
C16777,5,5,152.29,5,4,1,541,Loyal Customers
C16778,496,2,48.19,1,1,1,111,Hibernating Customers
C16779,674,1,106.47,1,1,1,111,Hibernating Customers
C16780,10,3,613.81,5,2,3,523,New Customers
C16781,45,4,212.14,4,3,2,432,Hibernating Customers
C16782,204,7,1442.32,2,5,5,255,At Risk
C16783,62,5,524.84,4,4,3,443,Loyal Customers
C16784,52,3,276.02,4,2,2,422,New Customers
C16785,102,5,319.45,3,4,2,342,Loyal Customers
C16786,40,4,192.15,4,3,2,432,Hibernating Customers
C16787,97,4,3450.93,3,3,5,335,Hibernating Customers
C16788,213,3,117.01,2,2,1,221,Hibernating Customers
C16789,45,3,116.49,4,2,1,421,New Customers
C16790,20,3,135.84,5,2,1,521,New Customers
C16791,302,3,305.22,1,2,2,122,Hibernating Customers
C16792,6,9,679.15,5,5,4,554,Champions
C16793,19,7,1306.49,5,5,5,555,Champions
C16794,28,6,862.31,5,5,4,554,Champions
C16795,95,5,418.9,3,4,3,343,Loyal Customers
C16796,28,4,781.04,5,3,4,534,Hibernating Customers
C16797,622,3,1167.54,1,2,5,125,Hibernating Customers
C16798,14,4,1057.63,5,3,4,534,Hibernating Customers
C16799,88,7,2878.35,3,5,5,355,Loyal Customers
C16800,362,5,581.67,1,4,3,143,At Risk
C16801,24,5,1105.4,5,4,4,544,Champions
C16802,15,2,78.59,5,1,1,511,New Customers
C16803,145,2,348,3,1,2,312,Hibernating Customers
C16804,248,5,419.67,2,4,3,243,At Risk
C16805,38,5,3811.78,4,4,5,445,Champions
C16806,57,5,148.83,4,4,1,441,Loyal Customers
C16807,377,3,130.48,1,2,1,121,Hibernating Customers
C16808,19,4,208.88,5,3,2,532,Hibernating Customers
C16809,103,5,473.32,3,4,3,343,Loyal Customers
C16810,608,1,44.72,1,1,1,111,Hibernating Customers
C16811,23,6,584.69,5,5,3,553,Loyal Customers
C16812,102,3,394.33,3,2,3,323,Hibernating Customers
C16813,109,6,3826.3,3,5,5,355,Loyal Customers
C16814,58,2,80.85,4,1,1,411,New Customers
C16815,57,5,675.12,4,4,4,444,Champions
C16816,40,5,1571.54,4,4,5,445,Champions
C16817,125,3,254.58,3,2,2,322,Hibernating Customers
C16818,93,4,388.94,3,3,3,333,Hibernating Customers
C16819,148,4,1191.55,3,3,5,335,Hibernating Customers
C16820,420,5,2373.87,1,4,5,145,At Risk
C16821,419,3,2571.4,1,2,5,125,Hibernating Customers
C16822,342,2,133.18,1,1,1,111,Hibernating Customers
C16823,303,5,944.11,1,4,4,144,At Risk
C16825,151,3,268.6,3,2,2,322,Hibernating Customers
C16826,561,1,19.02,1,1,1,111,Hibernating Customers
C16827,245,5,1691.91,2,4,5,245,At Risk
C16828,140,5,702.14,3,4,4,344,Loyal Customers
C16829,254,4,1191.34,2,3,5,235,At Risk
C16830,132,3,102.5,3,2,1,321,Hibernating Customers
C16831,1,4,678.83,5,3,4,534,Hibernating Customers
C16832,85,4,366.44,3,3,2,332,Hibernating Customers
C16833,46,5,2150.51,4,4,5,445,Champions
C16834,224,8,1645.05,2,5,5,255,At Risk
C16836,256,3,1934.79,2,2,5,225,Hibernating Customers
C16837,28,10,1318.09,5,5,5,555,Champions
C16838,147,4,142.14,3,3,1,331,Hibernating Customers
C16839,415,5,1331.61,1,4,5,145,At Risk
C16840,11,10,1530.39,5,5,5,555,Champions
C16841,120,7,1055.86,3,5,4,354,Loyal Customers
C16842,17,6,351.36,5,5,2,552,Loyal Customers
C16843,9,6,1472.53,5,5,5,555,Champions
C16844,129,3,147.16,3,2,1,321,Hibernating Customers
C16845,116,7,323.79,3,5,2,352,Loyal Customers
C16846,209,5,659.77,2,4,4,244,At Risk
C16847,724,1,67.76,1,1,1,111,Hibernating Customers
C16848,50,3,246.27,4,2,2,422,New Customers
C16849,70,3,1039.06,4,2,4,424,New Customers
C16850,50,4,956.34,4,3,4,434,Hibernating Customers
C16851,53,4,136.41,4,3,1,431,Hibernating Customers
C16852,177,6,529.84,2,5,3,253,At Risk
C16853,150,3,220.76,3,2,2,322,Hibernating Customers
C16854,150,7,1507.39,3,5,5,355,Loyal Customers
C16855,19,4,588.17,5,3,3,533,Hibernating Customers
C16856,9,8,830.08,5,5,4,554,Champions
C16857,124,4,287.62,3,3,2,332,Hibernating Customers
C16858,397,2,37.14,1,1,1,111,Hibernating Customers
C16859,33,5,788.95,5,4,4,544,Champions
C16860,351,5,614.4,1,4,3,143,At Risk
C16861,199,5,1425.47,2,4,5,245,At Risk
C16862,186,4,2307.79,2,3,5,235,At Risk
C16863,427,2,210.19,1,1,2,112,Hibernating Customers
C16864,182,5,1243.15,2,4,5,245,At Risk
C16865,181,2,43.71,2,1,1,211,Hibernating Customers
C16866,148,3,107.33,3,2,1,321,Hibernating Customers
C16867,84,2,1061.24,4,1,4,414,New Customers
C16868,60,2,348.09,4,1,2,412,New Customers
C16869,66,10,1220.41,4,5,5,455,Champions
C16870,23,3,811.73,5,2,4,524,New Customers
C16871,126,5,574.02,3,4,3,343,Loyal Customers
C16872,378,3,301.47,1,2,2,122,Hibernating Customers
C16873,53,6,296.12,4,5,2,452,Loyal Customers
C16874,94,2,189.88,3,1,2,312,Hibernating Customers
C16875,175,4,3671.32,2,3,5,235,At Risk
C16876,380,2,43.66,1,1,1,111,Hibernating Customers
C16877,560,2,136.05,1,1,1,111,Hibernating Customers
C16878,26,5,990.81,5,4,4,544,Champions
C16879,379,1,13.22,1,1,1,111,Hibernating Customers
C16880,151,3,183.8,3,2,2,322,Hibernating Customers
C16881,10,8,1239.21,5,5,5,555,Champions
C16882,75,4,304.54,4,3,2,432,Hibernating Customers
C16883,140,4,379.72,3,3,3,333,Hibernating Customers
C16884,64,4,755.99,4,3,4,434,Hibernating Customers
C16885,651,2,560.64,1,1,3,113,Hibernating Customers
C16886,40,4,525.13,4,3,3,433,Hibernating Customers
C16887,417,2,83.77,1,1,1,111,Hibernating Customers
C16889,408,1,202.38,1,1,2,112,Hibernating Customers
C16890,181,5,345.04,2,4,2,242,At Risk
C16891,78,4,148.65,4,3,1,431,Hibernating Customers
C16892,83,5,598.68,4,4,3,443,Loyal Customers
C16893,71,3,227.85,4,2,2,422,New Customers
C16894,523,3,95.58,1,2,1,121,Hibernating Customers
C16895,64,7,3436.8,4,5,5,455,Champions
C16896,234,2,904.88,2,1,4,214,Hibernating Customers
C16897,18,6,1464.98,5,5,5,555,Champions
C16898,253,4,109.01,2,3,1,231,At Risk
C16899,170,3,133.84,2,2,1,221,Hibernating Customers
C16900,11,5,2236.44,5,4,5,545,Champions
C16901,155,4,121.4,2,3,1,231,At Risk
C16902,473,3,84.47,1,2,1,121,Hibernating Customers
C16903,39,2,93.62,4,1,1,411,New Customers
C16904,186,4,483.47,2,3,3,233,At Risk
C16905,62,6,945.85,4,5,4,454,Champions
C16906,459,3,187.42,1,2,2,122,Hibernating Customers
C16907,120,3,159.4,3,2,1,321,Hibernating Customers
C16908,68,3,664.83,4,2,4,424,New Customers
C16909,235,1,449.41,2,1,3,213,Hibernating Customers
C16910,190,3,426.05,2,2,3,223,Hibernating Customers
C16911,339,4,318.06,1,3,2,132,At Risk
C16912,86,2,1496.53,3,1,5,315,Hibernating Customers
C16913,306,4,1732.5,1,3,5,135,At Risk
C16914,104,2,94.24,3,1,1,311,Hibernating Customers
C16915,95,2,459.1,3,1,3,313,Hibernating Customers
C16917,14,5,1218.19,5,4,5,545,Champions
C16918,33,4,91.96,5,3,1,531,Hibernating Customers
C16919,142,7,2153.81,3,5,5,355,Loyal Customers
C16920,316,2,1635.36,1,1,5,115,Hibernating Customers
C16921,309,2,69.56,1,1,1,111,Hibernating Customers
C16922,187,6,339.11,2,5,2,252,At Risk
C16923,263,4,624.87,2,3,3,233,At Risk
C16924,180,5,703.08,2,4,4,244,At Risk
C16925,226,1,19.16,2,1,1,211,Hibernating Customers
C16926,347,2,1701.09,1,1,5,115,Hibernating Customers
C16927,138,2,132,3,1,1,311,Hibernating Customers
C16928,145,5,413.56,3,4,3,343,Loyal Customers
C16929,24,3,376.16,5,2,3,523,New Customers
C16930,76,3,592.03,4,2,3,423,New Customers
C16931,241,3,263.29,2,2,2,222,Hibernating Customers
C16932,24,3,368.28,5,2,2,522,New Customers
C16933,28,4,1319.83,5,3,5,535,Hibernating Customers
C16934,142,4,349.49,3,3,2,332,Hibernating Customers
C16935,99,3,123.69,3,2,1,321,Hibernating Customers
C16936,7,6,269.85,5,5,2,552,Loyal Customers
C16937,45,4,666.28,4,3,4,434,Hibernating Customers
C16938,131,4,2464.54,3,3,5,335,Hibernating Customers
C16939,129,3,77.01,3,2,1,321,Hibernating Customers
C16940,58,6,1328.7,4,5,5,455,Champions
C16941,354,5,2124.14,1,4,5,145,At Risk
C16942,49,4,1221.95,4,3,5,435,Hibernating Customers
C16943,172,3,1652.76,2,2,5,225,Hibernating Customers
C16944,221,7,3860.62,2,5,5,255,At Risk
C16945,79,4,120.58,4,3,1,431,Hibernating Customers
C16946,198,2,94.96,2,1,1,211,Hibernating Customers
C16947,223,5,1307.55,2,4,5,245,At Risk
C16948,426,3,1010.95,1,2,4,124,Hibernating Customers
C16949,17,5,1778.37,5,4,5,545,Champions
C16950,150,3,287.14,3,2,2,322,Hibernating Customers
C16951,525,1,23.16,1,1,1,111,Hibernating Customers
C16952,76,7,1382.25,4,5,5,455,Champions
C16953,269,6,159.2,1,5,1,151,At Risk
C16954,478,2,14.59,1,1,1,111,Hibernating Customers
C16955,31,3,630.43,5,2,3,523,New Customers
C16956,239,1,10.45,2,1,1,211,Hibernating Customers
C16957,10,10,666.81,5,5,4,554,Champions
C16958,27,4,398.32,5,3,3,533,Hibernating Customers
C16959,26,6,764.8,5,5,4,554,Champions
C16960,116,3,157.25,3,2,1,321,Hibernating Customers
C16961,353,5,2152,1,4,5,145,At Risk
C16962,18,4,548.24,5,3,3,533,Hibernating Customers
C16963,5,8,2449.68,5,5,5,555,Champions
C16964,240,5,466.01,2,4,3,243,At Risk
C16965,47,5,210.54,4,4,2,442,Loyal Customers
C16966,265,4,428.32,2,3,3,233,At Risk
C16967,82,3,91.75,4,2,1,421,New Customers
C16968,11,5,382.45,5,4,3,543,Loyal Customers
C16969,337,6,242.1,1,5,2,152,At Risk
C16970,105,5,429.6,3,4,3,343,Loyal Customers
C16971,200,8,1770.66,2,5,5,255,At Risk
C16972,104,2,180.53,3,1,2,312,Hibernating Customers
C16973,400,2,481.24,1,1,3,113,Hibernating Customers
C16974,64,5,236.32,4,4,2,442,Loyal Customers
C16975,119,6,1041.03,3,5,4,354,Loyal Customers
C16976,58,7,668.62,4,5,4,454,Champions
C16977,689,2,101.74,1,1,1,111,Hibernating Customers
C16978,144,2,473.05,3,1,3,313,Hibernating Customers
C16979,82,6,576.91,4,5,3,453,Loyal Customers
C16980,21,11,522.49,5,5,3,553,Loyal Customers
C16981,40,11,1023.9,4,5,4,454,Champions
C16982,42,4,628.2,4,3,3,433,Hibernating Customers
C16983,131,2,1165.38,3,1,5,315,Hibernating Customers
C16984,276,3,147,1,2,1,121,Hibernating Customers
C16985,27,4,793.18,5,3,4,534,Hibernating Customers
C16986,29,3,365.32,5,2,2,522,New Customers
C16987,31,4,198.57,5,3,2,532,Hibernating Customers
C16988,660,1,4.98,1,1,1,111,Hibernating Customers
C16989,27,4,824.61,5,3,4,534,Hibernating Customers
C16990,65,6,1302.06,4,5,5,455,Champions
C16991,67,6,935.79,4,5,4,454,Champions
C16992,4,7,832.17,5,5,4,554,Champions
C16993,322,8,396.31,1,5,3,153,At Risk
C16994,369,2,297.2,1,1,2,112,Hibernating Customers
C16995,1,6,213.45,5,5,2,552,Loyal Customers
C16996,34,5,1631.1,5,4,5,545,Champions
C16997,137,4,707.24,3,3,4,334,Hibernating Customers
C16998,8,9,3432.92,5,5,5,555,Champions
C16999,96,6,357.77,3,5,2,352,Loyal Customers
C17000,7,4,568.08,5,3,3,533,Hibernating Customers
C17001,25,6,949.92,5,5,4,554,Champions
C17002,31,10,425.3,5,5,3,553,Loyal Customers
C17003,7,6,413.52,5,5,3,553,Loyal Customers
C17004,14,5,452.1,5,4,3,543,Loyal Customers
C17005,248,3,497.46,2,2,3,223,Hibernating Customers
C17006,86,6,1098.47,3,5,4,354,Loyal Customers
C17007,410,3,180.33,1,2,2,122,Hibernating Customers
C17008,120,7,211.5,3,5,2,352,Loyal Customers
C17009,199,6,954.97,2,5,4,254,At Risk
C17010,32,3,669.85,5,2,4,524,New Customers
C17011,66,10,1842.35,4,5,5,455,Champions
C17012,78,4,147.14,4,3,1,431,Hibernating Customers
C17013,106,5,373.95,3,4,3,343,Loyal Customers
C17014,173,4,1546.55,2,3,5,235,At Risk
C17015,48,5,1064.12,4,4,4,444,Champions
C17016,16,4,174.78,5,3,2,532,Hibernating Customers
C17017,9,3,194.22,5,2,2,522,New Customers
C17018,192,6,346.95,2,5,2,252,At Risk
C17019,361,1,21.84,1,1,1,111,Hibernating Customers
C17020,96,4,282.65,3,3,2,332,Hibernating Customers
C17021,83,4,199.5,4,3,2,432,Hibernating Customers
C17022,63,4,150.57,4,3,1,431,Hibernating Customers
C17023,396,4,216.81,1,3,2,132,At Risk
C17024,31,7,763.42,5,5,4,554,Champions
C17025,105,6,387.25,3,5,3,353,Loyal Customers
C17026,235,4,174.84,2,3,2,232,At Risk
C17027,362,3,132.04,1,2,1,121,Hibernating Customers
C17028,89,4,544.78,3,3,3,333,Hibernating Customers
C17029,254,5,770.95,2,4,4,244,At Risk
C17030,327,2,756.97,1,1,4,114,Hibernating Customers
C17031,56,5,267.14,4,4,2,442,Loyal Customers
C17032,12,5,169.41,5,4,1,541,Loyal Customers
C17033,201,3,384.98,2,2,3,223,Hibernating Customers
C17034,81,6,1508.23,4,5,5,455,Champions
C17035,54,4,1020.53,4,3,4,434,Hibernating Customers
C17036,113,6,1125.21,3,5,4,354,Loyal Customers
C17037,21,3,310.2,5,2,2,522,New Customers
C17038,60,1,103.62,4,1,1,411,New Customers
C17039,83,5,182.83,4,4,2,442,Loyal Customers
C17040,190,4,613.83,2,3,3,233,At Risk
C17041,123,10,1024.81,3,5,4,354,Loyal Customers
C17042,8,6,3790.99,5,5,5,555,Champions
C17043,177,6,532.57,2,5,3,253,At Risk
C17044,316,3,1097.57,1,2,4,124,Hibernating Customers
C17045,41,4,607.12,4,3,3,433,Hibernating Customers
C17046,143,4,274.81,3,3,2,332,Hibernating Customers
C17048,273,5,176.03,1,4,2,142,At Risk
C17049,619,1,373.16,1,1,3,113,Hibernating Customers
C17050,99,3,645.49,3,2,3,323,Hibernating Customers
C17051,677,1,6.79,1,1,1,111,Hibernating Customers
C17052,154,2,19.85,2,1,1,211,Hibernating Customers
C17053,304,6,485.95,1,5,3,153,At Risk
C17054,301,4,86.71,1,3,1,131,At Risk
C17055,91,6,843.05,3,5,4,354,Loyal Customers
C17056,93,6,265.58,3,5,2,352,Loyal Customers
C17057,38,4,346.06,4,3,2,432,Hibernating Customers
C17058,314,4,2536.31,1,3,5,135,At Risk
C17059,25,4,257.88,5,3,2,532,Hibernating Customers
C17060,181,3,139.83,2,2,1,221,Hibernating Customers
C17061,241,3,226.77,2,2,2,222,Hibernating Customers
C17062,72,7,1797.95,4,5,5,455,Champions
C17063,483,3,119.53,1,2,1,121,Hibernating Customers
C17064,27,3,987.4,5,2,4,524,New Customers
C17065,242,3,428.07,2,2,3,223,Hibernating Customers
C17066,239,4,259.21,2,3,2,232,At Risk
C17067,384,3,639.64,1,2,3,123,Hibernating Customers
C17068,46,6,145.94,4,5,1,451,Loyal Customers
C17069,35,11,2713.88,5,5,5,555,Champions
C17070,179,1,495.94,2,1,3,213,Hibernating Customers
C17071,182,4,557.31,2,3,3,233,At Risk
C17072,144,3,326.22,3,2,2,322,Hibernating Customers
C17073,65,5,887.39,4,4,4,444,Champions
C17074,184,3,164.41,2,2,1,221,Hibernating Customers
C17075,331,2,66.99,1,1,1,111,Hibernating Customers
C17076,404,2,180.54,1,1,2,112,Hibernating Customers
C17077,173,7,731.93,2,5,4,254,At Risk
C17078,92,3,103.93,3,2,1,321,Hibernating Customers
C17079,27,5,332.54,5,4,2,542,Loyal Customers
C17080,206,5,404.28,2,4,3,243,At Risk
C17081,28,7,955.01,5,5,4,554,Champions
C17082,120,8,790.29,3,5,4,354,Loyal Customers
C17083,100,7,1520.08,3,5,5,355,Loyal Customers
C17084,80,3,68.8,4,2,1,421,New Customers
C17085,450,2,252.17,1,1,2,112,Hibernating Customers
C17086,170,4,1223.56,2,3,5,235,At Risk
C17087,167,8,516.6,2,5,3,253,At Risk
C17088,526,3,326.84,1,2,2,122,Hibernating Customers
C17089,75,5,1975.85,4,4,5,445,Champions
C17090,286,4,299.88,1,3,2,132,At Risk
C17091,75,4,2073.7,4,3,5,435,Hibernating Customers
C17092,3,6,216.97,5,5,2,552,Loyal Customers
C17093,261,3,91,2,2,1,221,Hibernating Customers
C17094,37,5,785.47,4,4,4,444,Champions
C17095,164,3,338.14,2,2,2,222,Hibernating Customers
C17096,43,4,677.36,4,3,4,434,Hibernating Customers
C17097,39,7,295.95,4,5,2,452,Loyal Customers
C17098,118,5,598.43,3,4,3,343,Loyal Customers
C17099,96,8,660.65,3,5,4,354,Loyal Customers
C17100,96,2,842.12,3,1,4,314,Hibernating Customers
C17101,7,6,219.42,5,5,2,552,Loyal Customers
C17102,305,3,444.04,1,2,3,123,Hibernating Customers
C17103,20,4,484.83,5,3,3,533,Hibernating Customers
C17104,566,1,403.35,1,1,3,113,Hibernating Customers
C17105,60,4,570.8,4,3,3,433,Hibernating Customers
C17106,69,5,1012.64,4,4,4,444,Champions
C17107,523,1,283.86,1,1,2,112,Hibernating Customers
C17108,113,5,527.5,3,4,3,343,Loyal Customers
C17109,649,1,101.7,1,1,1,111,Hibernating Customers
C17110,115,4,865.65,3,3,4,334,Hibernating Customers
C17111,25,4,854.17,5,3,4,534,Hibernating Customers
C17112,18,5,1605.53,5,4,5,545,Champions
C17113,170,3,386.35,2,2,3,223,Hibernating Customers
C17114,170,3,156.16,2,2,1,221,Hibernating Customers
C17115,54,4,432.38,4,3,3,433,Hibernating Customers
C17116,456,5,7424.34,1,4,5,145,At Risk
C17117,40,6,1671.4,4,5,5,455,Champions
C17118,157,2,434.12,2,1,3,213,Hibernating Customers
C17119,11,5,803.49,5,4,4,544,Champions
C17120,187,4,476.29,2,3,3,233,At Risk
C17121,139,5,487.58,3,4,3,343,Loyal Customers
C17122,205,3,41.35,2,2,1,221,Hibernating Customers
C17123,16,3,77.2,5,2,1,521,New Customers
C17124,61,5,2685.92,4,4,5,445,Champions
C17125,20,4,152,5,3,1,531,Hibernating Customers
C17126,6,5,149.93,5,4,1,541,Loyal Customers
C17127,3,9,2344.15,5,5,5,555,Champions
C17128,319,3,308.56,1,2,2,122,Hibernating Customers
C17129,134,9,3497.68,3,5,5,355,Loyal Customers
C17130,252,2,60.57,2,1,1,211,Hibernating Customers
C17131,168,8,6479.25,2,5,5,255,At Risk
C17132,61,2,42.28,4,1,1,411,New Customers
C17133,21,3,129.77,5,2,1,521,New Customers
C17134,80,2,146.88,4,1,1,411,New Customers
C17135,57,6,713.12,4,5,4,454,Champions
C17136,222,4,490.7,2,3,3,233,At Risk
C17137,61,7,944.34,4,5,4,454,Champions
C17138,525,4,166.26,1,3,1,131,At Risk
C17139,523,1,83.77,1,1,1,111,Hibernating Customers
C17140,44,8,1464.71,4,5,5,455,Champions
C17141,56,6,260.74,4,5,2,452,Loyal Customers
C17142,413,4,906.8,1,3,4,134,At Risk
C17143,106,4,165.61,3,3,1,331,Hibernating Customers
C17144,333,1,138.8,1,1,1,111,Hibernating Customers
C17145,67,4,288.98,4,3,2,432,Hibernating Customers
C17146,24,4,1131.65,5,3,4,534,Hibernating Customers
C17147,25,7,380.04,5,5,3,553,Loyal Customers
C17148,214,3,513.06,2,2,3,223,Hibernating Customers
C17149,172,2,458.44,2,1,3,213,Hibernating Customers
C17150,232,3,1895.18,2,2,5,225,Hibernating Customers
C17151,84,5,360.04,4,4,2,442,Loyal Customers
C17152,31,2,269.48,5,1,2,512,New Customers
C17153,156,3,202.35,2,2,2,222,Hibernating Customers
C17154,86,7,1487.39,3,5,5,355,Loyal Customers
C17155,26,5,876.6,5,4,4,544,Champions
C17156,312,2,604.8,1,1,3,113,Hibernating Customers
C17157,31,4,495.8,5,3,3,533,Hibernating Customers
C17158,24,2,38.3,5,1,1,511,New Customers
C17159,44,4,1472.07,4,3,5,435,Hibernating Customers
C17160,35,6,151.85,5,5,1,551,Loyal Customers
C17161,96,3,284.23,3,2,2,322,Hibernating Customers
C17162,69,6,351.51,4,5,2,452,Loyal Customers
C17163,170,6,590.84,2,5,3,253,At Risk
C17164,164,7,378.62,2,5,3,253,At Risk
C17165,88,6,2297.91,3,5,5,355,Loyal Customers
C17166,101,8,845.19,3,5,4,354,Loyal Customers
C17167,11,5,955.94,5,4,4,544,Champions
C17168,238,4,367.59,2,3,2,232,At Risk
C17169,62,4,118.38,4,3,1,431,Hibernating Customers
C17170,34,8,369.45,5,5,3,553,Loyal Customers
C17171,132,2,140.74,3,1,1,311,Hibernating Customers
C17172,47,3,434.69,4,2,3,423,New Customers
C17173,34,6,4532.23,5,5,5,555,Champions
C17174,164,3,218.6,2,2,2,222,Hibernating Customers
C17175,233,4,53.64,2,3,1,231,At Risk
C17176,124,5,383.61,3,4,3,343,Loyal Customers
C17177,139,7,810.02,3,5,4,354,Loyal Customers
C17178,727,1,11.15,1,1,1,111,Hibernating Customers
C17179,106,5,800.51,3,4,4,344,Loyal Customers
C17180,76,6,2955.59,4,5,5,455,Champions
C17181,146,6,1057.11,3,5,4,354,Loyal Customers
C17182,300,4,443.04,1,3,3,133,At Risk
C17183,76,4,672.57,4,3,4,434,Hibernating Customers
C17184,54,8,1209.26,4,5,5,455,Champions
C17185,75,3,386.52,4,2,3,423,New Customers
C17186,212,7,1442.96,2,5,5,255,At Risk
C17187,128,5,339.09,3,4,2,342,Loyal Customers
C17188,59,5,391.5,4,4,3,443,Loyal Customers
C17189,95,2,2112.84,3,1,5,315,Hibernating Customers
C17190,73,6,1795.05,4,5,5,455,Champions
C17191,332,3,238.72,1,2,2,122,Hibernating Customers
C17192,8,7,1187.93,5,5,5,555,Champions
C17193,116,5,669.14,3,4,4,344,Loyal Customers
C17194,49,5,1848.96,4,4,5,445,Champions
C17195,100,3,96.64,3,2,1,321,Hibernating Customers
C17196,190,5,1717.66,2,4,5,245,At Risk
C17197,111,10,2121.79,3,5,5,355,Loyal Customers
C17198,11,3,345.45,5,2,2,522,New Customers
C17199,415,2,159.39,1,1,1,111,Hibernating Customers
C17200,1,2,454.05,5,1,3,513,New Customers
C17201,562,1,56.74,1,1,1,111,Hibernating Customers
C17202,86,3,166.86,3,2,1,321,Hibernating Customers
C17203,406,2,559.6,1,1,3,113,Hibernating Customers
C17204,245,2,828.46,2,1,4,214,Hibernating Customers
C17205,62,5,281.72,4,4,2,442,Loyal Customers
C17206,136,10,2974.76,3,5,5,355,Loyal Customers
C17207,2,5,694,5,4,4,544,Champions
C17208,10,3,408.1,5,2,3,523,New Customers
C17209,194,4,921.97,2,3,4,234,At Risk
C17210,139,7,900.05,3,5,4,354,Loyal Customers
C17211,31,7,2218.66,5,5,5,555,Champions
C17212,616,1,23.18,1,1,1,111,Hibernating Customers
C17213,139,4,264.32,3,3,2,332,Hibernating Customers
C17214,112,4,228.66,3,3,2,332,Hibernating Customers
C17215,129,6,392.97,3,5,3,353,Loyal Customers
C17216,215,5,274.18,2,4,2,242,At Risk
C17217,644,1,42.63,1,1,1,111,Hibernating Customers
C17218,103,6,876.83,3,5,4,354,Loyal Customers
C17219,52,3,1217.95,4,2,5,425,New Customers
C17220,140,2,41.46,3,1,1,311,Hibernating Customers
C17221,185,1,17.92,2,1,1,211,Hibernating Customers
C17222,275,6,1182.41,1,5,5,155,At Risk
C17224,12,7,853.55,5,5,4,554,Champions
C17225,189,4,616.13,2,3,3,233,At Risk
C17226,250,7,349.62,2,5,2,252,At Risk
C17227,168,5,274.61,2,4,2,242,At Risk
C17228,28,1,96.06,5,1,1,511,New Customers
C17229,343,2,77.39,1,1,1,111,Hibernating Customers
C17230,223,5,510.35,2,4,3,243,At Risk
C17231,321,2,498.2,1,1,3,113,Hibernating Customers
C17232,21,7,1350.17,5,5,5,555,Champions
C17233,136,3,605.22,3,2,3,323,Hibernating Customers
C17234,273,5,994.53,1,4,4,144,At Risk
C17235,115,5,1807.23,3,4,5,345,Loyal Customers
C17236,27,7,232.5,5,5,2,552,Loyal Customers
C17237,3,5,694.53,5,4,4,544,Champions
C17238,94,2,368.01,3,1,2,312,Hibernating Customers
C17239,246,5,572.7,2,4,3,243,At Risk
C17240,12,9,2637.57,5,5,5,555,Champions
C17241,145,4,4206.82,3,3,5,335,Hibernating Customers
C17242,83,4,227.85,4,3,2,432,Hibernating Customers
C17243,88,4,785.38,3,3,4,334,Hibernating Customers
C17244,158,6,251.45,2,5,2,252,At Risk
C17245,38,8,516.66,4,5,3,453,Loyal Customers
C17246,105,7,880.92,3,5,4,354,Loyal Customers
C17247,25,6,236.68,5,5,2,552,Loyal Customers
C17248,275,5,1754.92,1,4,5,145,At Risk
C17249,510,3,725.72,1,2,4,124,Hibernating Customers
C17250,73,4,631.66,4,3,3,433,Hibernating Customers
C17251,103,3,59.14,3,2,1,321,Hibernating Customers
C17252,82,4,325.97,4,3,2,432,Hibernating Customers
C17253,443,3,660.81,1,2,4,124,Hibernating Customers
C17254,179,4,656.6,2,3,4,234,At Risk
C17255,28,5,94.32,5,4,1,541,Loyal Customers
C17256,13,9,980.91,5,5,4,554,Champions
C17257,17,9,580.96,5,5,3,553,Loyal Customers
C17258,59,4,834.17,4,3,4,434,Hibernating Customers
C17259,65,4,1369.54,4,3,5,435,Hibernating Customers
C17260,125,5,624.22,3,4,3,343,Loyal Customers
C17261,167,2,647.06,2,1,4,214,Hibernating Customers
C17262,132,4,571.58,3,3,3,333,Hibernating Customers
C17263,18,7,1775.32,5,5,5,555,Champions
C17264,68,6,596.76,4,5,3,453,Loyal Customers
C17265,145,7,960.7,3,5,4,354,Loyal Customers
C17266,24,5,2238.99,5,4,5,545,Champions
C17267,430,2,262.43,1,1,2,112,Hibernating Customers
C17268,183,3,118.94,2,2,1,221,Hibernating Customers
C17269,6,5,351.87,5,4,2,542,Loyal Customers
C17270,359,4,750.67,1,3,4,134,At Risk
C17271,137,5,739.03,3,4,4,344,Loyal Customers
C17272,70,4,645.5,4,3,3,433,Hibernating Customers
C17273,61,3,364.55,4,2,2,422,New Customers
C17274,141,3,673.59,3,2,4,324,Hibernating Customers
C17275,14,3,226.05,5,2,2,522,New Customers
C17276,170,4,314.04,2,3,2,232,At Risk
C17278,86,3,646.89,3,2,3,323,Hibernating Customers
C17279,242,6,1771.2,2,5,5,255,At Risk
C17280,81,9,902.79,4,5,4,454,Champions
C17281,148,3,59.66,3,2,1,321,Hibernating Customers
C17282,19,6,275.68,5,5,2,552,Loyal Customers
C17283,150,3,525.01,3,2,3,323,Hibernating Customers
C17284,576,3,610.7,1,2,3,123,Hibernating Customers
C17285,217,3,210.43,2,2,2,222,Hibernating Customers
C17286,292,4,148.74,1,3,1,131,At Risk
C17287,22,5,470.64,5,4,3,543,Loyal Customers
C17288,36,6,585.4,5,5,3,553,Loyal Customers
C17289,86,1,29.98,3,1,1,311,Hibernating Customers
C17290,81,2,19.2,4,1,1,411,New Customers
C17291,485,3,39.04,1,2,1,121,Hibernating Customers
C17292,385,3,3332.4,1,2,5,125,Hibernating Customers
C17293,616,1,142.45,1,1,1,111,Hibernating Customers
C17294,3,3,5240.04,5,2,5,525,New Customers
C17295,67,3,463.77,4,2,3,423,New Customers
C17296,73,3,475.7,4,2,3,423,New Customers
C17297,67,8,1002.17,4,5,4,454,Champions
C17298,311,3,639.34,1,2,3,123,Hibernating Customers
C17299,19,4,775.65,5,3,4,534,Hibernating Customers
C17300,186,6,536.78,2,5,3,253,At Risk
C17301,519,3,893.26,1,2,4,124,Hibernating Customers
C17302,622,1,1038.7,1,1,4,114,Hibernating Customers
C17303,573,1,30.68,1,1,1,111,Hibernating Customers
C17304,203,6,1682.21,2,5,5,255,At Risk
C17305,124,3,1948.71,3,2,5,325,Hibernating Customers
C17306,304,1,27.43,1,1,1,111,Hibernating Customers
C17307,12,3,927.18,5,2,4,524,New Customers
C17308,55,2,1211.26,4,1,5,415,New Customers
C17309,14,4,338.32,5,3,2,532,Hibernating Customers
C17310,9,9,851.06,5,5,4,554,Champions
C17311,306,6,1061.31,1,5,4,154,At Risk
C17312,73,7,609.98,4,5,3,453,Loyal Customers
C17313,21,8,424.79,5,5,3,553,Loyal Customers
C17314,107,6,2033.3,3,5,5,355,Loyal Customers
C17315,326,4,1395.3,1,3,5,135,At Risk
C17316,65,2,80.95,4,1,1,411,New Customers
C17318,149,2,161.02,3,1,1,311,Hibernating Customers
C17319,135,5,2932.97,3,4,5,345,Loyal Customers
C17320,330,6,915.26,1,5,4,154,At Risk
C17321,66,6,439.66,4,5,3,453,Loyal Customers
C17322,218,6,841.64,2,5,4,254,At Risk
C17323,61,7,2406.46,4,5,5,455,Champions
C17324,84,2,258.78,4,1,2,412,New Customers
C17325,132,6,405.36,3,5,3,353,Loyal Customers
C17326,53,3,1245.91,4,2,5,425,New Customers
C17327,94,3,151.18,3,2,1,321,Hibernating Customers
C17328,52,3,888.41,4,2,4,424,New Customers
C17329,7,5,1193.16,5,4,5,545,Champions
C17330,190,4,490.83,2,3,3,233,At Risk
C17331,79,7,408.21,4,5,3,453,Loyal Customers
C17332,30,5,1294.91,5,4,5,545,Champions
C17333,98,6,1004.51,3,5,4,354,Loyal Customers
C17334,72,4,67.91,4,3,1,431,Hibernating Customers
C17335,479,1,189.29,1,1,2,112,Hibernating Customers
C17336,90,4,728.7,3,3,4,334,Hibernating Customers
C17337,201,3,3292.49,2,2,5,225,Hibernating Customers
C17338,76,2,52.88,4,1,1,411,New Customers
C17339,152,3,663.85,2,2,4,224,Hibernating Customers
C17340,302,3,210.35,1,2,2,122,Hibernating Customers
C17341,330,1,4.98,1,1,1,111,Hibernating Customers
C17342,80,10,1361.37,4,5,5,455,Champions
C17343,66,6,543.67,4,5,3,453,Loyal Customers
C17344,137,3,83.94,3,2,1,321,Hibernating Customers
C17345,16,8,2148.42,5,5,5,555,Champions
C17346,326,2,223.7,1,1,2,112,Hibernating Customers
C17347,58,9,1002.71,4,5,4,454,Champions
C17348,39,2,53.75,4,1,1,411,New Customers
C17349,99,4,1962.56,3,3,5,335,Hibernating Customers
C17350,3,4,1412.11,5,3,5,535,Hibernating Customers
C17351,67,4,1008.29,4,3,4,434,Hibernating Customers
C17352,231,4,559.58,2,3,3,233,At Risk
C17353,30,4,121.96,5,3,1,531,Hibernating Customers
C17354,320,4,564.85,1,3,3,133,At Risk
C17355,446,1,15.48,1,1,1,111,Hibernating Customers
C17356,65,3,593.35,4,2,3,423,New Customers
C17357,237,4,365.42,2,3,2,232,At Risk
C17358,124,3,198.47,3,2,2,322,Hibernating Customers
C17359,130,3,75.78,3,2,1,321,Hibernating Customers
C17360,55,4,831.99,4,3,4,434,Hibernating Customers
C17361,102,4,244,3,3,2,332,Hibernating Customers
C17362,25,5,939.72,5,4,4,544,Champions
C17363,37,1,101.43,4,1,1,411,New Customers
C17364,470,2,1482.61,1,1,5,115,Hibernating Customers
C17365,5,3,185.6,5,2,2,522,New Customers
C17366,60,4,252.18,4,3,2,432,Hibernating Customers
C17367,249,2,148.45,2,1,1,211,Hibernating Customers
C17368,17,10,2162.82,5,5,5,555,Champions
C17369,172,5,477.29,2,4,3,243,At Risk
C17370,23,8,637.72,5,5,3,553,Loyal Customers
C17371,4,8,873.1,5,5,4,554,Champions
C17372,122,3,223.75,3,2,2,322,Hibernating Customers
C17373,289,4,84.51,1,3,1,131,At Risk
C17374,152,5,433.82,2,4,3,243,At Risk
C17375,597,1,34.73,1,1,1,111,Hibernating Customers
C17376,13,6,381.37,5,5,3,553,Loyal Customers
C17377,252,3,2290.38,2,2,5,225,Hibernating Customers
C17378,93,8,3264.74,3,5,5,355,Loyal Customers
C17379,141,6,1357.13,3,5,5,355,Loyal Customers
C17380,106,4,731.54,3,3,4,334,Hibernating Customers
C17381,149,8,4342.8,3,5,5,355,Loyal Customers
C17382,44,6,1032.3,4,5,4,454,Champions
C17383,148,2,828.33,3,1,4,314,Hibernating Customers
C17384,367,3,28.29,1,2,1,121,Hibernating Customers
C17385,177,9,2175.31,2,5,5,255,At Risk
C17386,119,2,344.91,3,1,2,312,Hibernating Customers
C17387,221,3,423.57,2,2,3,223,Hibernating Customers
C17388,168,6,733.59,2,5,4,254,At Risk
C17389,162,5,1222.73,2,4,5,245,At Risk
C17390,125,5,1079.92,3,4,4,344,Loyal Customers
C17391,67,4,642.59,4,3,3,433,Hibernating Customers
C17392,50,10,657.73,4,5,4,454,Champions
C17393,144,6,814.67,3,5,4,354,Loyal Customers
C17394,9,8,1061.96,5,5,4,554,Champions
C17395,192,6,742.93,2,5,4,254,At Risk
C17396,85,6,911.16,3,5,4,354,Loyal Customers
C17397,49,5,377.4,4,4,3,443,Loyal Customers
C17398,136,5,148.3,3,4,1,341,Loyal Customers
C17399,146,7,1335.94,3,5,5,355,Loyal Customers
C17400,87,7,341.17,3,5,2,352,Loyal Customers
C17401,342,4,394.56,1,3,3,133,At Risk
C17402,35,3,342.95,5,2,2,522,New Customers
C17403,487,1,461.94,1,1,3,113,Hibernating Customers
C17404,38,7,1104.28,4,5,4,454,Champions
C17405,12,2,246.82,5,1,2,512,New Customers
C17406,290,3,281.78,1,2,2,122,Hibernating Customers
C17407,193,7,306.56,2,5,2,252,At Risk
C17408,74,9,1139.88,4,5,5,455,Champions
C17409,158,3,1045.84,2,2,4,224,Hibernating Customers
C17410,88,3,1836.33,3,2,5,325,Hibernating Customers
C17411,251,4,215.48,2,3,2,232,At Risk
C17412,178,2,193.33,2,1,2,212,Hibernating Customers
C17413,56,9,840.2,4,5,4,454,Champions
C17414,294,1,242.14,1,1,2,112,Hibernating Customers
C17415,205,2,136.54,2,1,1,211,Hibernating Customers
C17416,194,6,231.98,2,5,2,252,At Risk
C17418,426,3,498.83,1,2,3,123,Hibernating Customers
C17419,10,6,555.06,5,5,3,553,Loyal Customers
C17420,25,6,654.96,5,5,4,554,Champions
C17421,104,4,169.8,3,3,1,331,Hibernating Customers
C17422,403,5,677.12,1,4,4,144,At Risk
C17423,156,4,390.94,2,3,3,233,At Risk
C17424,467,2,278.14,1,1,2,112,Hibernating Customers
C17425,17,5,720.19,5,4,4,544,Champions
C17426,133,5,417.19,3,4,3,343,Loyal Customers
C17427,10,5,2204.85,5,4,5,545,Champions
C17428,87,6,1153.18,3,5,5,355,Loyal Customers
C17429,144,4,406.14,3,3,3,333,Hibernating Customers
C17430,354,6,548.56,1,5,3,153,At Risk
C17431,44,4,428.85,4,3,3,433,Hibernating Customers
C17432,63,7,2507.56,4,5,5,455,Champions
C17433,212,6,226.77,2,5,2,252,At Risk
C17434,42,3,404.26,4,2,3,423,New Customers
C17435,98,6,550.6,3,5,3,353,Loyal Customers
C17436,43,6,1317.99,4,5,5,455,Champions
C17437,381,7,150.9,1,5,1,151,At Risk
C17438,48,2,73.63,4,1,1,411,New Customers
C17439,116,2,309.42,3,1,2,312,Hibernating Customers
C17440,79,6,4137.86,4,5,5,455,Champions
C17441,322,2,158.89,1,1,1,111,Hibernating Customers
C17442,40,5,469.82,4,4,3,443,Loyal Customers
C17443,54,7,421.52,4,5,3,453,Loyal Customers
C17444,235,5,301.23,2,4,2,242,At Risk
C17445,50,6,1678.71,4,5,5,455,Champions
C17446,28,9,1031.33,5,5,4,554,Champions
C17447,234,4,301.15,2,3,2,232,At Risk
C17448,493,3,33.54,1,2,1,121,Hibernating Customers
C17449,17,5,637.18,5,4,3,543,Loyal Customers
C17450,5,8,2688.44,5,5,5,555,Champions
C17451,139,2,881.39,3,1,4,314,Hibernating Customers
C17452,97,2,337.56,3,1,2,312,Hibernating Customers
C17453,131,3,156.62,3,2,1,321,Hibernating Customers
C17454,125,4,78.1,3,3,1,331,Hibernating Customers
C17455,49,5,431.72,4,4,3,443,Loyal Customers
C17456,23,3,449.62,5,2,3,523,New Customers
C17457,46,2,9.37,4,1,1,411,New Customers
C17458,461,2,74.92,1,1,1,111,Hibernating Customers
C17459,84,4,274.39,4,3,2,432,Hibernating Customers
C17460,488,2,1136.71,1,1,5,115,Hibernating Customers
C17461,191,4,1285.22,2,3,5,235,At Risk
C17462,82,3,1962.99,4,2,5,425,New Customers
C17463,265,2,180.07,2,1,2,212,Hibernating Customers
C17464,48,5,263.91,4,4,2,442,Loyal Customers
C17465,126,5,1123.26,3,4,4,344,Loyal Customers
C17466,92,5,1017.99,3,4,4,344,Loyal Customers
C17467,34,3,178.61,5,2,2,522,New Customers
C17468,67,4,1832.43,4,3,5,435,Hibernating Customers
C17469,148,3,124.02,3,2,1,321,Hibernating Customers
C17470,151,6,2910.84,3,5,5,355,Loyal Customers
C17471,45,6,423.46,4,5,3,453,Loyal Customers
C17472,130,3,469.12,3,2,3,323,Hibernating Customers
C17473,18,4,244.11,5,3,2,532,Hibernating Customers
C17474,425,2,1654.82,1,1,5,115,Hibernating Customers
C17475,61,3,362.04,4,2,2,422,New Customers
C17476,54,8,1715.04,4,5,5,455,Champions
C17477,47,4,846.94,4,3,4,434,Hibernating Customers
C17478,29,5,2768.26,5,4,5,545,Champions
C17479,383,3,392.23,1,2,3,123,Hibernating Customers
C17480,225,4,243.53,2,3,2,232,At Risk
C17481,562,1,323.32,1,1,2,112,Hibernating Customers
C17482,169,5,1885.05,2,4,5,245,At Risk
C17483,18,6,684.25,5,5,4,554,Champions
C17484,130,3,113.03,3,2,1,321,Hibernating Customers
C17485,109,7,289.29,3,5,2,352,Loyal Customers
C17486,110,3,245.38,3,2,2,322,Hibernating Customers
C17487,235,6,197.47,2,5,2,252,At Risk
C17488,564,1,56.07,1,1,1,111,Hibernating Customers
C17489,307,3,62.13,1,2,1,121,Hibernating Customers
C17490,55,5,697.07,4,4,4,444,Champions
C17491,8,3,349.85,5,2,2,522,New Customers
C17492,271,1,468.72,1,1,3,113,Hibernating Customers
C17493,19,6,1011.21,5,5,4,554,Champions
C17494,168,5,1413.9,2,4,5,245,At Risk
C17495,11,2,304.79,5,1,2,512,New Customers
C17496,1,4,213.66,5,3,2,532,Hibernating Customers
C17497,215,3,146.9,2,2,1,221,Hibernating Customers
C17498,151,4,587.09,3,3,3,333,Hibernating Customers
C17499,349,1,28.83,1,1,1,111,Hibernating Customers
C17500,287,4,685.41,1,3,4,134,At Risk
C17501,175,4,216.37,2,3,2,232,At Risk
C17502,346,1,239.51,1,1,2,112,Hibernating Customers
C17503,570,1,56.41,1,1,1,111,Hibernating Customers
C17504,13,10,1478.45,5,5,5,555,Champions
C17505,180,2,487.3,2,1,3,213,Hibernating Customers
C17506,182,5,569.47,2,4,3,243,At Risk
C17507,167,5,323.31,2,4,2,242,At Risk
C17508,99,4,852.73,3,3,4,334,Hibernating Customers
C17509,89,9,588.27,3,5,3,353,Loyal Customers
C17510,116,5,206.83,3,4,2,342,Loyal Customers
C17511,403,2,193.73,1,1,2,112,Hibernating Customers
C17512,119,7,5519.56,3,5,5,355,Loyal Customers
C17513,200,5,853.08,2,4,4,244,At Risk
C17514,294,2,304.17,1,1,2,112,Hibernating Customers
C17515,78,2,272.85,4,1,2,412,New Customers
C17516,139,6,542.36,3,5,3,353,Loyal Customers
C17517,78,4,705.94,4,3,4,434,Hibernating Customers
C17518,193,5,116.11,2,4,1,241,At Risk
C17519,7,6,441.77,5,5,3,553,Loyal Customers
C17520,410,2,237.86,1,1,2,112,Hibernating Customers
C17521,61,4,129.08,4,3,1,431,Hibernating Customers
C17522,293,2,1065.47,1,1,4,114,Hibernating Customers
C17523,21,5,1157.46,5,4,5,545,Champions
C17524,101,3,583.02,3,2,3,323,Hibernating Customers
C17525,7,3,301.61,5,2,2,522,New Customers
C17526,150,4,168.87,3,3,1,331,Hibernating Customers
C17527,70,7,684.1,4,5,4,454,Champions
C17528,55,2,236.06,4,1,2,412,New Customers
C17529,30,7,1546.96,5,5,5,555,Champions
C17530,245,3,345.05,2,2,2,222,Hibernating Customers
C17531,74,7,810.66,4,5,4,454,Champions
C17532,27,3,1308.59,5,2,5,525,New Customers
C17533,43,3,98.01,4,2,1,421,New Customers
C17534,106,1,12.33,3,1,1,311,Hibernating Customers
C17535,331,1,49.26,1,1,1,111,Hibernating Customers
C17536,71,3,670.98,4,2,4,424,New Customers
C17537,236,6,4765.48,2,5,5,255,At Risk
C17538,100,4,590.57,3,3,3,333,Hibernating Customers
C17539,501,1,112.88,1,1,1,111,Hibernating Customers
C17540,36,5,1131.78,5,4,4,544,Champions
C17541,45,7,1319.43,4,5,5,455,Champions
C17542,150,2,457.79,3,1,3,313,Hibernating Customers
C17543,11,10,2613.04,5,5,5,555,Champions
C17544,49,5,478.46,4,4,3,443,Loyal Customers
C17545,90,6,550.61,3,5,3,353,Loyal Customers
C17546,89,7,867.82,3,5,4,354,Loyal Customers
C17547,101,4,160.9,3,3,1,331,Hibernating Customers
C17548,169,9,1611.36,2,5,5,255,At Risk
C17549,43,9,452.61,4,5,3,453,Loyal Customers
C17550,51,4,162.49,4,3,1,431,Hibernating Customers
C17551,74,5,4360.92,4,4,5,445,Champions
C17552,419,1,36.68,1,1,1,111,Hibernating Customers
C17553,306,2,69.42,1,1,1,111,Hibernating Customers
C17554,382,2,445.52,1,1,3,113,Hibernating Customers
C17555,431,2,289.18,1,1,2,112,Hibernating Customers
C17556,195,7,1599.96,2,5,5,255,At Risk
C17557,57,7,390.63,4,5,3,453,Loyal Customers
C17559,29,3,395.91,5,2,3,523,New Customers
C17560,104,3,317.21,3,2,2,322,Hibernating Customers
C17561,30,4,129.34,5,3,1,531,Hibernating Customers
C17562,100,4,670.6,3,3,4,334,Hibernating Customers
C17563,465,1,192.54,1,1,2,112,Hibernating Customers
C17564,81,5,889.13,4,4,4,444,Champions
C17565,300,2,76.75,1,1,1,111,Hibernating Customers
C17566,146,4,541.46,3,3,3,333,Hibernating Customers
C17567,15,2,169.16,5,1,1,511,New Customers
C17568,38,5,1047.99,4,4,4,444,Champions
C17569,7,5,735.29,5,4,4,544,Champions
C17570,163,5,487.42,2,4,3,243,At Risk
C17571,309,2,261.12,1,1,2,112,Hibernating Customers
C17572,57,5,852.13,4,4,4,444,Champions
C17573,192,3,122.42,2,2,1,221,Hibernating Customers
C17574,32,6,408.08,5,5,3,553,Loyal Customers
C17575,53,4,1119.35,4,3,4,434,Hibernating Customers
C17576,19,7,3412.12,5,5,5,555,Champions
C17577,507,1,47.79,1,1,1,111,Hibernating Customers
C17578,55,3,716.65,4,2,4,424,New Customers
C17579,342,3,122.64,1,2,1,121,Hibernating Customers
C17580,332,1,151.58,1,1,1,111,Hibernating Customers
C17581,72,6,1063.07,4,5,4,454,Champions
C17582,90,5,1974.72,3,4,5,345,Loyal Customers
C17583,253,6,316.08,2,5,2,252,At Risk
C17584,82,6,1804.83,4,5,5,455,Champions
C17585,254,5,597.94,2,4,3,243,At Risk
C17586,107,7,500.12,3,5,3,353,Loyal Customers
C17587,91,4,192.44,3,3,2,332,Hibernating Customers
C17588,540,1,18.86,1,1,1,111,Hibernating Customers
C17589,173,3,1407.14,2,2,5,225,Hibernating Customers
C17590,527,4,498.13,1,3,3,133,At Risk
C17591,8,2,68.83,5,1,1,511,New Customers
C17592,49,3,79,4,2,1,421,New Customers
C17593,51,3,485.59,4,2,3,423,New Customers
C17594,156,3,431.42,2,2,3,223,Hibernating Customers
C17595,74,12,1592.84,4,5,5,455,Champions
C17596,208,4,324.85,2,3,2,232,At Risk
C17597,98,2,106.72,3,1,1,311,Hibernating Customers
C17598,169,5,338.89,2,4,2,242,At Risk
C17599,98,5,274.35,3,4,2,342,Loyal Customers
C17600,200,2,261.8,2,1,2,212,Hibernating Customers
C17601,123,4,511.47,3,3,3,333,Hibernating Customers
C17602,140,3,158.16,3,2,1,321,Hibernating Customers
C17603,4,6,272.67,5,5,2,552,Loyal Customers
C17604,167,6,781.79,2,5,4,254,At Risk
C17605,569,5,518.89,1,4,3,143,At Risk
C17606,1,3,1855.37,5,2,5,525,New Customers
C17607,204,6,544.1,2,5,3,253,At Risk
C17608,128,5,421.44,3,4,3,343,Loyal Customers
C17609,92,1,380.13,3,1,3,313,Hibernating Customers
C17610,324,4,192.08,1,3,2,132,At Risk
C17611,196,3,1314,2,2,5,225,Hibernating Customers
C17612,79,6,2535.75,4,5,5,455,Champions
C17613,494,1,153.7,1,1,1,111,Hibernating Customers
C17614,190,5,772.27,2,4,4,244,At Risk
C17615,414,3,170.91,1,2,1,121,Hibernating Customers
C17616,31,5,784.01,5,4,4,544,Champions
C17617,34,3,385.51,5,2,3,523,New Customers
C17618,187,4,474.18,2,3,3,233,At Risk
C17619,17,7,568.84,5,5,3,553,Loyal Customers
C17620,33,3,464.66,5,2,3,523,New Customers
C17621,109,4,229.78,3,3,2,332,Hibernating Customers
C17622,289,3,1392.36,1,2,5,125,Hibernating Customers
C17623,91,4,185.69,3,3,2,332,Hibernating Customers
C17624,194,3,39.28,2,2,1,221,Hibernating Customers
C17625,335,4,273.37,1,3,2,132,At Risk
C17626,313,4,162.53,1,3,1,131,At Risk
C17627,541,3,308.94,1,2,2,122,Hibernating Customers
C17628,619,1,51.11,1,1,1,111,Hibernating Customers
C17629,96,6,1296.23,3,5,5,355,Loyal Customers
C17630,221,8,484.78,2,5,3,253,At Risk
C17631,9,5,370.77,5,4,3,543,Loyal Customers
C17632,22,4,230.69,5,3,2,532,Hibernating Customers
C17633,165,4,611.76,2,3,3,233,At Risk
C17634,56,6,2256.84,4,5,5,455,Champions
C17635,489,4,516.35,1,3,3,133,At Risk
C17636,136,6,1002.84,3,5,4,354,Loyal Customers
C17637,30,4,72.77,5,3,1,531,Hibernating Customers
C17638,44,5,972.36,4,4,4,444,Champions
C17639,26,3,724.3,5,2,4,524,New Customers
C17640,667,1,84.83,1,1,1,111,Hibernating Customers
C17641,27,11,921.63,5,5,4,554,Champions
C17642,148,3,919.87,3,2,4,324,Hibernating Customers
C17643,51,8,1530.51,4,5,5,455,Champions
C17644,5,6,1115.97,5,5,4,554,Champions
C17645,479,3,267.39,1,2,2,122,Hibernating Customers
C17646,324,3,1733.06,1,2,5,125,Hibernating Customers
C17647,66,4,515.42,4,3,3,433,Hibernating Customers
C17648,54,3,441.87,4,2,3,423,New Customers
C17649,65,4,1146.12,4,3,5,435,Hibernating Customers
C17650,168,3,335.19,2,2,2,222,Hibernating Customers
C17651,377,3,4117.73,1,2,5,125,Hibernating Customers
C17652,96,3,56.24,3,2,1,321,Hibernating Customers
C17653,212,4,652.52,2,3,4,234,At Risk
C17654,12,4,216.07,5,3,2,532,Hibernating Customers
C17655,52,4,287.74,4,3,2,432,Hibernating Customers
C17656,16,4,479.33,5,3,3,533,Hibernating Customers
C17657,73,6,137.65,4,5,1,451,Loyal Customers
C17658,244,4,291.01,2,3,2,232,At Risk
C17659,185,2,73.46,2,1,1,211,Hibernating Customers
C17660,67,6,1145.88,4,5,5,455,Champions
C17661,333,4,180.25,1,3,2,132,At Risk
C17662,298,3,479.9,1,2,3,123,Hibernating Customers
C17663,205,5,432.9,2,4,3,243,At Risk
C17664,332,3,295.76,1,2,2,122,Hibernating Customers
C17665,446,2,224.12,1,1,2,112,Hibernating Customers
C17666,8,4,381.86,5,3,3,533,Hibernating Customers
C17667,85,4,1497.29,3,3,5,335,Hibernating Customers
C17668,230,4,406.57,2,3,3,233,At Risk
C17669,211,8,994.69,2,5,4,254,At Risk
C17670,83,5,868.7,4,4,4,444,Champions
C17671,138,3,698.99,3,2,4,324,Hibernating Customers
C17672,20,1,95.61,5,1,1,511,New Customers
C17673,272,2,193.13,1,1,2,112,Hibernating Customers
C17674,23,7,4688.56,5,5,5,555,Champions
C17675,279,5,284.77,1,4,2,142,At Risk
C17676,7,5,261.44,5,4,2,542,Loyal Customers
C17677,17,2,121.22,5,1,1,511,New Customers
C17678,22,6,2189.4,5,5,5,555,Champions
C17679,148,5,457.3,3,4,3,343,Loyal Customers
C17680,23,7,1078.54,5,5,4,554,Champions
C17681,216,2,128.72,2,1,1,211,Hibernating Customers
C17682,578,1,248.26,1,1,2,112,Hibernating Customers
C17683,110,4,148.93,3,3,1,331,Hibernating Customers
C17684,403,2,76.07,1,1,1,111,Hibernating Customers
C17685,385,2,155.54,1,1,1,111,Hibernating Customers
C17686,19,7,448.79,5,5,3,553,Loyal Customers
C17687,165,6,367.43,2,5,2,252,At Risk
C17688,81,6,1720.1,4,5,5,455,Champions
C17689,82,6,920.96,4,5,4,454,Champions
C17690,86,7,213.62,3,5,2,352,Loyal Customers
C17691,343,8,882.66,1,5,4,154,At Risk
C17692,284,2,342.51,1,1,2,112,Hibernating Customers
C17693,189,6,656.73,2,5,4,254,At Risk
C17694,218,5,287.5,2,4,2,242,At Risk
C17695,353,4,84.95,1,3,1,131,At Risk
C17696,211,3,90.01,2,2,1,221,Hibernating Customers
C17697,4,6,416.99,5,5,3,553,Loyal Customers
C17698,376,3,398.32,1,2,3,123,Hibernating Customers
C17699,88,7,374.11,3,5,3,353,Loyal Customers
C17700,200,3,90.66,2,2,1,221,Hibernating Customers
C17701,172,6,1496.54,2,5,5,255,At Risk
C17702,129,3,598.6,3,2,3,323,Hibernating Customers
C17703,211,2,297.26,2,1,2,212,Hibernating Customers
C17704,68,8,1860.85,4,5,5,455,Champions
C17705,181,7,2650.72,2,5,5,255,At Risk
C17706,301,4,261.37,1,3,2,132,At Risk
C17707,69,5,201.46,4,4,2,442,Loyal Customers
C17708,70,3,544.58,4,2,3,423,New Customers
C17709,233,4,398.3,2,3,3,233,At Risk
C17710,73,7,695.83,4,5,4,454,Champions
C17711,191,5,460.28,2,4,3,243,At Risk
C17712,580,2,145.59,1,1,1,111,Hibernating Customers
C17713,483,3,1007.07,1,2,4,124,Hibernating Customers
C17714,62,6,925.05,4,5,4,454,Champions
C17715,427,6,1426.92,1,5,5,155,At Risk
C17716,129,3,166.39,3,2,1,321,Hibernating Customers
C17717,11,6,507.23,5,5,3,553,Loyal Customers
C17718,124,4,98.63,3,3,1,331,Hibernating Customers
C17719,69,4,871.76,4,3,4,434,Hibernating Customers
C17720,320,3,254.48,1,2,2,122,Hibernating Customers
C17721,87,4,559.58,3,3,3,333,Hibernating Customers
C17722,182,3,777.36,2,2,4,224,Hibernating Customers
C17723,63,6,960.69,4,5,4,454,Champions
C17724,151,2,282.55,3,1,2,312,Hibernating Customers
C17725,248,2,1629.47,2,1,5,215,Hibernating Customers
C17726,480,3,723.19,1,2,4,124,Hibernating Customers
C17727,386,7,579.78,1,5,3,153,At Risk
C17728,73,6,328.01,4,5,2,452,Loyal Customers
C17729,302,6,327.57,1,5,2,152,At Risk
C17730,28,5,428.43,5,4,3,543,Loyal Customers
C17731,353,3,258.3,1,2,2,122,Hibernating Customers
C17732,351,5,822.11,1,4,4,144,At Risk
C17733,19,7,889.14,5,5,4,554,Champions
C17734,62,7,1549.47,4,5,5,455,Champions
C17735,119,7,942.6,3,5,4,354,Loyal Customers
C17736,150,5,3830.5,3,4,5,345,Loyal Customers
C17737,11,6,890.04,5,5,4,554,Champions
C17738,94,6,176.94,3,5,2,352,Loyal Customers
C17739,16,3,434.29,5,2,3,523,New Customers
C17740,15,7,1172.14,5,5,5,555,Champions
C17741,123,6,2375.92,3,5,5,355,Loyal Customers
C17742,379,5,736.32,1,4,4,144,At Risk
C17743,32,6,1725.19,5,5,5,555,Champions
C17744,93,4,1045.12,3,3,4,334,Hibernating Customers
C17746,84,5,595.74,4,4,3,443,Loyal Customers
C17747,129,2,9.47,3,1,1,311,Hibernating Customers
C17748,214,4,445.82,2,3,3,233,At Risk
C17749,8,8,343.77,5,5,2,552,Loyal Customers
C17750,6,9,866.97,5,5,4,554,Champions
C17751,62,3,715,4,2,4,424,New Customers
C17752,155,3,314.29,2,2,2,222,Hibernating Customers
C17753,16,3,241.66,5,2,2,522,New Customers
C17754,61,5,641.19,4,4,3,443,Loyal Customers
C17755,52,1,68.85,4,1,1,411,New Customers
C17756,6,6,1509.71,5,5,5,555,Champions
C17757,100,3,390.11,3,2,3,323,Hibernating Customers
C17758,2,6,1138.52,5,5,5,555,Champions
C17759,29,3,293.77,5,2,2,522,New Customers
C17760,218,3,308.43,2,2,2,222,Hibernating Customers
C17761,252,1,578.58,2,1,3,213,Hibernating Customers
C17762,136,5,1897.12,3,4,5,345,Loyal Customers
C17763,43,4,64.05,4,3,1,431,Hibernating Customers
C17764,372,3,176.78,1,2,2,122,Hibernating Customers
C17765,78,5,299.38,4,4,2,442,Loyal Customers
C17766,190,5,745.14,2,4,4,244,At Risk
C17767,427,3,2231.56,1,2,5,125,Hibernating Customers
C17768,97,5,879.76,3,4,4,344,Loyal Customers
C17769,34,6,722.19,5,5,4,554,Champions
C17770,170,5,503.01,2,4,3,243,At Risk
C17771,10,6,653.25,5,5,4,554,Champions
C17772,408,3,354.24,1,2,2,122,Hibernating Customers
C17773,122,5,741.56,3,4,4,344,Loyal Customers
C17774,366,3,95.46,1,2,1,121,Hibernating Customers
C17775,414,1,1122.08,1,1,4,114,Hibernating Customers
C17776,18,6,658.47,5,5,4,554,Champions
C17777,111,9,1299.39,3,5,5,355,Loyal Customers
C17778,2,5,567.85,5,4,3,543,Loyal Customers
C17779,655,1,47.36,1,1,1,111,Hibernating Customers
C17780,178,3,232.06,2,2,2,222,Hibernating Customers
C17781,31,4,883.84,5,3,4,534,Hibernating Customers
C17782,167,3,129.09,2,2,1,221,Hibernating Customers
C17783,246,3,288.85,2,2,2,222,Hibernating Customers
C17784,106,5,330.75,3,4,2,342,Loyal Customers
C17785,79,4,644.09,4,3,3,433,Hibernating Customers
C17786,397,3,169.42,1,2,1,121,Hibernating Customers
C17787,232,7,375.67,2,5,3,253,At Risk
C17788,171,2,131.01,2,1,1,211,Hibernating Customers
C17789,269,5,311,1,4,2,142,At Risk
C17790,110,6,421.37,3,5,3,353,Loyal Customers
C17791,285,2,1523.87,1,1,5,115,Hibernating Customers
C17792,10,3,327.46,5,2,2,522,New Customers
C17793,27,2,117.05,5,1,1,511,New Customers
C17794,311,2,458.98,1,1,3,113,Hibernating Customers
C17795,123,7,845.11,3,5,4,354,Loyal Customers
C17796,322,5,143.48,1,4,1,141,At Risk
C17797,199,4,496.11,2,3,3,233,At Risk
C17798,76,6,719.62,4,5,4,454,Champions
C17799,90,5,2159.75,3,4,5,345,Loyal Customers
C17800,466,3,299.47,1,2,2,122,Hibernating Customers
C17801,528,2,90.09,1,1,1,111,Hibernating Customers
C17802,227,5,532.83,2,4,3,243,At Risk
C17803,90,5,793.76,3,4,4,344,Loyal Customers
C17804,73,8,625,4,5,3,453,Loyal Customers
C17805,27,7,1441.97,5,5,5,555,Champions
C17806,150,3,325.81,3,2,2,322,Hibernating Customers
C17807,232,5,5536.37,2,4,5,245,At Risk
C17808,645,1,258.74,1,1,2,112,Hibernating Customers
C17809,608,2,82.44,1,1,1,111,Hibernating Customers
C17810,63,5,974.39,4,4,4,444,Champions
C17811,381,2,209.61,1,1,2,112,Hibernating Customers
C17812,468,3,276.46,1,2,2,122,Hibernating Customers
C17813,37,7,1426.28,4,5,5,455,Champions
C17814,91,8,810.69,3,5,4,354,Loyal Customers
C17815,338,4,453.19,1,3,3,133,At Risk
C17816,16,4,489.8,5,3,3,533,Hibernating Customers
C17817,50,4,90.33,4,3,1,431,Hibernating Customers
C17818,47,4,904.89,4,3,4,434,Hibernating Customers
C17819,195,3,326.57,2,2,2,222,Hibernating Customers
C17820,30,6,953.31,5,5,4,554,Champions
C17821,221,3,344.39,2,2,2,222,Hibernating Customers
C17822,293,4,297.48,1,3,2,132,At Risk
C17823,294,5,584.79,1,4,3,143,At Risk
C17824,23,12,4439.45,5,5,5,555,Champions
C17825,16,8,427.87,5,5,3,553,Loyal Customers
C17826,4,6,265.2,5,5,2,552,Loyal Customers
C17827,61,3,516.88,4,2,3,423,New Customers
C17828,304,1,35.63,1,1,1,111,Hibernating Customers
C17829,110,4,355.77,3,3,2,332,Hibernating Customers
C17830,180,9,2769.86,2,5,5,255,At Risk
C17831,83,5,3844.04,4,4,5,445,Champions
C17832,13,5,665.49,5,4,4,544,Champions
C17833,118,8,558.58,3,5,3,353,Loyal Customers
C17834,509,1,217.46,1,1,2,112,Hibernating Customers
C17835,242,5,747.42,2,4,4,244,At Risk
C17836,223,5,2030.21,2,4,5,245,At Risk
C17837,32,7,1183.43,5,5,5,555,Champions
C17838,357,3,113.64,1,2,1,121,Hibernating Customers
C17840,60,2,341.22,4,1,2,412,New Customers
C17841,129,4,258.31,3,3,2,332,Hibernating Customers
C17842,6,4,826.43,5,3,4,534,Hibernating Customers
C17843,1,10,3793.27,5,5,5,555,Champions
C17844,185,1,389.45,2,1,3,213,Hibernating Customers
C17845,293,5,384,1,4,3,143,At Risk
C17846,93,7,1416.33,3,5,5,355,Loyal Customers
C17847,41,4,577.3,4,3,3,433,Hibernating Customers
C17848,50,5,349.12,4,4,2,442,Loyal Customers
C17849,75,5,1139.21,4,4,5,445,Champions
C17850,70,2,325.92,4,1,2,412,New Customers
C17851,95,6,1237.62,3,5,5,355,Loyal Customers
C17852,55,6,1998.82,4,5,5,455,Champions
C17853,302,3,283.39,1,2,2,122,Hibernating Customers
C17854,142,4,131.22,3,3,1,331,Hibernating Customers
C17855,2,5,936.18,5,4,4,544,Champions
C17856,318,4,1464.95,1,3,5,135,At Risk
C17857,378,4,643.5,1,3,3,133,At Risk
C17858,33,2,35.34,5,1,1,511,New Customers
C17859,125,3,3658.87,3,2,5,325,Hibernating Customers
C17860,104,6,436.6,3,5,3,353,Loyal Customers
C17861,180,5,288.7,2,4,2,242,At Risk
C17862,430,6,1199.65,1,5,5,155,At Risk
C17863,17,3,392.51,5,2,3,523,New Customers
C17864,217,5,330.54,2,4,2,242,At Risk
C17865,13,6,1502.04,5,5,5,555,Champions
C17866,105,5,2389.7,3,4,5,345,Loyal Customers
C17867,59,8,1549.82,4,5,5,455,Champions
C17868,276,7,236.19,1,5,2,152,At Risk
C17869,101,4,203.54,3,3,2,332,Hibernating Customers
C17870,28,4,1229.6,5,3,5,535,Hibernating Customers
C17871,114,5,1183.11,3,4,5,345,Loyal Customers
C17872,350,4,439.04,1,3,3,133,At Risk
C17873,68,4,106.22,4,3,1,431,Hibernating Customers
C17874,26,5,3247.85,5,4,5,545,Champions
C17875,59,4,187.22,4,3,2,432,Hibernating Customers
C17876,31,7,758.25,5,5,4,554,Champions
C17877,607,1,139,1,1,1,111,Hibernating Customers
C17878,224,4,1222.16,2,3,5,235,At Risk
C17879,19,2,69.72,5,1,1,511,New Customers
C17880,431,2,163.09,1,1,1,111,Hibernating Customers
C17881,164,3,183.35,2,2,2,222,Hibernating Customers
C17882,33,4,374.67,5,3,3,533,Hibernating Customers
C17883,184,3,239.05,2,2,2,222,Hibernating Customers
C17884,83,4,2219.4,4,3,5,435,Hibernating Customers
C17885,719,2,114.36,1,1,1,111,Hibernating Customers
C17886,315,2,48.7,1,1,1,111,Hibernating Customers
C17887,136,6,1199.12,3,5,5,355,Loyal Customers
C17888,42,4,111.91,4,3,1,431,Hibernating Customers
C17889,239,2,765.71,2,1,4,214,Hibernating Customers
C17890,55,8,1356.67,4,5,5,455,Champions
C17891,42,4,144.77,4,3,1,431,Hibernating Customers
C17892,6,6,535.92,5,5,3,553,Loyal Customers
C17893,645,1,11.03,1,1,1,111,Hibernating Customers
C17894,40,7,454.37,4,5,3,453,Loyal Customers
C17895,89,7,2376.43,3,5,5,355,Loyal Customers
C17896,43,2,23.68,4,1,1,411,New Customers
C17897,117,3,51.38,3,2,1,321,Hibernating Customers
C17898,103,2,614.01,3,1,3,313,Hibernating Customers
C17899,217,5,1697.79,2,4,5,245,At Risk
C17900,28,3,511.98,5,2,3,523,New Customers
C17901,86,4,108.96,3,3,1,331,Hibernating Customers
C17902,103,4,318.33,3,3,2,332,Hibernating Customers
C17903,192,5,682.93,2,4,4,244,At Risk
C17904,68,4,315.72,4,3,2,432,Hibernating Customers
C17905,81,5,617.51,4,4,3,443,Loyal Customers
C17906,244,6,1008.52,2,5,4,254,At Risk
C17907,153,3,182.94,2,2,2,222,Hibernating Customers
C17908,56,3,944.15,4,2,4,424,New Customers
C17909,307,4,162.66,1,3,1,131,At Risk
C17910,43,7,926.84,4,5,4,454,Champions
C17911,47,2,63.23,4,1,1,411,New Customers
C17912,171,1,21.94,2,1,1,211,Hibernating Customers
C17913,31,5,320.35,5,4,2,542,Loyal Customers
C17914,119,5,738.22,3,4,4,344,Loyal Customers
C17915,109,3,627.83,3,2,3,323,Hibernating Customers
C17916,78,3,216.82,4,2,2,422,New Customers
C17917,88,2,151.6,3,1,1,311,Hibernating Customers
C17918,207,3,79.09,2,2,1,221,Hibernating Customers
C17919,205,2,199.7,2,1,2,212,Hibernating Customers
C17920,45,4,195.07,4,3,2,432,Hibernating Customers
C17921,99,1,48.79,3,1,1,311,Hibernating Customers
C17922,392,1,13.31,1,1,1,111,Hibernating Customers
C17923,9,5,473.32,5,4,3,543,Loyal Customers
C17924,84,3,305.26,4,2,2,422,New Customers
C17925,102,6,1881.48,3,5,5,355,Loyal Customers
C17926,132,4,448.77,3,3,3,333,Hibernating Customers
C17927,51,6,1812.15,4,5,5,455,Champions
C17928,62,7,1380.27,4,5,5,455,Champions
C17929,85,4,173.11,3,3,1,331,Hibernating Customers
C17930,216,5,1058.2,2,4,4,244,At Risk
C17931,315,3,203.82,1,2,2,122,Hibernating Customers
C17933,89,7,812.75,3,5,4,354,Loyal Customers
C17934,288,3,111.84,1,2,1,121,Hibernating Customers
C17935,73,4,1004.49,4,3,4,434,Hibernating Customers
C17936,92,4,124.89,3,3,1,331,Hibernating Customers
C17937,335,3,1598.2,1,2,5,125,Hibernating Customers
C17938,139,6,860.59,3,5,4,354,Loyal Customers
C17939,74,8,433.52,4,5,3,453,Loyal Customers
C17940,343,1,19.95,1,1,1,111,Hibernating Customers
C17941,88,5,452.67,3,4,3,343,Loyal Customers
C17942,74,2,138.94,4,1,1,411,New Customers
C17943,155,3,147.56,2,2,1,221,Hibernating Customers
C17944,330,3,228.8,1,2,2,122,Hibernating Customers
C17945,168,4,292.21,2,3,2,232,At Risk
C17946,141,2,22.1,3,1,1,311,Hibernating Customers
C17947,96,2,69.41,3,1,1,311,Hibernating Customers
C17948,38,3,3460.12,4,2,5,425,New Customers
C17949,551,1,537.88,1,1,3,113,Hibernating Customers
C17950,16,7,945.85,5,5,4,554,Champions
C17951,32,7,1514.17,5,5,5,555,Champions
C17952,196,6,885.21,2,5,4,254,At Risk
C17953,39,4,1330.48,4,3,5,435,Hibernating Customers
C17954,159,5,962.27,2,4,4,244,At Risk
C17955,535,1,11.1,1,1,1,111,Hibernating Customers
C17956,1,5,500.01,5,4,3,543,Loyal Customers
C17957,345,5,665.8,1,4,4,144,At Risk
C17958,194,5,1498.71,2,4,5,245,At Risk
C17959,180,9,2439.56,2,5,5,255,At Risk
C17960,44,7,978.82,4,5,4,454,Champions
C17961,50,5,876.8,4,4,4,444,Champions
C17962,69,7,726.68,4,5,4,454,Champions
C17963,96,4,296.52,3,3,2,332,Hibernating Customers
C17964,300,3,503.06,1,2,3,123,Hibernating Customers
C17965,20,4,113.67,5,3,1,531,Hibernating Customers
C17966,142,8,2981.98,3,5,5,355,Loyal Customers
C17967,87,5,853.5,3,4,4,344,Loyal Customers
C17968,145,5,150.3,3,4,1,341,Loyal Customers
C17969,30,2,6.58,5,1,1,511,New Customers
C17970,174,6,6109.26,2,5,5,255,At Risk
C17971,342,7,663.26,1,5,4,154,At Risk
C17972,1,7,1700.24,5,5,5,555,Champions
C17973,60,8,623.22,4,5,3,453,Loyal Customers
C17974,187,1,64.94,2,1,1,211,Hibernating Customers
C17975,38,9,742.13,4,5,4,454,Champions
C17977,91,3,88.78,3,2,1,321,Hibernating Customers
C17978,1,3,269.15,5,2,2,522,New Customers
C17979,127,5,475.9,3,4,3,343,Loyal Customers
C17980,38,10,2398,4,5,5,455,Champions
C17981,143,3,1085.84,3,2,4,324,Hibernating Customers
C17982,172,5,596.65,2,4,3,243,At Risk
C17983,82,7,4141.5,4,5,5,455,Champions
C17984,351,5,264.79,1,4,2,142,At Risk
C17985,1,2,106.43,5,1,1,511,New Customers
C17986,182,3,139.48,2,2,1,221,Hibernating Customers
C17987,120,5,198.67,3,4,2,342,Loyal Customers
C17988,696,1,182.74,1,1,2,112,Hibernating Customers
C17989,84,5,1886.28,4,4,5,445,Champions
C17990,209,4,324.98,2,3,2,232,At Risk
C17991,206,3,384.15,2,2,3,223,Hibernating Customers
C17992,22,9,1590.82,5,5,5,555,Champions
C17993,357,2,221.71,1,1,2,112,Hibernating Customers
C17994,238,4,165.12,2,3,1,231,At Risk
C17995,209,2,699.48,2,1,4,214,Hibernating Customers
C17996,235,3,981.94,2,2,4,224,Hibernating Customers
C17997,283,4,787.04,1,3,4,134,At Risk
C17998,33,4,302.48,5,3,2,532,Hibernating Customers
C17999,66,4,2131.87,4,3,5,435,Hibernating Customers
